loan_id,Customer_ID,label,label_def,snapshot_date
CUS_0x1037_2023_01_01,CUS_0x1037,0,30dpd_6mob,2023-07-01
CUS_0x1069_2023_01_01,CUS_0x1069,0,30dpd_6mob,2023-07-01
CUS_0x114a_2023_01_01,CUS_0x114a,0,30dpd_6mob,2023-07-01
CUS_0x1184_2023_01_01,CUS_0x1184,0,30dpd_6mob,2023-07-01
CUS_0x1297_2023_01_01,CUS_0x1297,1,30dpd_6mob,2023-07-01
CUS_0x12fb_2023_01_01,CUS_0x12fb,0,30dpd_6mob,2023-07-01
CUS_0x1325_2023_01_01,CUS_0x1325,0,30dpd_6mob,2023-07-01
CUS_0x1341_2023_01_01,CUS_0x1341,0,30dpd_6mob,2023-07-01
CUS_0x1375_2023_01_01,CUS_0x1375,1,30dpd_6mob,2023-07-01
CUS_0x13a8_2023_01_01,CUS_0x13a8,0,30dpd_6mob,2023-07-01
CUS_0x13ef_2023_01_01,CUS_0x13ef,0,30dpd_6mob,2023-07-01
CUS_0x1440_2023_01_01,CUS_0x1440,0,30dpd_6mob,2023-07-01
CUS_0x1443_2023_01_01,CUS_0x1443,0,30dpd_6mob,2023-07-01
CUS_0x145a_2023_01_01,CUS_0x145a,0,30dpd_6mob,2023-07-01
CUS_0x1492_2023_01_01,CUS_0x1492,0,30dpd_6mob,2023-07-01
CUS_0x153d_2023_01_01,CUS_0x153d,0,30dpd_6mob,2023-07-01
CUS_0x1567_2023_01_01,CUS_0x1567,0,30dpd_6mob,2023-07-01
CUS_0x15ad_2023_01_01,CUS_0x15ad,1,30dpd_6mob,2023-07-01
CUS_0x1630_2023_01_01,CUS_0x1630,1,30dpd_6mob,2023-07-01
CUS_0x169c_2023_01_01,CUS_0x169c,0,30dpd_6mob,2023-07-01
CUS_0x169d_2023_01_01,CUS_0x169d,0,30dpd_6mob,2023-07-01
CUS_0x16f4_2023_01_01,CUS_0x16f4,0,30dpd_6mob,2023-07-01
CUS_0x1733_2023_01_01,CUS_0x1733,1,30dpd_6mob,2023-07-01
CUS_0x17c7_2023_01_01,CUS_0x17c7,0,30dpd_6mob,2023-07-01
CUS_0x181e_2023_01_01,CUS_0x181e,0,30dpd_6mob,2023-07-01
CUS_0x181f_2023_01_01,CUS_0x181f,1,30dpd_6mob,2023-07-01
CUS_0x182b_2023_01_01,CUS_0x182b,0,30dpd_6mob,2023-07-01
CUS_0x18c9_2023_01_01,CUS_0x18c9,1,30dpd_6mob,2023-07-01
CUS_0x190e_2023_01_01,CUS_0x190e,0,30dpd_6mob,2023-07-01
CUS_0x1920_2023_01_01,CUS_0x1920,0,30dpd_6mob,2023-07-01
CUS_0x1960_2023_01_01,CUS_0x1960,0,30dpd_6mob,2023-07-01
CUS_0x19ad_2023_01_01,CUS_0x19ad,0,30dpd_6mob,2023-07-01
CUS_0x19d1_2023_01_01,CUS_0x19d1,1,30dpd_6mob,2023-07-01
CUS_0x19e1_2023_01_01,CUS_0x19e1,0,30dpd_6mob,2023-07-01
CUS_0x1a9c_2023_01_01,CUS_0x1a9c,0,30dpd_6mob,2023-07-01
CUS_0x1ab3_2023_01_01,CUS_0x1ab3,0,30dpd_6mob,2023-07-01
CUS_0x1b42_2023_01_01,CUS_0x1b42,0,30dpd_6mob,2023-07-01
CUS_0x1b66_2023_01_01,CUS_0x1b66,0,30dpd_6mob,2023-07-01
CUS_0x1bc4_2023_01_01,CUS_0x1bc4,0,30dpd_6mob,2023-07-01
CUS_0x1c09_2023_01_01,CUS_0x1c09,0,30dpd_6mob,2023-07-01
CUS_0x1c39_2023_01_01,CUS_0x1c39,0,30dpd_6mob,2023-07-01
CUS_0x1c9c_2023_01_01,CUS_0x1c9c,1,30dpd_6mob,2023-07-01
CUS_0x1dcf_2023_01_01,CUS_0x1dcf,1,30dpd_6mob,2023-07-01
CUS_0x1ef5_2023_01_01,CUS_0x1ef5,0,30dpd_6mob,2023-07-01
CUS_0x1ff5_2023_01_01,CUS_0x1ff5,0,30dpd_6mob,2023-07-01
CUS_0x1ff7_2023_01_01,CUS_0x1ff7,0,30dpd_6mob,2023-07-01
CUS_0x205c_2023_01_01,CUS_0x205c,0,30dpd_6mob,2023-07-01
CUS_0x210f_2023_01_01,CUS_0x210f,0,30dpd_6mob,2023-07-01
CUS_0x21dc_2023_01_01,CUS_0x21dc,0,30dpd_6mob,2023-07-01
CUS_0x2274_2023_01_01,CUS_0x2274,0,30dpd_6mob,2023-07-01
CUS_0x2297_2023_01_01,CUS_0x2297,0,30dpd_6mob,2023-07-01
CUS_0x2375_2023_01_01,CUS_0x2375,0,30dpd_6mob,2023-07-01
CUS_0x24a8_2023_01_01,CUS_0x24a8,0,30dpd_6mob,2023-07-01
CUS_0x24c3_2023_01_01,CUS_0x24c3,0,30dpd_6mob,2023-07-01
CUS_0x24e1_2023_01_01,CUS_0x24e1,0,30dpd_6mob,2023-07-01
CUS_0x2513_2023_01_01,CUS_0x2513,0,30dpd_6mob,2023-07-01
CUS_0x2552_2023_01_01,CUS_0x2552,0,30dpd_6mob,2023-07-01
CUS_0x255d_2023_01_01,CUS_0x255d,0,30dpd_6mob,2023-07-01
CUS_0x2598_2023_01_01,CUS_0x2598,0,30dpd_6mob,2023-07-01
CUS_0x25cc_2023_01_01,CUS_0x25cc,0,30dpd_6mob,2023-07-01
CUS_0x26da_2023_01_01,CUS_0x26da,0,30dpd_6mob,2023-07-01
CUS_0x284a_2023_01_01,CUS_0x284a,0,30dpd_6mob,2023-07-01
CUS_0x289e_2023_01_01,CUS_0x289e,0,30dpd_6mob,2023-07-01
CUS_0x292d_2023_01_01,CUS_0x292d,0,30dpd_6mob,2023-07-01
CUS_0x29b1_2023_01_01,CUS_0x29b1,1,30dpd_6mob,2023-07-01
CUS_0x2a55_2023_01_01,CUS_0x2a55,1,30dpd_6mob,2023-07-01
CUS_0x2a7d_2023_01_01,CUS_0x2a7d,0,30dpd_6mob,2023-07-01
CUS_0x2abc_2023_01_01,CUS_0x2abc,0,30dpd_6mob,2023-07-01
CUS_0x2ad2_2023_01_01,CUS_0x2ad2,0,30dpd_6mob,2023-07-01
CUS_0x2b2d_2023_01_01,CUS_0x2b2d,1,30dpd_6mob,2023-07-01
CUS_0x2b83_2023_01_01,CUS_0x2b83,0,30dpd_6mob,2023-07-01
CUS_0x2baf_2023_01_01,CUS_0x2baf,1,30dpd_6mob,2023-07-01
CUS_0x2bf6_2023_01_01,CUS_0x2bf6,0,30dpd_6mob,2023-07-01
CUS_0x2bfa_2023_01_01,CUS_0x2bfa,0,30dpd_6mob,2023-07-01
CUS_0x2cae_2023_01_01,CUS_0x2cae,0,30dpd_6mob,2023-07-01
CUS_0x2ccc_2023_01_01,CUS_0x2ccc,0,30dpd_6mob,2023-07-01
CUS_0x2de0_2023_01_01,CUS_0x2de0,1,30dpd_6mob,2023-07-01
CUS_0x2e06_2023_01_01,CUS_0x2e06,0,30dpd_6mob,2023-07-01
CUS_0x2e20_2023_01_01,CUS_0x2e20,0,30dpd_6mob,2023-07-01
CUS_0x2ea8_2023_01_01,CUS_0x2ea8,0,30dpd_6mob,2023-07-01
CUS_0x2f1d_2023_01_01,CUS_0x2f1d,0,30dpd_6mob,2023-07-01
CUS_0x2fab_2023_01_01,CUS_0x2fab,0,30dpd_6mob,2023-07-01
CUS_0x2fd6_2023_01_01,CUS_0x2fd6,0,30dpd_6mob,2023-07-01
CUS_0x30f8_2023_01_01,CUS_0x30f8,0,30dpd_6mob,2023-07-01
CUS_0x31e9_2023_01_01,CUS_0x31e9,1,30dpd_6mob,2023-07-01
CUS_0x321f_2023_01_01,CUS_0x321f,0,30dpd_6mob,2023-07-01
CUS_0x3231_2023_01_01,CUS_0x3231,0,30dpd_6mob,2023-07-01
CUS_0x325f_2023_01_01,CUS_0x325f,0,30dpd_6mob,2023-07-01
CUS_0x3274_2023_01_01,CUS_0x3274,0,30dpd_6mob,2023-07-01
CUS_0x328b_2023_01_01,CUS_0x328b,0,30dpd_6mob,2023-07-01
CUS_0x3379_2023_01_01,CUS_0x3379,1,30dpd_6mob,2023-07-01
CUS_0x3433_2023_01_01,CUS_0x3433,0,30dpd_6mob,2023-07-01
CUS_0x344e_2023_01_01,CUS_0x344e,0,30dpd_6mob,2023-07-01
CUS_0x3490_2023_01_01,CUS_0x3490,0,30dpd_6mob,2023-07-01
CUS_0x34fa_2023_01_01,CUS_0x34fa,1,30dpd_6mob,2023-07-01
CUS_0x3539_2023_01_01,CUS_0x3539,0,30dpd_6mob,2023-07-01
CUS_0x354b_2023_01_01,CUS_0x354b,0,30dpd_6mob,2023-07-01
CUS_0x355f_2023_01_01,CUS_0x355f,0,30dpd_6mob,2023-07-01
CUS_0x356c_2023_01_01,CUS_0x356c,1,30dpd_6mob,2023-07-01
CUS_0x3643_2023_01_01,CUS_0x3643,0,30dpd_6mob,2023-07-01
CUS_0x36b3_2023_01_01,CUS_0x36b3,0,30dpd_6mob,2023-07-01
CUS_0x36f7_2023_01_01,CUS_0x36f7,1,30dpd_6mob,2023-07-01
CUS_0x3733_2023_01_01,CUS_0x3733,0,30dpd_6mob,2023-07-01
CUS_0x37a1_2023_01_01,CUS_0x37a1,0,30dpd_6mob,2023-07-01
CUS_0x37b2_2023_01_01,CUS_0x37b2,0,30dpd_6mob,2023-07-01
CUS_0x383d_2023_01_01,CUS_0x383d,0,30dpd_6mob,2023-07-01
CUS_0x3873_2023_01_01,CUS_0x3873,0,30dpd_6mob,2023-07-01
CUS_0x3906_2023_01_01,CUS_0x3906,0,30dpd_6mob,2023-07-01
CUS_0x3928_2023_01_01,CUS_0x3928,1,30dpd_6mob,2023-07-01
CUS_0x397b_2023_01_01,CUS_0x397b,0,30dpd_6mob,2023-07-01
CUS_0x3a03_2023_01_01,CUS_0x3a03,0,30dpd_6mob,2023-07-01
CUS_0x3a3d_2023_01_01,CUS_0x3a3d,0,30dpd_6mob,2023-07-01
CUS_0x3a69_2023_01_01,CUS_0x3a69,1,30dpd_6mob,2023-07-01
CUS_0x3a82_2023_01_01,CUS_0x3a82,0,30dpd_6mob,2023-07-01
CUS_0x3acc_2023_01_01,CUS_0x3acc,0,30dpd_6mob,2023-07-01
CUS_0x3adc_2023_01_01,CUS_0x3adc,1,30dpd_6mob,2023-07-01
CUS_0x3af5_2023_01_01,CUS_0x3af5,0,30dpd_6mob,2023-07-01
CUS_0x3b10_2023_01_01,CUS_0x3b10,0,30dpd_6mob,2023-07-01
CUS_0x3b22_2023_01_01,CUS_0x3b22,0,30dpd_6mob,2023-07-01
CUS_0x3b2a_2023_01_01,CUS_0x3b2a,0,30dpd_6mob,2023-07-01
CUS_0x3b6e_2023_01_01,CUS_0x3b6e,1,30dpd_6mob,2023-07-01
CUS_0x3bc3_2023_01_01,CUS_0x3bc3,0,30dpd_6mob,2023-07-01
CUS_0x3bc6_2023_01_01,CUS_0x3bc6,1,30dpd_6mob,2023-07-01
CUS_0x3bd0_2023_01_01,CUS_0x3bd0,1,30dpd_6mob,2023-07-01
CUS_0x3bde_2023_01_01,CUS_0x3bde,0,30dpd_6mob,2023-07-01
CUS_0x3bf5_2023_01_01,CUS_0x3bf5,0,30dpd_6mob,2023-07-01
CUS_0x3ccd_2023_01_01,CUS_0x3ccd,0,30dpd_6mob,2023-07-01
CUS_0x3cea_2023_01_01,CUS_0x3cea,0,30dpd_6mob,2023-07-01
CUS_0x3cfc_2023_01_01,CUS_0x3cfc,1,30dpd_6mob,2023-07-01
CUS_0x3d6c_2023_01_01,CUS_0x3d6c,0,30dpd_6mob,2023-07-01
CUS_0x3e2d_2023_01_01,CUS_0x3e2d,1,30dpd_6mob,2023-07-01
CUS_0x3e54_2023_01_01,CUS_0x3e54,0,30dpd_6mob,2023-07-01
CUS_0x3e6d_2023_01_01,CUS_0x3e6d,0,30dpd_6mob,2023-07-01
CUS_0x3e73_2023_01_01,CUS_0x3e73,0,30dpd_6mob,2023-07-01
CUS_0x3e9c_2023_01_01,CUS_0x3e9c,0,30dpd_6mob,2023-07-01
CUS_0x3ee7_2023_01_01,CUS_0x3ee7,0,30dpd_6mob,2023-07-01
CUS_0x3f63_2023_01_01,CUS_0x3f63,0,30dpd_6mob,2023-07-01
CUS_0x3fc3_2023_01_01,CUS_0x3fc3,0,30dpd_6mob,2023-07-01
CUS_0x3fd9_2023_01_01,CUS_0x3fd9,0,30dpd_6mob,2023-07-01
CUS_0x401c_2023_01_01,CUS_0x401c,0,30dpd_6mob,2023-07-01
CUS_0x4096_2023_01_01,CUS_0x4096,1,30dpd_6mob,2023-07-01
CUS_0x40c5_2023_01_01,CUS_0x40c5,0,30dpd_6mob,2023-07-01
CUS_0x40d0_2023_01_01,CUS_0x40d0,1,30dpd_6mob,2023-07-01
CUS_0x4131_2023_01_01,CUS_0x4131,0,30dpd_6mob,2023-07-01
CUS_0x416f_2023_01_01,CUS_0x416f,0,30dpd_6mob,2023-07-01
CUS_0x41b7_2023_01_01,CUS_0x41b7,0,30dpd_6mob,2023-07-01
CUS_0x41c_2023_01_01,CUS_0x41c,0,30dpd_6mob,2023-07-01
CUS_0x41f2_2023_01_01,CUS_0x41f2,0,30dpd_6mob,2023-07-01
CUS_0x424_2023_01_01,CUS_0x424,0,30dpd_6mob,2023-07-01
CUS_0x4271_2023_01_01,CUS_0x4271,0,30dpd_6mob,2023-07-01
CUS_0x42c6_2023_01_01,CUS_0x42c6,1,30dpd_6mob,2023-07-01
CUS_0x4322_2023_01_01,CUS_0x4322,0,30dpd_6mob,2023-07-01
CUS_0x4327_2023_01_01,CUS_0x4327,0,30dpd_6mob,2023-07-01
CUS_0x4340_2023_01_01,CUS_0x4340,0,30dpd_6mob,2023-07-01
CUS_0x436f_2023_01_01,CUS_0x436f,0,30dpd_6mob,2023-07-01
CUS_0x438a_2023_01_01,CUS_0x438a,1,30dpd_6mob,2023-07-01
CUS_0x4395_2023_01_01,CUS_0x4395,1,30dpd_6mob,2023-07-01
CUS_0x43c5_2023_01_01,CUS_0x43c5,0,30dpd_6mob,2023-07-01
CUS_0x43f8_2023_01_01,CUS_0x43f8,0,30dpd_6mob,2023-07-01
CUS_0x4410_2023_01_01,CUS_0x4410,1,30dpd_6mob,2023-07-01
CUS_0x4464_2023_01_01,CUS_0x4464,1,30dpd_6mob,2023-07-01
CUS_0x4472_2023_01_01,CUS_0x4472,0,30dpd_6mob,2023-07-01
CUS_0x44d5_2023_01_01,CUS_0x44d5,0,30dpd_6mob,2023-07-01
CUS_0x44e0_2023_01_01,CUS_0x44e0,0,30dpd_6mob,2023-07-01
CUS_0x4596_2023_01_01,CUS_0x4596,0,30dpd_6mob,2023-07-01
CUS_0x4662_2023_01_01,CUS_0x4662,0,30dpd_6mob,2023-07-01
CUS_0x4671_2023_01_01,CUS_0x4671,1,30dpd_6mob,2023-07-01
CUS_0x4674_2023_01_01,CUS_0x4674,0,30dpd_6mob,2023-07-01
CUS_0x4688_2023_01_01,CUS_0x4688,0,30dpd_6mob,2023-07-01
CUS_0x472b_2023_01_01,CUS_0x472b,0,30dpd_6mob,2023-07-01
CUS_0x474_2023_01_01,CUS_0x474,0,30dpd_6mob,2023-07-01
CUS_0x47a5_2023_01_01,CUS_0x47a5,1,30dpd_6mob,2023-07-01
CUS_0x47c0_2023_01_01,CUS_0x47c0,0,30dpd_6mob,2023-07-01
CUS_0x480c_2023_01_01,CUS_0x480c,0,30dpd_6mob,2023-07-01
CUS_0x4854_2023_01_01,CUS_0x4854,0,30dpd_6mob,2023-07-01
CUS_0x4881_2023_01_01,CUS_0x4881,0,30dpd_6mob,2023-07-01
CUS_0x48ae_2023_01_01,CUS_0x48ae,0,30dpd_6mob,2023-07-01
CUS_0x4939_2023_01_01,CUS_0x4939,1,30dpd_6mob,2023-07-01
CUS_0x4943_2023_01_01,CUS_0x4943,0,30dpd_6mob,2023-07-01
CUS_0x4a0b_2023_01_01,CUS_0x4a0b,0,30dpd_6mob,2023-07-01
CUS_0x4a24_2023_01_01,CUS_0x4a24,0,30dpd_6mob,2023-07-01
CUS_0x4a3f_2023_01_01,CUS_0x4a3f,0,30dpd_6mob,2023-07-01
CUS_0x4a43_2023_01_01,CUS_0x4a43,1,30dpd_6mob,2023-07-01
CUS_0x4a94_2023_01_01,CUS_0x4a94,1,30dpd_6mob,2023-07-01
CUS_0x4b40_2023_01_01,CUS_0x4b40,0,30dpd_6mob,2023-07-01
CUS_0x4b64_2023_01_01,CUS_0x4b64,0,30dpd_6mob,2023-07-01
CUS_0x4be2_2023_01_01,CUS_0x4be2,1,30dpd_6mob,2023-07-01
CUS_0x4bfc_2023_01_01,CUS_0x4bfc,0,30dpd_6mob,2023-07-01
CUS_0x4c29_2023_01_01,CUS_0x4c29,0,30dpd_6mob,2023-07-01
CUS_0x4c71_2023_01_01,CUS_0x4c71,0,30dpd_6mob,2023-07-01
CUS_0x4cdd_2023_01_01,CUS_0x4cdd,0,30dpd_6mob,2023-07-01
CUS_0x4cf6_2023_01_01,CUS_0x4cf6,0,30dpd_6mob,2023-07-01
CUS_0x4d05_2023_01_01,CUS_0x4d05,0,30dpd_6mob,2023-07-01
CUS_0x4d41_2023_01_01,CUS_0x4d41,1,30dpd_6mob,2023-07-01
CUS_0x4dc9_2023_01_01,CUS_0x4dc9,0,30dpd_6mob,2023-07-01
CUS_0x4ddc_2023_01_01,CUS_0x4ddc,0,30dpd_6mob,2023-07-01
CUS_0x4ddf_2023_01_01,CUS_0x4ddf,1,30dpd_6mob,2023-07-01
CUS_0x50f7_2023_01_01,CUS_0x50f7,1,30dpd_6mob,2023-07-01
CUS_0x5111_2023_01_01,CUS_0x5111,1,30dpd_6mob,2023-07-01
CUS_0x5158_2023_01_01,CUS_0x5158,0,30dpd_6mob,2023-07-01
CUS_0x51b3_2023_01_01,CUS_0x51b3,0,30dpd_6mob,2023-07-01
CUS_0x51c9_2023_01_01,CUS_0x51c9,0,30dpd_6mob,2023-07-01
CUS_0x51e_2023_01_01,CUS_0x51e,0,30dpd_6mob,2023-07-01
CUS_0x51e7_2023_01_01,CUS_0x51e7,0,30dpd_6mob,2023-07-01
CUS_0x5225_2023_01_01,CUS_0x5225,1,30dpd_6mob,2023-07-01
CUS_0x522d_2023_01_01,CUS_0x522d,0,30dpd_6mob,2023-07-01
CUS_0x527f_2023_01_01,CUS_0x527f,0,30dpd_6mob,2023-07-01
CUS_0x52a5_2023_01_01,CUS_0x52a5,1,30dpd_6mob,2023-07-01
CUS_0x52aa_2023_01_01,CUS_0x52aa,1,30dpd_6mob,2023-07-01
CUS_0x537_2023_01_01,CUS_0x537,0,30dpd_6mob,2023-07-01
CUS_0x53f4_2023_01_01,CUS_0x53f4,0,30dpd_6mob,2023-07-01
CUS_0x540f_2023_01_01,CUS_0x540f,0,30dpd_6mob,2023-07-01
CUS_0x541a_2023_01_01,CUS_0x541a,0,30dpd_6mob,2023-07-01
CUS_0x54d4_2023_01_01,CUS_0x54d4,1,30dpd_6mob,2023-07-01
CUS_0x5505_2023_01_01,CUS_0x5505,0,30dpd_6mob,2023-07-01
CUS_0x5525_2023_01_01,CUS_0x5525,0,30dpd_6mob,2023-07-01
CUS_0x553e_2023_01_01,CUS_0x553e,0,30dpd_6mob,2023-07-01
CUS_0x55f0_2023_01_01,CUS_0x55f0,0,30dpd_6mob,2023-07-01
CUS_0x565d_2023_01_01,CUS_0x565d,0,30dpd_6mob,2023-07-01
CUS_0x56f1_2023_01_01,CUS_0x56f1,1,30dpd_6mob,2023-07-01
CUS_0x5849_2023_01_01,CUS_0x5849,1,30dpd_6mob,2023-07-01
CUS_0x5877_2023_01_01,CUS_0x5877,0,30dpd_6mob,2023-07-01
CUS_0x58bf_2023_01_01,CUS_0x58bf,0,30dpd_6mob,2023-07-01
CUS_0x5999_2023_01_01,CUS_0x5999,0,30dpd_6mob,2023-07-01
CUS_0x59d0_2023_01_01,CUS_0x59d0,0,30dpd_6mob,2023-07-01
CUS_0x5a3d_2023_01_01,CUS_0x5a3d,1,30dpd_6mob,2023-07-01
CUS_0x5ae6_2023_01_01,CUS_0x5ae6,0,30dpd_6mob,2023-07-01
CUS_0x5bce_2023_01_01,CUS_0x5bce,0,30dpd_6mob,2023-07-01
CUS_0x5c9f_2023_01_01,CUS_0x5c9f,1,30dpd_6mob,2023-07-01
CUS_0x5ebe_2023_01_01,CUS_0x5ebe,0,30dpd_6mob,2023-07-01
CUS_0x5f02_2023_01_01,CUS_0x5f02,0,30dpd_6mob,2023-07-01
CUS_0x5f10_2023_01_01,CUS_0x5f10,0,30dpd_6mob,2023-07-01
CUS_0x5f30_2023_01_01,CUS_0x5f30,0,30dpd_6mob,2023-07-01
CUS_0x5f55_2023_01_01,CUS_0x5f55,0,30dpd_6mob,2023-07-01
CUS_0x5fe9_2023_01_01,CUS_0x5fe9,1,30dpd_6mob,2023-07-01
CUS_0x6034_2023_01_01,CUS_0x6034,0,30dpd_6mob,2023-07-01
CUS_0x6070_2023_01_01,CUS_0x6070,1,30dpd_6mob,2023-07-01
CUS_0x6120_2023_01_01,CUS_0x6120,1,30dpd_6mob,2023-07-01
CUS_0x61de_2023_01_01,CUS_0x61de,0,30dpd_6mob,2023-07-01
CUS_0x627a_2023_01_01,CUS_0x627a,0,30dpd_6mob,2023-07-01
CUS_0x635a_2023_01_01,CUS_0x635a,0,30dpd_6mob,2023-07-01
CUS_0x636d_2023_01_01,CUS_0x636d,1,30dpd_6mob,2023-07-01
CUS_0x63d_2023_01_01,CUS_0x63d,0,30dpd_6mob,2023-07-01
CUS_0x63d8_2023_01_01,CUS_0x63d8,0,30dpd_6mob,2023-07-01
CUS_0x6442_2023_01_01,CUS_0x6442,0,30dpd_6mob,2023-07-01
CUS_0x64b8_2023_01_01,CUS_0x64b8,1,30dpd_6mob,2023-07-01
CUS_0x6587_2023_01_01,CUS_0x6587,0,30dpd_6mob,2023-07-01
CUS_0x658e_2023_01_01,CUS_0x658e,1,30dpd_6mob,2023-07-01
CUS_0x65bf_2023_01_01,CUS_0x65bf,0,30dpd_6mob,2023-07-01
CUS_0x6694_2023_01_01,CUS_0x6694,1,30dpd_6mob,2023-07-01
CUS_0x6701_2023_01_01,CUS_0x6701,1,30dpd_6mob,2023-07-01
CUS_0x6752_2023_01_01,CUS_0x6752,1,30dpd_6mob,2023-07-01
CUS_0x67e4_2023_01_01,CUS_0x67e4,0,30dpd_6mob,2023-07-01
CUS_0x6850_2023_01_01,CUS_0x6850,0,30dpd_6mob,2023-07-01
CUS_0x689b_2023_01_01,CUS_0x689b,1,30dpd_6mob,2023-07-01
CUS_0x6915_2023_01_01,CUS_0x6915,1,30dpd_6mob,2023-07-01
CUS_0x695c_2023_01_01,CUS_0x695c,0,30dpd_6mob,2023-07-01
CUS_0x697d_2023_01_01,CUS_0x697d,0,30dpd_6mob,2023-07-01
CUS_0x699_2023_01_01,CUS_0x699,0,30dpd_6mob,2023-07-01
CUS_0x69be_2023_01_01,CUS_0x69be,0,30dpd_6mob,2023-07-01
CUS_0x69ff_2023_01_01,CUS_0x69ff,0,30dpd_6mob,2023-07-01
CUS_0x6a8a_2023_01_01,CUS_0x6a8a,0,30dpd_6mob,2023-07-01
CUS_0x6ab3_2023_01_01,CUS_0x6ab3,0,30dpd_6mob,2023-07-01
CUS_0x6b1d_2023_01_01,CUS_0x6b1d,0,30dpd_6mob,2023-07-01
CUS_0x6b52_2023_01_01,CUS_0x6b52,1,30dpd_6mob,2023-07-01
CUS_0x6d05_2023_01_01,CUS_0x6d05,0,30dpd_6mob,2023-07-01
CUS_0x6d4_2023_01_01,CUS_0x6d4,0,30dpd_6mob,2023-07-01
CUS_0x6ee_2023_01_01,CUS_0x6ee,1,30dpd_6mob,2023-07-01
CUS_0x6f11_2023_01_01,CUS_0x6f11,0,30dpd_6mob,2023-07-01
CUS_0x6f4a_2023_01_01,CUS_0x6f4a,0,30dpd_6mob,2023-07-01
CUS_0x6f5d_2023_01_01,CUS_0x6f5d,1,30dpd_6mob,2023-07-01
CUS_0x6f95_2023_01_01,CUS_0x6f95,0,30dpd_6mob,2023-07-01
CUS_0x6fea_2023_01_01,CUS_0x6fea,0,30dpd_6mob,2023-07-01
CUS_0x6ffb_2023_01_01,CUS_0x6ffb,0,30dpd_6mob,2023-07-01
CUS_0x703f_2023_01_01,CUS_0x703f,0,30dpd_6mob,2023-07-01
CUS_0x707d_2023_01_01,CUS_0x707d,0,30dpd_6mob,2023-07-01
CUS_0x710b_2023_01_01,CUS_0x710b,1,30dpd_6mob,2023-07-01
CUS_0x71a0_2023_01_01,CUS_0x71a0,1,30dpd_6mob,2023-07-01
CUS_0x7266_2023_01_01,CUS_0x7266,0,30dpd_6mob,2023-07-01
CUS_0x7373_2023_01_01,CUS_0x7373,1,30dpd_6mob,2023-07-01
CUS_0x738f_2023_01_01,CUS_0x738f,0,30dpd_6mob,2023-07-01
CUS_0x7418_2023_01_01,CUS_0x7418,0,30dpd_6mob,2023-07-01
CUS_0x752c_2023_01_01,CUS_0x752c,0,30dpd_6mob,2023-07-01
CUS_0x752f_2023_01_01,CUS_0x752f,1,30dpd_6mob,2023-07-01
CUS_0x7580_2023_01_01,CUS_0x7580,1,30dpd_6mob,2023-07-01
CUS_0x758e_2023_01_01,CUS_0x758e,0,30dpd_6mob,2023-07-01
CUS_0x75e_2023_01_01,CUS_0x75e,0,30dpd_6mob,2023-07-01
CUS_0x773_2023_01_01,CUS_0x773,0,30dpd_6mob,2023-07-01
CUS_0x775a_2023_01_01,CUS_0x775a,0,30dpd_6mob,2023-07-01
CUS_0x77e2_2023_01_01,CUS_0x77e2,1,30dpd_6mob,2023-07-01
CUS_0x7872_2023_01_01,CUS_0x7872,1,30dpd_6mob,2023-07-01
CUS_0x7877_2023_01_01,CUS_0x7877,0,30dpd_6mob,2023-07-01
CUS_0x78a7_2023_01_01,CUS_0x78a7,1,30dpd_6mob,2023-07-01
CUS_0x7910_2023_01_01,CUS_0x7910,0,30dpd_6mob,2023-07-01
CUS_0x79aa_2023_01_01,CUS_0x79aa,0,30dpd_6mob,2023-07-01
CUS_0x79ac_2023_01_01,CUS_0x79ac,0,30dpd_6mob,2023-07-01
CUS_0x79cf_2023_01_01,CUS_0x79cf,0,30dpd_6mob,2023-07-01
CUS_0x79ff_2023_01_01,CUS_0x79ff,1,30dpd_6mob,2023-07-01
CUS_0x7a2d_2023_01_01,CUS_0x7a2d,0,30dpd_6mob,2023-07-01
CUS_0x7a77_2023_01_01,CUS_0x7a77,0,30dpd_6mob,2023-07-01
CUS_0x7a84_2023_01_01,CUS_0x7a84,1,30dpd_6mob,2023-07-01
CUS_0x7b31_2023_01_01,CUS_0x7b31,0,30dpd_6mob,2023-07-01
CUS_0x7b52_2023_01_01,CUS_0x7b52,1,30dpd_6mob,2023-07-01
CUS_0x7b90_2023_01_01,CUS_0x7b90,0,30dpd_6mob,2023-07-01
CUS_0x7bda_2023_01_01,CUS_0x7bda,0,30dpd_6mob,2023-07-01
CUS_0x7c00_2023_01_01,CUS_0x7c00,0,30dpd_6mob,2023-07-01
CUS_0x7c01_2023_01_01,CUS_0x7c01,0,30dpd_6mob,2023-07-01
CUS_0x7c13_2023_01_01,CUS_0x7c13,1,30dpd_6mob,2023-07-01
CUS_0x7c2f_2023_01_01,CUS_0x7c2f,1,30dpd_6mob,2023-07-01
CUS_0x7c58_2023_01_01,CUS_0x7c58,0,30dpd_6mob,2023-07-01
CUS_0x7c64_2023_01_01,CUS_0x7c64,0,30dpd_6mob,2023-07-01
CUS_0x7c66_2023_01_01,CUS_0x7c66,0,30dpd_6mob,2023-07-01
CUS_0x7cb9_2023_01_01,CUS_0x7cb9,1,30dpd_6mob,2023-07-01
CUS_0x7cfc_2023_01_01,CUS_0x7cfc,0,30dpd_6mob,2023-07-01
CUS_0x7dfb_2023_01_01,CUS_0x7dfb,1,30dpd_6mob,2023-07-01
CUS_0x7fc3_2023_01_01,CUS_0x7fc3,0,30dpd_6mob,2023-07-01
CUS_0x7fe2_2023_01_01,CUS_0x7fe2,0,30dpd_6mob,2023-07-01
CUS_0x8031_2023_01_01,CUS_0x8031,1,30dpd_6mob,2023-07-01
CUS_0x8034_2023_01_01,CUS_0x8034,0,30dpd_6mob,2023-07-01
CUS_0x8065_2023_01_01,CUS_0x8065,1,30dpd_6mob,2023-07-01
CUS_0x8171_2023_01_01,CUS_0x8171,0,30dpd_6mob,2023-07-01
CUS_0x81e6_2023_01_01,CUS_0x81e6,1,30dpd_6mob,2023-07-01
CUS_0x8207_2023_01_01,CUS_0x8207,1,30dpd_6mob,2023-07-01
CUS_0x82a7_2023_01_01,CUS_0x82a7,1,30dpd_6mob,2023-07-01
CUS_0x832d_2023_01_01,CUS_0x832d,0,30dpd_6mob,2023-07-01
CUS_0x8370_2023_01_01,CUS_0x8370,1,30dpd_6mob,2023-07-01
CUS_0x8376_2023_01_01,CUS_0x8376,0,30dpd_6mob,2023-07-01
CUS_0x846a_2023_01_01,CUS_0x846a,0,30dpd_6mob,2023-07-01
CUS_0x84a0_2023_01_01,CUS_0x84a0,0,30dpd_6mob,2023-07-01
CUS_0x8546_2023_01_01,CUS_0x8546,0,30dpd_6mob,2023-07-01
CUS_0x859d_2023_01_01,CUS_0x859d,0,30dpd_6mob,2023-07-01
CUS_0x8658_2023_01_01,CUS_0x8658,0,30dpd_6mob,2023-07-01
CUS_0x86be_2023_01_01,CUS_0x86be,1,30dpd_6mob,2023-07-01
CUS_0x86c7_2023_01_01,CUS_0x86c7,0,30dpd_6mob,2023-07-01
CUS_0x86ed_2023_01_01,CUS_0x86ed,1,30dpd_6mob,2023-07-01
CUS_0x8704_2023_01_01,CUS_0x8704,0,30dpd_6mob,2023-07-01
CUS_0x873b_2023_01_01,CUS_0x873b,0,30dpd_6mob,2023-07-01
CUS_0x87fa_2023_01_01,CUS_0x87fa,1,30dpd_6mob,2023-07-01
CUS_0x887f_2023_01_01,CUS_0x887f,0,30dpd_6mob,2023-07-01
CUS_0x8919_2023_01_01,CUS_0x8919,0,30dpd_6mob,2023-07-01
CUS_0x891b_2023_01_01,CUS_0x891b,0,30dpd_6mob,2023-07-01
CUS_0x893e_2023_01_01,CUS_0x893e,0,30dpd_6mob,2023-07-01
CUS_0x8956_2023_01_01,CUS_0x8956,1,30dpd_6mob,2023-07-01
CUS_0x8983_2023_01_01,CUS_0x8983,0,30dpd_6mob,2023-07-01
CUS_0x89a_2023_01_01,CUS_0x89a,0,30dpd_6mob,2023-07-01
CUS_0x89ca_2023_01_01,CUS_0x89ca,0,30dpd_6mob,2023-07-01
CUS_0x89d3_2023_01_01,CUS_0x89d3,1,30dpd_6mob,2023-07-01
CUS_0x8a3c_2023_01_01,CUS_0x8a3c,0,30dpd_6mob,2023-07-01
CUS_0x8a44_2023_01_01,CUS_0x8a44,0,30dpd_6mob,2023-07-01
CUS_0x8a6e_2023_01_01,CUS_0x8a6e,0,30dpd_6mob,2023-07-01
CUS_0x8af8_2023_01_01,CUS_0x8af8,0,30dpd_6mob,2023-07-01
CUS_0x8b1_2023_01_01,CUS_0x8b1,0,30dpd_6mob,2023-07-01
CUS_0x8b17_2023_01_01,CUS_0x8b17,0,30dpd_6mob,2023-07-01
CUS_0x8c2c_2023_01_01,CUS_0x8c2c,0,30dpd_6mob,2023-07-01
CUS_0x8c9a_2023_01_01,CUS_0x8c9a,0,30dpd_6mob,2023-07-01
CUS_0x8d21_2023_01_01,CUS_0x8d21,1,30dpd_6mob,2023-07-01
CUS_0x8de0_2023_01_01,CUS_0x8de0,1,30dpd_6mob,2023-07-01
CUS_0x8e30_2023_01_01,CUS_0x8e30,0,30dpd_6mob,2023-07-01
CUS_0x8e44_2023_01_01,CUS_0x8e44,0,30dpd_6mob,2023-07-01
CUS_0x8e90_2023_01_01,CUS_0x8e90,0,30dpd_6mob,2023-07-01
CUS_0x8f4e_2023_01_01,CUS_0x8f4e,1,30dpd_6mob,2023-07-01
CUS_0x8f7e_2023_01_01,CUS_0x8f7e,1,30dpd_6mob,2023-07-01
CUS_0x8fb4_2023_01_01,CUS_0x8fb4,0,30dpd_6mob,2023-07-01
CUS_0x9102_2023_01_01,CUS_0x9102,1,30dpd_6mob,2023-07-01
CUS_0x9124_2023_01_01,CUS_0x9124,1,30dpd_6mob,2023-07-01
CUS_0x9154_2023_01_01,CUS_0x9154,1,30dpd_6mob,2023-07-01
CUS_0x9190_2023_01_01,CUS_0x9190,0,30dpd_6mob,2023-07-01
CUS_0x9230_2023_01_01,CUS_0x9230,0,30dpd_6mob,2023-07-01
CUS_0x9273_2023_01_01,CUS_0x9273,0,30dpd_6mob,2023-07-01
CUS_0x9278_2023_01_01,CUS_0x9278,0,30dpd_6mob,2023-07-01
CUS_0x928f_2023_01_01,CUS_0x928f,1,30dpd_6mob,2023-07-01
CUS_0x929a_2023_01_01,CUS_0x929a,0,30dpd_6mob,2023-07-01
CUS_0x929c_2023_01_01,CUS_0x929c,0,30dpd_6mob,2023-07-01
CUS_0x92d6_2023_01_01,CUS_0x92d6,1,30dpd_6mob,2023-07-01
CUS_0x92f0_2023_01_01,CUS_0x92f0,1,30dpd_6mob,2023-07-01
CUS_0x9357_2023_01_01,CUS_0x9357,0,30dpd_6mob,2023-07-01
CUS_0x93a0_2023_01_01,CUS_0x93a0,1,30dpd_6mob,2023-07-01
CUS_0x9435_2023_01_01,CUS_0x9435,0,30dpd_6mob,2023-07-01
CUS_0x948f_2023_01_01,CUS_0x948f,0,30dpd_6mob,2023-07-01
CUS_0x950d_2023_01_01,CUS_0x950d,0,30dpd_6mob,2023-07-01
CUS_0x95aa_2023_01_01,CUS_0x95aa,1,30dpd_6mob,2023-07-01
CUS_0x962f_2023_01_01,CUS_0x962f,0,30dpd_6mob,2023-07-01
CUS_0x96a2_2023_01_01,CUS_0x96a2,0,30dpd_6mob,2023-07-01
CUS_0x970f_2023_01_01,CUS_0x970f,0,30dpd_6mob,2023-07-01
CUS_0x972d_2023_01_01,CUS_0x972d,0,30dpd_6mob,2023-07-01
CUS_0x97ab_2023_01_01,CUS_0x97ab,1,30dpd_6mob,2023-07-01
CUS_0x97b_2023_01_01,CUS_0x97b,0,30dpd_6mob,2023-07-01
CUS_0x97bd_2023_01_01,CUS_0x97bd,1,30dpd_6mob,2023-07-01
CUS_0x9805_2023_01_01,CUS_0x9805,1,30dpd_6mob,2023-07-01
CUS_0x988c_2023_01_01,CUS_0x988c,0,30dpd_6mob,2023-07-01
CUS_0x9916_2023_01_01,CUS_0x9916,0,30dpd_6mob,2023-07-01
CUS_0x9979_2023_01_01,CUS_0x9979,0,30dpd_6mob,2023-07-01
CUS_0x9985_2023_01_01,CUS_0x9985,0,30dpd_6mob,2023-07-01
CUS_0x9a55_2023_01_01,CUS_0x9a55,1,30dpd_6mob,2023-07-01
CUS_0x9a71_2023_01_01,CUS_0x9a71,0,30dpd_6mob,2023-07-01
CUS_0x9b24_2023_01_01,CUS_0x9b24,0,30dpd_6mob,2023-07-01
CUS_0x9bef_2023_01_01,CUS_0x9bef,0,30dpd_6mob,2023-07-01
CUS_0x9c67_2023_01_01,CUS_0x9c67,0,30dpd_6mob,2023-07-01
CUS_0x9ce6_2023_01_01,CUS_0x9ce6,0,30dpd_6mob,2023-07-01
CUS_0x9e02_2023_01_01,CUS_0x9e02,0,30dpd_6mob,2023-07-01
CUS_0x9e09_2023_01_01,CUS_0x9e09,0,30dpd_6mob,2023-07-01
CUS_0x9e6a_2023_01_01,CUS_0x9e6a,0,30dpd_6mob,2023-07-01
CUS_0x9f91_2023_01_01,CUS_0x9f91,0,30dpd_6mob,2023-07-01
CUS_0xa0c_2023_01_01,CUS_0xa0c,0,30dpd_6mob,2023-07-01
CUS_0xa134_2023_01_01,CUS_0xa134,0,30dpd_6mob,2023-07-01
CUS_0xa146_2023_01_01,CUS_0xa146,0,30dpd_6mob,2023-07-01
CUS_0xa182_2023_01_01,CUS_0xa182,0,30dpd_6mob,2023-07-01
CUS_0xa187_2023_01_01,CUS_0xa187,0,30dpd_6mob,2023-07-01
CUS_0xa1bb_2023_01_01,CUS_0xa1bb,0,30dpd_6mob,2023-07-01
CUS_0xa203_2023_01_01,CUS_0xa203,1,30dpd_6mob,2023-07-01
CUS_0xa20d_2023_01_01,CUS_0xa20d,0,30dpd_6mob,2023-07-01
CUS_0xa2c0_2023_01_01,CUS_0xa2c0,0,30dpd_6mob,2023-07-01
CUS_0xa2ee_2023_01_01,CUS_0xa2ee,0,30dpd_6mob,2023-07-01
CUS_0xa408_2023_01_01,CUS_0xa408,1,30dpd_6mob,2023-07-01
CUS_0xa422_2023_01_01,CUS_0xa422,0,30dpd_6mob,2023-07-01
CUS_0xa423_2023_01_01,CUS_0xa423,0,30dpd_6mob,2023-07-01
CUS_0xa463_2023_01_01,CUS_0xa463,0,30dpd_6mob,2023-07-01
CUS_0xa488_2023_01_01,CUS_0xa488,0,30dpd_6mob,2023-07-01
CUS_0xa52_2023_01_01,CUS_0xa52,1,30dpd_6mob,2023-07-01
CUS_0xa54d_2023_01_01,CUS_0xa54d,0,30dpd_6mob,2023-07-01
CUS_0xa5c_2023_01_01,CUS_0xa5c,0,30dpd_6mob,2023-07-01
CUS_0xa5e6_2023_01_01,CUS_0xa5e6,0,30dpd_6mob,2023-07-01
CUS_0xa5e9_2023_01_01,CUS_0xa5e9,1,30dpd_6mob,2023-07-01
CUS_0xa65_2023_01_01,CUS_0xa65,1,30dpd_6mob,2023-07-01
CUS_0xa6d9_2023_01_01,CUS_0xa6d9,0,30dpd_6mob,2023-07-01
CUS_0xa801_2023_01_01,CUS_0xa801,0,30dpd_6mob,2023-07-01
CUS_0xa83_2023_01_01,CUS_0xa83,0,30dpd_6mob,2023-07-01
CUS_0xa8c6_2023_01_01,CUS_0xa8c6,0,30dpd_6mob,2023-07-01
CUS_0xa918_2023_01_01,CUS_0xa918,0,30dpd_6mob,2023-07-01
CUS_0xa9a_2023_01_01,CUS_0xa9a,0,30dpd_6mob,2023-07-01
CUS_0xaa8e_2023_01_01,CUS_0xaa8e,1,30dpd_6mob,2023-07-01
CUS_0xaaff_2023_01_01,CUS_0xaaff,0,30dpd_6mob,2023-07-01
CUS_0xabf2_2023_01_01,CUS_0xabf2,0,30dpd_6mob,2023-07-01
CUS_0xac46_2023_01_01,CUS_0xac46,1,30dpd_6mob,2023-07-01
CUS_0xac7c_2023_01_01,CUS_0xac7c,1,30dpd_6mob,2023-07-01
CUS_0xaca7_2023_01_01,CUS_0xaca7,1,30dpd_6mob,2023-07-01
CUS_0xacab_2023_01_01,CUS_0xacab,0,30dpd_6mob,2023-07-01
CUS_0xacfa_2023_01_01,CUS_0xacfa,1,30dpd_6mob,2023-07-01
CUS_0xad13_2023_01_01,CUS_0xad13,0,30dpd_6mob,2023-07-01
CUS_0xad1d_2023_01_01,CUS_0xad1d,0,30dpd_6mob,2023-07-01
CUS_0xad90_2023_01_01,CUS_0xad90,0,30dpd_6mob,2023-07-01
CUS_0xadb2_2023_01_01,CUS_0xadb2,0,30dpd_6mob,2023-07-01
CUS_0xadb8_2023_01_01,CUS_0xadb8,1,30dpd_6mob,2023-07-01
CUS_0xae51_2023_01_01,CUS_0xae51,0,30dpd_6mob,2023-07-01
CUS_0xae6a_2023_01_01,CUS_0xae6a,0,30dpd_6mob,2023-07-01
CUS_0xae7d_2023_01_01,CUS_0xae7d,0,30dpd_6mob,2023-07-01
CUS_0xae9e_2023_01_01,CUS_0xae9e,1,30dpd_6mob,2023-07-01
CUS_0xaebc_2023_01_01,CUS_0xaebc,0,30dpd_6mob,2023-07-01
CUS_0xaf09_2023_01_01,CUS_0xaf09,0,30dpd_6mob,2023-07-01
CUS_0xafb5_2023_01_01,CUS_0xafb5,1,30dpd_6mob,2023-07-01
CUS_0xb0bd_2023_01_01,CUS_0xb0bd,0,30dpd_6mob,2023-07-01
CUS_0xb0c4_2023_01_01,CUS_0xb0c4,1,30dpd_6mob,2023-07-01
CUS_0xb0e4_2023_01_01,CUS_0xb0e4,0,30dpd_6mob,2023-07-01
CUS_0xb1f5_2023_01_01,CUS_0xb1f5,0,30dpd_6mob,2023-07-01
CUS_0xb220_2023_01_01,CUS_0xb220,1,30dpd_6mob,2023-07-01
CUS_0xb2b8_2023_01_01,CUS_0xb2b8,0,30dpd_6mob,2023-07-01
CUS_0xb381_2023_01_01,CUS_0xb381,0,30dpd_6mob,2023-07-01
CUS_0xb3f4_2023_01_01,CUS_0xb3f4,0,30dpd_6mob,2023-07-01
CUS_0xb403_2023_01_01,CUS_0xb403,0,30dpd_6mob,2023-07-01
CUS_0xb41f_2023_01_01,CUS_0xb41f,0,30dpd_6mob,2023-07-01
CUS_0xb424_2023_01_01,CUS_0xb424,0,30dpd_6mob,2023-07-01
CUS_0xb437_2023_01_01,CUS_0xb437,0,30dpd_6mob,2023-07-01
CUS_0xb46_2023_01_01,CUS_0xb46,0,30dpd_6mob,2023-07-01
CUS_0xb4d8_2023_01_01,CUS_0xb4d8,0,30dpd_6mob,2023-07-01
CUS_0xb51c_2023_01_01,CUS_0xb51c,1,30dpd_6mob,2023-07-01
CUS_0xb64a_2023_01_01,CUS_0xb64a,0,30dpd_6mob,2023-07-01
CUS_0xb662_2023_01_01,CUS_0xb662,0,30dpd_6mob,2023-07-01
CUS_0xb67c_2023_01_01,CUS_0xb67c,0,30dpd_6mob,2023-07-01
CUS_0xb685_2023_01_01,CUS_0xb685,1,30dpd_6mob,2023-07-01
CUS_0xb6e3_2023_01_01,CUS_0xb6e3,0,30dpd_6mob,2023-07-01
CUS_0xb73_2023_01_01,CUS_0xb73,1,30dpd_6mob,2023-07-01
CUS_0xb745_2023_01_01,CUS_0xb745,0,30dpd_6mob,2023-07-01
CUS_0xb875_2023_01_01,CUS_0xb875,0,30dpd_6mob,2023-07-01
CUS_0xb8b9_2023_01_01,CUS_0xb8b9,1,30dpd_6mob,2023-07-01
CUS_0xb915_2023_01_01,CUS_0xb915,1,30dpd_6mob,2023-07-01
CUS_0xb93e_2023_01_01,CUS_0xb93e,0,30dpd_6mob,2023-07-01
CUS_0xba9d_2023_01_01,CUS_0xba9d,1,30dpd_6mob,2023-07-01
CUS_0xbbe4_2023_01_01,CUS_0xbbe4,0,30dpd_6mob,2023-07-01
CUS_0xbca6_2023_01_01,CUS_0xbca6,1,30dpd_6mob,2023-07-01
CUS_0xbd1f_2023_01_01,CUS_0xbd1f,0,30dpd_6mob,2023-07-01
CUS_0xbd8f_2023_01_01,CUS_0xbd8f,1,30dpd_6mob,2023-07-01
CUS_0xbf01_2023_01_01,CUS_0xbf01,0,30dpd_6mob,2023-07-01
CUS_0xbf38_2023_01_01,CUS_0xbf38,0,30dpd_6mob,2023-07-01
CUS_0xbf55_2023_01_01,CUS_0xbf55,1,30dpd_6mob,2023-07-01
CUS_0xc010_2023_01_01,CUS_0xc010,0,30dpd_6mob,2023-07-01
CUS_0xc055_2023_01_01,CUS_0xc055,0,30dpd_6mob,2023-07-01
CUS_0xc063_2023_01_01,CUS_0xc063,0,30dpd_6mob,2023-07-01
CUS_0xc0f6_2023_01_01,CUS_0xc0f6,0,30dpd_6mob,2023-07-01
CUS_0xc144_2023_01_01,CUS_0xc144,0,30dpd_6mob,2023-07-01
CUS_0xc18b_2023_01_01,CUS_0xc18b,0,30dpd_6mob,2023-07-01
CUS_0xc1b3_2023_01_01,CUS_0xc1b3,0,30dpd_6mob,2023-07-01
CUS_0xc1b4_2023_01_01,CUS_0xc1b4,0,30dpd_6mob,2023-07-01
CUS_0xc1e7_2023_01_01,CUS_0xc1e7,0,30dpd_6mob,2023-07-01
CUS_0xc206_2023_01_01,CUS_0xc206,1,30dpd_6mob,2023-07-01
CUS_0xc254_2023_01_01,CUS_0xc254,0,30dpd_6mob,2023-07-01
CUS_0xc29e_2023_01_01,CUS_0xc29e,0,30dpd_6mob,2023-07-01
CUS_0xc2e2_2023_01_01,CUS_0xc2e2,0,30dpd_6mob,2023-07-01
CUS_0xc2ea_2023_01_01,CUS_0xc2ea,1,30dpd_6mob,2023-07-01
CUS_0xc2fd_2023_01_01,CUS_0xc2fd,0,30dpd_6mob,2023-07-01
CUS_0xc305_2023_01_01,CUS_0xc305,1,30dpd_6mob,2023-07-01
CUS_0xc38a_2023_01_01,CUS_0xc38a,0,30dpd_6mob,2023-07-01
CUS_0xc3aa_2023_01_01,CUS_0xc3aa,0,30dpd_6mob,2023-07-01
CUS_0xc3d0_2023_01_01,CUS_0xc3d0,0,30dpd_6mob,2023-07-01
CUS_0xc3ee_2023_01_01,CUS_0xc3ee,0,30dpd_6mob,2023-07-01
CUS_0xc465_2023_01_01,CUS_0xc465,0,30dpd_6mob,2023-07-01
CUS_0xc4c3_2023_01_01,CUS_0xc4c3,1,30dpd_6mob,2023-07-01
CUS_0xc5cb_2023_01_01,CUS_0xc5cb,0,30dpd_6mob,2023-07-01
CUS_0xc5e8_2023_01_01,CUS_0xc5e8,1,30dpd_6mob,2023-07-01
CUS_0xc60e_2023_01_01,CUS_0xc60e,0,30dpd_6mob,2023-07-01
CUS_0xc622_2023_01_01,CUS_0xc622,0,30dpd_6mob,2023-07-01
CUS_0xc63b_2023_01_01,CUS_0xc63b,0,30dpd_6mob,2023-07-01
CUS_0xc686_2023_01_01,CUS_0xc686,0,30dpd_6mob,2023-07-01
CUS_0xc712_2023_01_01,CUS_0xc712,0,30dpd_6mob,2023-07-01
CUS_0xc716_2023_01_01,CUS_0xc716,1,30dpd_6mob,2023-07-01
CUS_0xcf0_2023_01_01,CUS_0xcf0,0,30dpd_6mob,2023-07-01
CUS_0xd20_2023_01_01,CUS_0xd20,0,30dpd_6mob,2023-07-01
CUS_0xd6f_2023_01_01,CUS_0xd6f,0,30dpd_6mob,2023-07-01
CUS_0xd73_2023_01_01,CUS_0xd73,0,30dpd_6mob,2023-07-01
CUS_0xdd3_2023_01_01,CUS_0xdd3,0,30dpd_6mob,2023-07-01
CUS_0xdd8_2023_01_01,CUS_0xdd8,0,30dpd_6mob,2023-07-01
CUS_0xde2_2023_01_01,CUS_0xde2,0,30dpd_6mob,2023-07-01
CUS_0xdfb_2023_01_01,CUS_0xdfb,0,30dpd_6mob,2023-07-01
CUS_0xe28_2023_01_01,CUS_0xe28,0,30dpd_6mob,2023-07-01
CUS_0xe64_2023_01_01,CUS_0xe64,0,30dpd_6mob,2023-07-01
CUS_0xe84_2023_01_01,CUS_0xe84,0,30dpd_6mob,2023-07-01
CUS_0xe98_2023_01_01,CUS_0xe98,0,30dpd_6mob,2023-07-01
CUS_0xea6_2023_01_01,CUS_0xea6,0,30dpd_6mob,2023-07-01
CUS_0xed3_2023_01_01,CUS_0xed3,0,30dpd_6mob,2023-07-01
CUS_0xed8_2023_01_01,CUS_0xed8,0,30dpd_6mob,2023-07-01
CUS_0xfc9_2023_01_01,CUS_0xfc9,1,30dpd_6mob,2023-07-01
CUS_0x1000_2023_05_01,CUS_0x1000,1,30dpd_6mob,2023-11-01
CUS_0x108a_2023_05_01,CUS_0x108a,0,30dpd_6mob,2023-11-01
CUS_0x10f9_2023_05_01,CUS_0x10f9,0,30dpd_6mob,2023-11-01
CUS_0x1119_2023_05_01,CUS_0x1119,1,30dpd_6mob,2023-11-01
CUS_0x1192_2023_05_01,CUS_0x1192,0,30dpd_6mob,2023-11-01
CUS_0x11b1_2023_05_01,CUS_0x11b1,0,30dpd_6mob,2023-11-01
CUS_0x12a7_2023_05_01,CUS_0x12a7,0,30dpd_6mob,2023-11-01
CUS_0x12a9_2023_05_01,CUS_0x12a9,0,30dpd_6mob,2023-11-01
CUS_0x1340_2023_05_01,CUS_0x1340,0,30dpd_6mob,2023-11-01
CUS_0x13d1_2023_05_01,CUS_0x13d1,1,30dpd_6mob,2023-11-01
CUS_0x13eb_2023_05_01,CUS_0x13eb,1,30dpd_6mob,2023-11-01
CUS_0x14ba_2023_05_01,CUS_0x14ba,1,30dpd_6mob,2023-11-01
CUS_0x1577_2023_05_01,CUS_0x1577,0,30dpd_6mob,2023-11-01
CUS_0x1616_2023_05_01,CUS_0x1616,0,30dpd_6mob,2023-11-01
CUS_0x168d_2023_05_01,CUS_0x168d,0,30dpd_6mob,2023-11-01
CUS_0x1735_2023_05_01,CUS_0x1735,0,30dpd_6mob,2023-11-01
CUS_0x1786_2023_05_01,CUS_0x1786,0,30dpd_6mob,2023-11-01
CUS_0x17a9_2023_05_01,CUS_0x17a9,0,30dpd_6mob,2023-11-01
CUS_0x17b0_2023_05_01,CUS_0x17b0,0,30dpd_6mob,2023-11-01
CUS_0x17c4_2023_05_01,CUS_0x17c4,1,30dpd_6mob,2023-11-01
CUS_0x1854_2023_05_01,CUS_0x1854,0,30dpd_6mob,2023-11-01
CUS_0x1962_2023_05_01,CUS_0x1962,0,30dpd_6mob,2023-11-01
CUS_0x1a87_2023_05_01,CUS_0x1a87,0,30dpd_6mob,2023-11-01
CUS_0x1b07_2023_05_01,CUS_0x1b07,0,30dpd_6mob,2023-11-01
CUS_0x1b0c_2023_05_01,CUS_0x1b0c,1,30dpd_6mob,2023-11-01
CUS_0x1bf1_2023_05_01,CUS_0x1bf1,0,30dpd_6mob,2023-11-01
CUS_0x1c57_2023_05_01,CUS_0x1c57,0,30dpd_6mob,2023-11-01
CUS_0x1cf3_2023_05_01,CUS_0x1cf3,0,30dpd_6mob,2023-11-01
CUS_0x1d46_2023_05_01,CUS_0x1d46,0,30dpd_6mob,2023-11-01
CUS_0x1db4_2023_05_01,CUS_0x1db4,0,30dpd_6mob,2023-11-01
CUS_0x1e41_2023_05_01,CUS_0x1e41,0,30dpd_6mob,2023-11-01
CUS_0x1e96_2023_05_01,CUS_0x1e96,1,30dpd_6mob,2023-11-01
CUS_0x1ecf_2023_05_01,CUS_0x1ecf,0,30dpd_6mob,2023-11-01
CUS_0x1ee3_2023_05_01,CUS_0x1ee3,1,30dpd_6mob,2023-11-01
CUS_0x1ef1_2023_05_01,CUS_0x1ef1,0,30dpd_6mob,2023-11-01
CUS_0x1f87_2023_05_01,CUS_0x1f87,0,30dpd_6mob,2023-11-01
CUS_0x1fe3_2023_05_01,CUS_0x1fe3,1,30dpd_6mob,2023-11-01
CUS_0x203c_2023_05_01,CUS_0x203c,0,30dpd_6mob,2023-11-01
CUS_0x2043_2023_05_01,CUS_0x2043,0,30dpd_6mob,2023-11-01
CUS_0x20bf_2023_05_01,CUS_0x20bf,0,30dpd_6mob,2023-11-01
CUS_0x20da_2023_05_01,CUS_0x20da,0,30dpd_6mob,2023-11-01
CUS_0x21fa_2023_05_01,CUS_0x21fa,0,30dpd_6mob,2023-11-01
CUS_0x221f_2023_05_01,CUS_0x221f,0,30dpd_6mob,2023-11-01
CUS_0x2240_2023_05_01,CUS_0x2240,0,30dpd_6mob,2023-11-01
CUS_0x2242_2023_05_01,CUS_0x2242,1,30dpd_6mob,2023-11-01
CUS_0x226a_2023_05_01,CUS_0x226a,0,30dpd_6mob,2023-11-01
CUS_0x2296_2023_05_01,CUS_0x2296,0,30dpd_6mob,2023-11-01
CUS_0x22e0_2023_05_01,CUS_0x22e0,1,30dpd_6mob,2023-11-01
CUS_0x2350_2023_05_01,CUS_0x2350,0,30dpd_6mob,2023-11-01
CUS_0x23ae_2023_05_01,CUS_0x23ae,1,30dpd_6mob,2023-11-01
CUS_0x2408_2023_05_01,CUS_0x2408,1,30dpd_6mob,2023-11-01
CUS_0x2473_2023_05_01,CUS_0x2473,0,30dpd_6mob,2023-11-01
CUS_0x247b_2023_05_01,CUS_0x247b,0,30dpd_6mob,2023-11-01
CUS_0x24cf_2023_05_01,CUS_0x24cf,0,30dpd_6mob,2023-11-01
CUS_0x24fc_2023_05_01,CUS_0x24fc,1,30dpd_6mob,2023-11-01
CUS_0x2567_2023_05_01,CUS_0x2567,0,30dpd_6mob,2023-11-01
CUS_0x258b_2023_05_01,CUS_0x258b,1,30dpd_6mob,2023-11-01
CUS_0x26d0_2023_05_01,CUS_0x26d0,0,30dpd_6mob,2023-11-01
CUS_0x270e_2023_05_01,CUS_0x270e,1,30dpd_6mob,2023-11-01
CUS_0x2777_2023_05_01,CUS_0x2777,0,30dpd_6mob,2023-11-01
CUS_0x2803_2023_05_01,CUS_0x2803,0,30dpd_6mob,2023-11-01
CUS_0x280b_2023_05_01,CUS_0x280b,0,30dpd_6mob,2023-11-01
CUS_0x282a_2023_05_01,CUS_0x282a,1,30dpd_6mob,2023-11-01
CUS_0x2879_2023_05_01,CUS_0x2879,1,30dpd_6mob,2023-11-01
CUS_0x2950_2023_05_01,CUS_0x2950,0,30dpd_6mob,2023-11-01
CUS_0x295f_2023_05_01,CUS_0x295f,0,30dpd_6mob,2023-11-01
CUS_0x2976_2023_05_01,CUS_0x2976,0,30dpd_6mob,2023-11-01
CUS_0x2a08_2023_05_01,CUS_0x2a08,1,30dpd_6mob,2023-11-01
CUS_0x2a83_2023_05_01,CUS_0x2a83,0,30dpd_6mob,2023-11-01
CUS_0x2a9a_2023_05_01,CUS_0x2a9a,0,30dpd_6mob,2023-11-01
CUS_0x2ad6_2023_05_01,CUS_0x2ad6,0,30dpd_6mob,2023-11-01
CUS_0x2b94_2023_05_01,CUS_0x2b94,0,30dpd_6mob,2023-11-01
CUS_0x2c18_2023_05_01,CUS_0x2c18,1,30dpd_6mob,2023-11-01
CUS_0x2c54_2023_05_01,CUS_0x2c54,0,30dpd_6mob,2023-11-01
CUS_0x2c6a_2023_05_01,CUS_0x2c6a,1,30dpd_6mob,2023-11-01
CUS_0x2c87_2023_05_01,CUS_0x2c87,0,30dpd_6mob,2023-11-01
CUS_0x2c99_2023_05_01,CUS_0x2c99,1,30dpd_6mob,2023-11-01
CUS_0x2cb1_2023_05_01,CUS_0x2cb1,0,30dpd_6mob,2023-11-01
CUS_0x2db7_2023_05_01,CUS_0x2db7,0,30dpd_6mob,2023-11-01
CUS_0x2dd5_2023_05_01,CUS_0x2dd5,0,30dpd_6mob,2023-11-01
CUS_0x2deb_2023_05_01,CUS_0x2deb,0,30dpd_6mob,2023-11-01
CUS_0x2e5e_2023_05_01,CUS_0x2e5e,0,30dpd_6mob,2023-11-01
CUS_0x2ed7_2023_05_01,CUS_0x2ed7,0,30dpd_6mob,2023-11-01
CUS_0x2ff6_2023_05_01,CUS_0x2ff6,0,30dpd_6mob,2023-11-01
CUS_0x3023_2023_05_01,CUS_0x3023,1,30dpd_6mob,2023-11-01
CUS_0x3077_2023_05_01,CUS_0x3077,0,30dpd_6mob,2023-11-01
CUS_0x3091_2023_05_01,CUS_0x3091,0,30dpd_6mob,2023-11-01
CUS_0x30f7_2023_05_01,CUS_0x30f7,0,30dpd_6mob,2023-11-01
CUS_0x3191_2023_05_01,CUS_0x3191,0,30dpd_6mob,2023-11-01
CUS_0x31d5_2023_05_01,CUS_0x31d5,0,30dpd_6mob,2023-11-01
CUS_0x3201_2023_05_01,CUS_0x3201,0,30dpd_6mob,2023-11-01
CUS_0x32b8_2023_05_01,CUS_0x32b8,0,30dpd_6mob,2023-11-01
CUS_0x3319_2023_05_01,CUS_0x3319,0,30dpd_6mob,2023-11-01
CUS_0x333e_2023_05_01,CUS_0x333e,0,30dpd_6mob,2023-11-01
CUS_0x3340_2023_05_01,CUS_0x3340,1,30dpd_6mob,2023-11-01
CUS_0x347b_2023_05_01,CUS_0x347b,1,30dpd_6mob,2023-11-01
CUS_0x3489_2023_05_01,CUS_0x3489,0,30dpd_6mob,2023-11-01
CUS_0x34c9_2023_05_01,CUS_0x34c9,1,30dpd_6mob,2023-11-01
CUS_0x34ed_2023_05_01,CUS_0x34ed,0,30dpd_6mob,2023-11-01
CUS_0x3507_2023_05_01,CUS_0x3507,0,30dpd_6mob,2023-11-01
CUS_0x35bd_2023_05_01,CUS_0x35bd,0,30dpd_6mob,2023-11-01
CUS_0x35cb_2023_05_01,CUS_0x35cb,0,30dpd_6mob,2023-11-01
CUS_0x35e6_2023_05_01,CUS_0x35e6,1,30dpd_6mob,2023-11-01
CUS_0x36b4_2023_05_01,CUS_0x36b4,0,30dpd_6mob,2023-11-01
CUS_0x3768_2023_05_01,CUS_0x3768,0,30dpd_6mob,2023-11-01
CUS_0x3777_2023_05_01,CUS_0x3777,0,30dpd_6mob,2023-11-01
CUS_0x37e3_2023_05_01,CUS_0x37e3,0,30dpd_6mob,2023-11-01
CUS_0x3866_2023_05_01,CUS_0x3866,1,30dpd_6mob,2023-11-01
CUS_0x38c1_2023_05_01,CUS_0x38c1,0,30dpd_6mob,2023-11-01
CUS_0x3910_2023_05_01,CUS_0x3910,0,30dpd_6mob,2023-11-01
CUS_0x3913_2023_05_01,CUS_0x3913,0,30dpd_6mob,2023-11-01
CUS_0x39d4_2023_05_01,CUS_0x39d4,1,30dpd_6mob,2023-11-01
CUS_0x3a0b_2023_05_01,CUS_0x3a0b,0,30dpd_6mob,2023-11-01
CUS_0x3b2b_2023_05_01,CUS_0x3b2b,0,30dpd_6mob,2023-11-01
CUS_0x3b36_2023_05_01,CUS_0x3b36,0,30dpd_6mob,2023-11-01
CUS_0x3b89_2023_05_01,CUS_0x3b89,0,30dpd_6mob,2023-11-01
CUS_0x3bb8_2023_05_01,CUS_0x3bb8,1,30dpd_6mob,2023-11-01
CUS_0x3be2_2023_05_01,CUS_0x3be2,0,30dpd_6mob,2023-11-01
CUS_0x3c09_2023_05_01,CUS_0x3c09,0,30dpd_6mob,2023-11-01
CUS_0x3c46_2023_05_01,CUS_0x3c46,0,30dpd_6mob,2023-11-01
CUS_0x3d26_2023_05_01,CUS_0x3d26,0,30dpd_6mob,2023-11-01
CUS_0x3d51_2023_05_01,CUS_0x3d51,0,30dpd_6mob,2023-11-01
CUS_0x3d9c_2023_05_01,CUS_0x3d9c,0,30dpd_6mob,2023-11-01
CUS_0x3de0_2023_05_01,CUS_0x3de0,0,30dpd_6mob,2023-11-01
CUS_0x3f18_2023_05_01,CUS_0x3f18,0,30dpd_6mob,2023-11-01
CUS_0x3f6_2023_05_01,CUS_0x3f6,0,30dpd_6mob,2023-11-01
CUS_0x3f9_2023_05_01,CUS_0x3f9,1,30dpd_6mob,2023-11-01
CUS_0x404d_2023_05_01,CUS_0x404d,0,30dpd_6mob,2023-11-01
CUS_0x40a3_2023_05_01,CUS_0x40a3,1,30dpd_6mob,2023-11-01
CUS_0x4122_2023_05_01,CUS_0x4122,1,30dpd_6mob,2023-11-01
CUS_0x412f_2023_05_01,CUS_0x412f,0,30dpd_6mob,2023-11-01
CUS_0x417b_2023_05_01,CUS_0x417b,1,30dpd_6mob,2023-11-01
CUS_0x4182_2023_05_01,CUS_0x4182,0,30dpd_6mob,2023-11-01
CUS_0x41c9_2023_05_01,CUS_0x41c9,0,30dpd_6mob,2023-11-01
CUS_0x41de_2023_05_01,CUS_0x41de,1,30dpd_6mob,2023-11-01
CUS_0x41fa_2023_05_01,CUS_0x41fa,0,30dpd_6mob,2023-11-01
CUS_0x42d2_2023_05_01,CUS_0x42d2,1,30dpd_6mob,2023-11-01
CUS_0x4318_2023_05_01,CUS_0x4318,0,30dpd_6mob,2023-11-01
CUS_0x434c_2023_05_01,CUS_0x434c,0,30dpd_6mob,2023-11-01
CUS_0x4389_2023_05_01,CUS_0x4389,0,30dpd_6mob,2023-11-01
CUS_0x43a7_2023_05_01,CUS_0x43a7,1,30dpd_6mob,2023-11-01
CUS_0x440f_2023_05_01,CUS_0x440f,0,30dpd_6mob,2023-11-01
CUS_0x443a_2023_05_01,CUS_0x443a,0,30dpd_6mob,2023-11-01
CUS_0x446b_2023_05_01,CUS_0x446b,0,30dpd_6mob,2023-11-01
CUS_0x4480_2023_05_01,CUS_0x4480,0,30dpd_6mob,2023-11-01
CUS_0x44a4_2023_05_01,CUS_0x44a4,0,30dpd_6mob,2023-11-01
CUS_0x44bb_2023_05_01,CUS_0x44bb,0,30dpd_6mob,2023-11-01
CUS_0x453a_2023_05_01,CUS_0x453a,0,30dpd_6mob,2023-11-01
CUS_0x45db_2023_05_01,CUS_0x45db,0,30dpd_6mob,2023-11-01
CUS_0x4636_2023_05_01,CUS_0x4636,1,30dpd_6mob,2023-11-01
CUS_0x4638_2023_05_01,CUS_0x4638,0,30dpd_6mob,2023-11-01
CUS_0x464f_2023_05_01,CUS_0x464f,0,30dpd_6mob,2023-11-01
CUS_0x46d2_2023_05_01,CUS_0x46d2,1,30dpd_6mob,2023-11-01
CUS_0x4750_2023_05_01,CUS_0x4750,1,30dpd_6mob,2023-11-01
CUS_0x482d_2023_05_01,CUS_0x482d,0,30dpd_6mob,2023-11-01
CUS_0x48cc_2023_05_01,CUS_0x48cc,0,30dpd_6mob,2023-11-01
CUS_0x4969_2023_05_01,CUS_0x4969,0,30dpd_6mob,2023-11-01
CUS_0x49fe_2023_05_01,CUS_0x49fe,1,30dpd_6mob,2023-11-01
CUS_0x4a9c_2023_05_01,CUS_0x4a9c,0,30dpd_6mob,2023-11-01
CUS_0x4bbb_2023_05_01,CUS_0x4bbb,0,30dpd_6mob,2023-11-01
CUS_0x4be1_2023_05_01,CUS_0x4be1,0,30dpd_6mob,2023-11-01
CUS_0x4ceb_2023_05_01,CUS_0x4ceb,0,30dpd_6mob,2023-11-01
CUS_0x4d33_2023_05_01,CUS_0x4d33,0,30dpd_6mob,2023-11-01
CUS_0x4d3d_2023_05_01,CUS_0x4d3d,1,30dpd_6mob,2023-11-01
CUS_0x4d6d_2023_05_01,CUS_0x4d6d,0,30dpd_6mob,2023-11-01
CUS_0x4da0_2023_05_01,CUS_0x4da0,0,30dpd_6mob,2023-11-01
CUS_0x4dcd_2023_05_01,CUS_0x4dcd,0,30dpd_6mob,2023-11-01
CUS_0x4e14_2023_05_01,CUS_0x4e14,0,30dpd_6mob,2023-11-01
CUS_0x4e47_2023_05_01,CUS_0x4e47,0,30dpd_6mob,2023-11-01
CUS_0x4e8f_2023_05_01,CUS_0x4e8f,1,30dpd_6mob,2023-11-01
CUS_0x4f4f_2023_05_01,CUS_0x4f4f,0,30dpd_6mob,2023-11-01
CUS_0x502c_2023_05_01,CUS_0x502c,0,30dpd_6mob,2023-11-01
CUS_0x5049_2023_05_01,CUS_0x5049,0,30dpd_6mob,2023-11-01
CUS_0x5050_2023_05_01,CUS_0x5050,0,30dpd_6mob,2023-11-01
CUS_0x50d4_2023_05_01,CUS_0x50d4,1,30dpd_6mob,2023-11-01
CUS_0x50dd_2023_05_01,CUS_0x50dd,0,30dpd_6mob,2023-11-01
CUS_0x510f_2023_05_01,CUS_0x510f,1,30dpd_6mob,2023-11-01
CUS_0x511f_2023_05_01,CUS_0x511f,0,30dpd_6mob,2023-11-01
CUS_0x5157_2023_05_01,CUS_0x5157,0,30dpd_6mob,2023-11-01
CUS_0x5172_2023_05_01,CUS_0x5172,1,30dpd_6mob,2023-11-01
CUS_0x517c_2023_05_01,CUS_0x517c,0,30dpd_6mob,2023-11-01
CUS_0x519e_2023_05_01,CUS_0x519e,0,30dpd_6mob,2023-11-01
CUS_0x51a1_2023_05_01,CUS_0x51a1,0,30dpd_6mob,2023-11-01
CUS_0x51cb_2023_05_01,CUS_0x51cb,0,30dpd_6mob,2023-11-01
CUS_0x51e6_2023_05_01,CUS_0x51e6,0,30dpd_6mob,2023-11-01
CUS_0x51f_2023_05_01,CUS_0x51f,0,30dpd_6mob,2023-11-01
CUS_0x5205_2023_05_01,CUS_0x5205,1,30dpd_6mob,2023-11-01
CUS_0x5257_2023_05_01,CUS_0x5257,0,30dpd_6mob,2023-11-01
CUS_0x5293_2023_05_01,CUS_0x5293,0,30dpd_6mob,2023-11-01
CUS_0x5321_2023_05_01,CUS_0x5321,0,30dpd_6mob,2023-11-01
CUS_0x53ad_2023_05_01,CUS_0x53ad,0,30dpd_6mob,2023-11-01
CUS_0x53c0_2023_05_01,CUS_0x53c0,0,30dpd_6mob,2023-11-01
CUS_0x53f0_2023_05_01,CUS_0x53f0,0,30dpd_6mob,2023-11-01
CUS_0x5413_2023_05_01,CUS_0x5413,1,30dpd_6mob,2023-11-01
CUS_0x5585_2023_05_01,CUS_0x5585,0,30dpd_6mob,2023-11-01
CUS_0x5634_2023_05_01,CUS_0x5634,0,30dpd_6mob,2023-11-01
CUS_0x5648_2023_05_01,CUS_0x5648,0,30dpd_6mob,2023-11-01
CUS_0x569b_2023_05_01,CUS_0x569b,0,30dpd_6mob,2023-11-01
CUS_0x5711_2023_05_01,CUS_0x5711,0,30dpd_6mob,2023-11-01
CUS_0x5753_2023_05_01,CUS_0x5753,0,30dpd_6mob,2023-11-01
CUS_0x575e_2023_05_01,CUS_0x575e,0,30dpd_6mob,2023-11-01
CUS_0x57c9_2023_05_01,CUS_0x57c9,0,30dpd_6mob,2023-11-01
CUS_0x57e8_2023_05_01,CUS_0x57e8,1,30dpd_6mob,2023-11-01
CUS_0x57f0_2023_05_01,CUS_0x57f0,0,30dpd_6mob,2023-11-01
CUS_0x5803_2023_05_01,CUS_0x5803,0,30dpd_6mob,2023-11-01
CUS_0x5813_2023_05_01,CUS_0x5813,0,30dpd_6mob,2023-11-01
CUS_0x58ba_2023_05_01,CUS_0x58ba,0,30dpd_6mob,2023-11-01
CUS_0x58f7_2023_05_01,CUS_0x58f7,0,30dpd_6mob,2023-11-01
CUS_0x593c_2023_05_01,CUS_0x593c,0,30dpd_6mob,2023-11-01
CUS_0x594e_2023_05_01,CUS_0x594e,1,30dpd_6mob,2023-11-01
CUS_0x5998_2023_05_01,CUS_0x5998,0,30dpd_6mob,2023-11-01
CUS_0x5a2f_2023_05_01,CUS_0x5a2f,0,30dpd_6mob,2023-11-01
CUS_0x5a4f_2023_05_01,CUS_0x5a4f,1,30dpd_6mob,2023-11-01
CUS_0x5abc_2023_05_01,CUS_0x5abc,0,30dpd_6mob,2023-11-01
CUS_0x5adc_2023_05_01,CUS_0x5adc,0,30dpd_6mob,2023-11-01
CUS_0x5aeb_2023_05_01,CUS_0x5aeb,1,30dpd_6mob,2023-11-01
CUS_0x5b05_2023_05_01,CUS_0x5b05,1,30dpd_6mob,2023-11-01
CUS_0x5b2a_2023_05_01,CUS_0x5b2a,0,30dpd_6mob,2023-11-01
CUS_0x5b30_2023_05_01,CUS_0x5b30,0,30dpd_6mob,2023-11-01
CUS_0x5b42_2023_05_01,CUS_0x5b42,0,30dpd_6mob,2023-11-01
CUS_0x5c53_2023_05_01,CUS_0x5c53,1,30dpd_6mob,2023-11-01
CUS_0x5c8d_2023_05_01,CUS_0x5c8d,0,30dpd_6mob,2023-11-01
CUS_0x5cd7_2023_05_01,CUS_0x5cd7,0,30dpd_6mob,2023-11-01
CUS_0x5d3f_2023_05_01,CUS_0x5d3f,0,30dpd_6mob,2023-11-01
CUS_0x5d65_2023_05_01,CUS_0x5d65,0,30dpd_6mob,2023-11-01
CUS_0x5d77_2023_05_01,CUS_0x5d77,1,30dpd_6mob,2023-11-01
CUS_0x5e19_2023_05_01,CUS_0x5e19,0,30dpd_6mob,2023-11-01
CUS_0x5e22_2023_05_01,CUS_0x5e22,0,30dpd_6mob,2023-11-01
CUS_0x5e99_2023_05_01,CUS_0x5e99,0,30dpd_6mob,2023-11-01
CUS_0x5ee1_2023_05_01,CUS_0x5ee1,0,30dpd_6mob,2023-11-01
CUS_0x5f25_2023_05_01,CUS_0x5f25,0,30dpd_6mob,2023-11-01
CUS_0x5fc6_2023_05_01,CUS_0x5fc6,0,30dpd_6mob,2023-11-01
CUS_0x5fcb_2023_05_01,CUS_0x5fcb,0,30dpd_6mob,2023-11-01
CUS_0x6072_2023_05_01,CUS_0x6072,0,30dpd_6mob,2023-11-01
CUS_0x614e_2023_05_01,CUS_0x614e,0,30dpd_6mob,2023-11-01
CUS_0x6171_2023_05_01,CUS_0x6171,0,30dpd_6mob,2023-11-01
CUS_0x61a1_2023_05_01,CUS_0x61a1,0,30dpd_6mob,2023-11-01
CUS_0x61f7_2023_05_01,CUS_0x61f7,0,30dpd_6mob,2023-11-01
CUS_0x61f8_2023_05_01,CUS_0x61f8,0,30dpd_6mob,2023-11-01
CUS_0x620b_2023_05_01,CUS_0x620b,0,30dpd_6mob,2023-11-01
CUS_0x635d_2023_05_01,CUS_0x635d,0,30dpd_6mob,2023-11-01
CUS_0x63a6_2023_05_01,CUS_0x63a6,0,30dpd_6mob,2023-11-01
CUS_0x63c1_2023_05_01,CUS_0x63c1,0,30dpd_6mob,2023-11-01
CUS_0x63ec_2023_05_01,CUS_0x63ec,0,30dpd_6mob,2023-11-01
CUS_0x646d_2023_05_01,CUS_0x646d,1,30dpd_6mob,2023-11-01
CUS_0x64c9_2023_05_01,CUS_0x64c9,0,30dpd_6mob,2023-11-01
CUS_0x659b_2023_05_01,CUS_0x659b,0,30dpd_6mob,2023-11-01
CUS_0x66c7_2023_05_01,CUS_0x66c7,1,30dpd_6mob,2023-11-01
CUS_0x675c_2023_05_01,CUS_0x675c,1,30dpd_6mob,2023-11-01
CUS_0x67d0_2023_05_01,CUS_0x67d0,0,30dpd_6mob,2023-11-01
CUS_0x67e2_2023_05_01,CUS_0x67e2,0,30dpd_6mob,2023-11-01
CUS_0x6808_2023_05_01,CUS_0x6808,1,30dpd_6mob,2023-11-01
CUS_0x683d_2023_05_01,CUS_0x683d,0,30dpd_6mob,2023-11-01
CUS_0x689_2023_05_01,CUS_0x689,0,30dpd_6mob,2023-11-01
CUS_0x68a8_2023_05_01,CUS_0x68a8,1,30dpd_6mob,2023-11-01
CUS_0x68dc_2023_05_01,CUS_0x68dc,1,30dpd_6mob,2023-11-01
CUS_0x693a_2023_05_01,CUS_0x693a,1,30dpd_6mob,2023-11-01
CUS_0x69c6_2023_05_01,CUS_0x69c6,0,30dpd_6mob,2023-11-01
CUS_0x6abf_2023_05_01,CUS_0x6abf,0,30dpd_6mob,2023-11-01
CUS_0x6ba9_2023_05_01,CUS_0x6ba9,0,30dpd_6mob,2023-11-01
CUS_0x6bbe_2023_05_01,CUS_0x6bbe,0,30dpd_6mob,2023-11-01
CUS_0x6cf5_2023_05_01,CUS_0x6cf5,0,30dpd_6mob,2023-11-01
CUS_0x6df1_2023_05_01,CUS_0x6df1,0,30dpd_6mob,2023-11-01
CUS_0x6ed3_2023_05_01,CUS_0x6ed3,0,30dpd_6mob,2023-11-01
CUS_0x6ed8_2023_05_01,CUS_0x6ed8,0,30dpd_6mob,2023-11-01
CUS_0x6f0a_2023_05_01,CUS_0x6f0a,1,30dpd_6mob,2023-11-01
CUS_0x6f4c_2023_05_01,CUS_0x6f4c,1,30dpd_6mob,2023-11-01
CUS_0x6f92_2023_05_01,CUS_0x6f92,1,30dpd_6mob,2023-11-01
CUS_0x6f9d_2023_05_01,CUS_0x6f9d,0,30dpd_6mob,2023-11-01
CUS_0x6fa7_2023_05_01,CUS_0x6fa7,0,30dpd_6mob,2023-11-01
CUS_0x7032_2023_05_01,CUS_0x7032,0,30dpd_6mob,2023-11-01
CUS_0x70af_2023_05_01,CUS_0x70af,1,30dpd_6mob,2023-11-01
CUS_0x716c_2023_05_01,CUS_0x716c,0,30dpd_6mob,2023-11-01
CUS_0x71aa_2023_05_01,CUS_0x71aa,1,30dpd_6mob,2023-11-01
CUS_0x71d_2023_05_01,CUS_0x71d,1,30dpd_6mob,2023-11-01
CUS_0x7200_2023_05_01,CUS_0x7200,1,30dpd_6mob,2023-11-01
CUS_0x72fe_2023_05_01,CUS_0x72fe,1,30dpd_6mob,2023-11-01
CUS_0x730d_2023_05_01,CUS_0x730d,0,30dpd_6mob,2023-11-01
CUS_0x7354_2023_05_01,CUS_0x7354,0,30dpd_6mob,2023-11-01
CUS_0x7369_2023_05_01,CUS_0x7369,0,30dpd_6mob,2023-11-01
CUS_0x73d_2023_05_01,CUS_0x73d,0,30dpd_6mob,2023-11-01
CUS_0x73db_2023_05_01,CUS_0x73db,0,30dpd_6mob,2023-11-01
CUS_0x7462_2023_05_01,CUS_0x7462,1,30dpd_6mob,2023-11-01
CUS_0x7473_2023_05_01,CUS_0x7473,0,30dpd_6mob,2023-11-01
CUS_0x74a3_2023_05_01,CUS_0x74a3,1,30dpd_6mob,2023-11-01
CUS_0x74c7_2023_05_01,CUS_0x74c7,0,30dpd_6mob,2023-11-01
CUS_0x74fa_2023_05_01,CUS_0x74fa,0,30dpd_6mob,2023-11-01
CUS_0x7526_2023_05_01,CUS_0x7526,0,30dpd_6mob,2023-11-01
CUS_0x76d1_2023_05_01,CUS_0x76d1,0,30dpd_6mob,2023-11-01
CUS_0x771e_2023_05_01,CUS_0x771e,1,30dpd_6mob,2023-11-01
CUS_0x7820_2023_05_01,CUS_0x7820,0,30dpd_6mob,2023-11-01
CUS_0x7846_2023_05_01,CUS_0x7846,0,30dpd_6mob,2023-11-01
CUS_0x7848_2023_05_01,CUS_0x7848,0,30dpd_6mob,2023-11-01
CUS_0x7863_2023_05_01,CUS_0x7863,1,30dpd_6mob,2023-11-01
CUS_0x78a6_2023_05_01,CUS_0x78a6,0,30dpd_6mob,2023-11-01
CUS_0x78e0_2023_05_01,CUS_0x78e0,0,30dpd_6mob,2023-11-01
CUS_0x795c_2023_05_01,CUS_0x795c,0,30dpd_6mob,2023-11-01
CUS_0x7967_2023_05_01,CUS_0x7967,0,30dpd_6mob,2023-11-01
CUS_0x79d3_2023_05_01,CUS_0x79d3,0,30dpd_6mob,2023-11-01
CUS_0x79ee_2023_05_01,CUS_0x79ee,0,30dpd_6mob,2023-11-01
CUS_0x7a11_2023_05_01,CUS_0x7a11,0,30dpd_6mob,2023-11-01
CUS_0x7a4d_2023_05_01,CUS_0x7a4d,1,30dpd_6mob,2023-11-01
CUS_0x7aba_2023_05_01,CUS_0x7aba,0,30dpd_6mob,2023-11-01
CUS_0x7afc_2023_05_01,CUS_0x7afc,0,30dpd_6mob,2023-11-01
CUS_0x7ba9_2023_05_01,CUS_0x7ba9,0,30dpd_6mob,2023-11-01
CUS_0x7c12_2023_05_01,CUS_0x7c12,0,30dpd_6mob,2023-11-01
CUS_0x7cea_2023_05_01,CUS_0x7cea,0,30dpd_6mob,2023-11-01
CUS_0x7d2c_2023_05_01,CUS_0x7d2c,1,30dpd_6mob,2023-11-01
CUS_0x7d44_2023_05_01,CUS_0x7d44,0,30dpd_6mob,2023-11-01
CUS_0x7dea_2023_05_01,CUS_0x7dea,0,30dpd_6mob,2023-11-01
CUS_0x7df0_2023_05_01,CUS_0x7df0,0,30dpd_6mob,2023-11-01
CUS_0x7e02_2023_05_01,CUS_0x7e02,0,30dpd_6mob,2023-11-01
CUS_0x7e2f_2023_05_01,CUS_0x7e2f,0,30dpd_6mob,2023-11-01
CUS_0x7f2c_2023_05_01,CUS_0x7f2c,0,30dpd_6mob,2023-11-01
CUS_0x7faf_2023_05_01,CUS_0x7faf,0,30dpd_6mob,2023-11-01
CUS_0x8009_2023_05_01,CUS_0x8009,0,30dpd_6mob,2023-11-01
CUS_0x8049_2023_05_01,CUS_0x8049,0,30dpd_6mob,2023-11-01
CUS_0x81e4_2023_05_01,CUS_0x81e4,1,30dpd_6mob,2023-11-01
CUS_0x8216_2023_05_01,CUS_0x8216,1,30dpd_6mob,2023-11-01
CUS_0x82d5_2023_05_01,CUS_0x82d5,1,30dpd_6mob,2023-11-01
CUS_0x8398_2023_05_01,CUS_0x8398,0,30dpd_6mob,2023-11-01
CUS_0x846e_2023_05_01,CUS_0x846e,1,30dpd_6mob,2023-11-01
CUS_0x84ae_2023_05_01,CUS_0x84ae,0,30dpd_6mob,2023-11-01
CUS_0x84fe_2023_05_01,CUS_0x84fe,1,30dpd_6mob,2023-11-01
CUS_0x8536_2023_05_01,CUS_0x8536,0,30dpd_6mob,2023-11-01
CUS_0x857b_2023_05_01,CUS_0x857b,0,30dpd_6mob,2023-11-01
CUS_0x85bb_2023_05_01,CUS_0x85bb,0,30dpd_6mob,2023-11-01
CUS_0x85d_2023_05_01,CUS_0x85d,0,30dpd_6mob,2023-11-01
CUS_0x85fd_2023_05_01,CUS_0x85fd,0,30dpd_6mob,2023-11-01
CUS_0x862b_2023_05_01,CUS_0x862b,0,30dpd_6mob,2023-11-01
CUS_0x866d_2023_05_01,CUS_0x866d,0,30dpd_6mob,2023-11-01
CUS_0x8694_2023_05_01,CUS_0x8694,0,30dpd_6mob,2023-11-01
CUS_0x870c_2023_05_01,CUS_0x870c,0,30dpd_6mob,2023-11-01
CUS_0x87a_2023_05_01,CUS_0x87a,0,30dpd_6mob,2023-11-01
CUS_0x87a2_2023_05_01,CUS_0x87a2,0,30dpd_6mob,2023-11-01
CUS_0x87ba_2023_05_01,CUS_0x87ba,1,30dpd_6mob,2023-11-01
CUS_0x87cb_2023_05_01,CUS_0x87cb,1,30dpd_6mob,2023-11-01
CUS_0x8843_2023_05_01,CUS_0x8843,0,30dpd_6mob,2023-11-01
CUS_0x8844_2023_05_01,CUS_0x8844,0,30dpd_6mob,2023-11-01
CUS_0x885f_2023_05_01,CUS_0x885f,0,30dpd_6mob,2023-11-01
CUS_0x88b8_2023_05_01,CUS_0x88b8,0,30dpd_6mob,2023-11-01
CUS_0x88e3_2023_05_01,CUS_0x88e3,0,30dpd_6mob,2023-11-01
CUS_0x8908_2023_05_01,CUS_0x8908,0,30dpd_6mob,2023-11-01
CUS_0x8925_2023_05_01,CUS_0x8925,0,30dpd_6mob,2023-11-01
CUS_0x8959_2023_05_01,CUS_0x8959,0,30dpd_6mob,2023-11-01
CUS_0x895d_2023_05_01,CUS_0x895d,0,30dpd_6mob,2023-11-01
CUS_0x897e_2023_05_01,CUS_0x897e,0,30dpd_6mob,2023-11-01
CUS_0x89ec_2023_05_01,CUS_0x89ec,1,30dpd_6mob,2023-11-01
CUS_0x8a20_2023_05_01,CUS_0x8a20,0,30dpd_6mob,2023-11-01
CUS_0x8a31_2023_05_01,CUS_0x8a31,1,30dpd_6mob,2023-11-01
CUS_0x8a5_2023_05_01,CUS_0x8a5,0,30dpd_6mob,2023-11-01
CUS_0x8a73_2023_05_01,CUS_0x8a73,0,30dpd_6mob,2023-11-01
CUS_0x8acf_2023_05_01,CUS_0x8acf,0,30dpd_6mob,2023-11-01
CUS_0x8ba3_2023_05_01,CUS_0x8ba3,1,30dpd_6mob,2023-11-01
CUS_0x8ba4_2023_05_01,CUS_0x8ba4,1,30dpd_6mob,2023-11-01
CUS_0x8bcc_2023_05_01,CUS_0x8bcc,0,30dpd_6mob,2023-11-01
CUS_0x8bfe_2023_05_01,CUS_0x8bfe,1,30dpd_6mob,2023-11-01
CUS_0x8cce_2023_05_01,CUS_0x8cce,0,30dpd_6mob,2023-11-01
CUS_0x8cd_2023_05_01,CUS_0x8cd,0,30dpd_6mob,2023-11-01
CUS_0x8cd0_2023_05_01,CUS_0x8cd0,1,30dpd_6mob,2023-11-01
CUS_0x8d02_2023_05_01,CUS_0x8d02,1,30dpd_6mob,2023-11-01
CUS_0x8dc0_2023_05_01,CUS_0x8dc0,1,30dpd_6mob,2023-11-01
CUS_0x8dfa_2023_05_01,CUS_0x8dfa,1,30dpd_6mob,2023-11-01
CUS_0x8ecf_2023_05_01,CUS_0x8ecf,1,30dpd_6mob,2023-11-01
CUS_0x8f0c_2023_05_01,CUS_0x8f0c,0,30dpd_6mob,2023-11-01
CUS_0x8fa0_2023_05_01,CUS_0x8fa0,0,30dpd_6mob,2023-11-01
CUS_0x8fdf_2023_05_01,CUS_0x8fdf,0,30dpd_6mob,2023-11-01
CUS_0x8fea_2023_05_01,CUS_0x8fea,0,30dpd_6mob,2023-11-01
CUS_0x903f_2023_05_01,CUS_0x903f,0,30dpd_6mob,2023-11-01
CUS_0x905e_2023_05_01,CUS_0x905e,0,30dpd_6mob,2023-11-01
CUS_0x9087_2023_05_01,CUS_0x9087,0,30dpd_6mob,2023-11-01
CUS_0x90a1_2023_05_01,CUS_0x90a1,0,30dpd_6mob,2023-11-01
CUS_0x9189_2023_05_01,CUS_0x9189,1,30dpd_6mob,2023-11-01
CUS_0x91c4_2023_05_01,CUS_0x91c4,0,30dpd_6mob,2023-11-01
CUS_0x9274_2023_05_01,CUS_0x9274,0,30dpd_6mob,2023-11-01
CUS_0x9275_2023_05_01,CUS_0x9275,0,30dpd_6mob,2023-11-01
CUS_0x9296_2023_05_01,CUS_0x9296,0,30dpd_6mob,2023-11-01
CUS_0x9297_2023_05_01,CUS_0x9297,0,30dpd_6mob,2023-11-01
CUS_0x93bb_2023_05_01,CUS_0x93bb,1,30dpd_6mob,2023-11-01
CUS_0x93d2_2023_05_01,CUS_0x93d2,1,30dpd_6mob,2023-11-01
CUS_0x9434_2023_05_01,CUS_0x9434,0,30dpd_6mob,2023-11-01
CUS_0x9534_2023_05_01,CUS_0x9534,0,30dpd_6mob,2023-11-01
CUS_0x95ef_2023_05_01,CUS_0x95ef,1,30dpd_6mob,2023-11-01
CUS_0x95f0_2023_05_01,CUS_0x95f0,0,30dpd_6mob,2023-11-01
CUS_0x970b_2023_05_01,CUS_0x970b,0,30dpd_6mob,2023-11-01
CUS_0x973e_2023_05_01,CUS_0x973e,1,30dpd_6mob,2023-11-01
CUS_0x980b_2023_05_01,CUS_0x980b,0,30dpd_6mob,2023-11-01
CUS_0x9819_2023_05_01,CUS_0x9819,0,30dpd_6mob,2023-11-01
CUS_0x981d_2023_05_01,CUS_0x981d,1,30dpd_6mob,2023-11-01
CUS_0x982e_2023_05_01,CUS_0x982e,0,30dpd_6mob,2023-11-01
CUS_0x9902_2023_05_01,CUS_0x9902,0,30dpd_6mob,2023-11-01
CUS_0x9919_2023_05_01,CUS_0x9919,1,30dpd_6mob,2023-11-01
CUS_0x9931_2023_05_01,CUS_0x9931,0,30dpd_6mob,2023-11-01
CUS_0x995_2023_05_01,CUS_0x995,0,30dpd_6mob,2023-11-01
CUS_0x99a_2023_05_01,CUS_0x99a,1,30dpd_6mob,2023-11-01
CUS_0x99f1_2023_05_01,CUS_0x99f1,0,30dpd_6mob,2023-11-01
CUS_0x9a92_2023_05_01,CUS_0x9a92,0,30dpd_6mob,2023-11-01
CUS_0x9b0f_2023_05_01,CUS_0x9b0f,0,30dpd_6mob,2023-11-01
CUS_0x9b46_2023_05_01,CUS_0x9b46,0,30dpd_6mob,2023-11-01
CUS_0x9b5a_2023_05_01,CUS_0x9b5a,0,30dpd_6mob,2023-11-01
CUS_0x9be9_2023_05_01,CUS_0x9be9,1,30dpd_6mob,2023-11-01
CUS_0x9bf9_2023_05_01,CUS_0x9bf9,0,30dpd_6mob,2023-11-01
CUS_0x9c28_2023_05_01,CUS_0x9c28,1,30dpd_6mob,2023-11-01
CUS_0x9c30_2023_05_01,CUS_0x9c30,0,30dpd_6mob,2023-11-01
CUS_0x9cc4_2023_05_01,CUS_0x9cc4,0,30dpd_6mob,2023-11-01
CUS_0x9ce8_2023_05_01,CUS_0x9ce8,1,30dpd_6mob,2023-11-01
CUS_0x9d86_2023_05_01,CUS_0x9d86,0,30dpd_6mob,2023-11-01
CUS_0x9df6_2023_05_01,CUS_0x9df6,0,30dpd_6mob,2023-11-01
CUS_0x9e3c_2023_05_01,CUS_0x9e3c,0,30dpd_6mob,2023-11-01
CUS_0x9f3_2023_05_01,CUS_0x9f3,0,30dpd_6mob,2023-11-01
CUS_0x9f5e_2023_05_01,CUS_0x9f5e,1,30dpd_6mob,2023-11-01
CUS_0x9fab_2023_05_01,CUS_0x9fab,0,30dpd_6mob,2023-11-01
CUS_0xa005_2023_05_01,CUS_0xa005,0,30dpd_6mob,2023-11-01
CUS_0xa03c_2023_05_01,CUS_0xa03c,0,30dpd_6mob,2023-11-01
CUS_0xa04f_2023_05_01,CUS_0xa04f,1,30dpd_6mob,2023-11-01
CUS_0xa0ee_2023_05_01,CUS_0xa0ee,1,30dpd_6mob,2023-11-01
CUS_0xa0f4_2023_05_01,CUS_0xa0f4,0,30dpd_6mob,2023-11-01
CUS_0xa11c_2023_05_01,CUS_0xa11c,1,30dpd_6mob,2023-11-01
CUS_0xa12_2023_05_01,CUS_0xa12,1,30dpd_6mob,2023-11-01
CUS_0xa1ab_2023_05_01,CUS_0xa1ab,0,30dpd_6mob,2023-11-01
CUS_0xa299_2023_05_01,CUS_0xa299,0,30dpd_6mob,2023-11-01
CUS_0xa29a_2023_05_01,CUS_0xa29a,0,30dpd_6mob,2023-11-01
CUS_0xa2de_2023_05_01,CUS_0xa2de,0,30dpd_6mob,2023-11-01
CUS_0xa300_2023_05_01,CUS_0xa300,0,30dpd_6mob,2023-11-01
CUS_0xa326_2023_05_01,CUS_0xa326,0,30dpd_6mob,2023-11-01
CUS_0xa342_2023_05_01,CUS_0xa342,0,30dpd_6mob,2023-11-01
CUS_0xa37_2023_05_01,CUS_0xa37,1,30dpd_6mob,2023-11-01
CUS_0xa42f_2023_05_01,CUS_0xa42f,1,30dpd_6mob,2023-11-01
CUS_0xa5ac_2023_05_01,CUS_0xa5ac,0,30dpd_6mob,2023-11-01
CUS_0xa5b6_2023_05_01,CUS_0xa5b6,0,30dpd_6mob,2023-11-01
CUS_0xa5be_2023_05_01,CUS_0xa5be,0,30dpd_6mob,2023-11-01
CUS_0xa5ee_2023_05_01,CUS_0xa5ee,0,30dpd_6mob,2023-11-01
CUS_0xa66b_2023_05_01,CUS_0xa66b,0,30dpd_6mob,2023-11-01
CUS_0xa685_2023_05_01,CUS_0xa685,0,30dpd_6mob,2023-11-01
CUS_0xa696_2023_05_01,CUS_0xa696,0,30dpd_6mob,2023-11-01
CUS_0xa6f4_2023_05_01,CUS_0xa6f4,0,30dpd_6mob,2023-11-01
CUS_0xa762_2023_05_01,CUS_0xa762,0,30dpd_6mob,2023-11-01
CUS_0xa77e_2023_05_01,CUS_0xa77e,0,30dpd_6mob,2023-11-01
CUS_0xa7ea_2023_05_01,CUS_0xa7ea,0,30dpd_6mob,2023-11-01
CUS_0xa9f5_2023_05_01,CUS_0xa9f5,1,30dpd_6mob,2023-11-01
CUS_0xaa15_2023_05_01,CUS_0xaa15,0,30dpd_6mob,2023-11-01
CUS_0xaa52_2023_05_01,CUS_0xaa52,0,30dpd_6mob,2023-11-01
CUS_0xaa5b_2023_05_01,CUS_0xaa5b,1,30dpd_6mob,2023-11-01
CUS_0xaa85_2023_05_01,CUS_0xaa85,0,30dpd_6mob,2023-11-01
CUS_0xaac3_2023_05_01,CUS_0xaac3,0,30dpd_6mob,2023-11-01
CUS_0xab17_2023_05_01,CUS_0xab17,0,30dpd_6mob,2023-11-01
CUS_0xab2_2023_05_01,CUS_0xab2,0,30dpd_6mob,2023-11-01
CUS_0xab92_2023_05_01,CUS_0xab92,1,30dpd_6mob,2023-11-01
CUS_0xac39_2023_05_01,CUS_0xac39,0,30dpd_6mob,2023-11-01
CUS_0xac41_2023_05_01,CUS_0xac41,1,30dpd_6mob,2023-11-01
CUS_0xac86_2023_05_01,CUS_0xac86,0,30dpd_6mob,2023-11-01
CUS_0xad38_2023_05_01,CUS_0xad38,1,30dpd_6mob,2023-11-01
CUS_0xad3d_2023_05_01,CUS_0xad3d,0,30dpd_6mob,2023-11-01
CUS_0xae34_2023_05_01,CUS_0xae34,0,30dpd_6mob,2023-11-01
CUS_0xae79_2023_05_01,CUS_0xae79,0,30dpd_6mob,2023-11-01
CUS_0xb0e8_2023_05_01,CUS_0xb0e8,0,30dpd_6mob,2023-11-01
CUS_0xb115_2023_05_01,CUS_0xb115,0,30dpd_6mob,2023-11-01
CUS_0xb143_2023_05_01,CUS_0xb143,1,30dpd_6mob,2023-11-01
CUS_0xb14c_2023_05_01,CUS_0xb14c,0,30dpd_6mob,2023-11-01
CUS_0xb1bc_2023_05_01,CUS_0xb1bc,1,30dpd_6mob,2023-11-01
CUS_0xb1dd_2023_05_01,CUS_0xb1dd,0,30dpd_6mob,2023-11-01
CUS_0xb203_2023_05_01,CUS_0xb203,1,30dpd_6mob,2023-11-01
CUS_0xb250_2023_05_01,CUS_0xb250,1,30dpd_6mob,2023-11-01
CUS_0xb282_2023_05_01,CUS_0xb282,0,30dpd_6mob,2023-11-01
CUS_0xb293_2023_05_01,CUS_0xb293,1,30dpd_6mob,2023-11-01
CUS_0xb3b0_2023_05_01,CUS_0xb3b0,0,30dpd_6mob,2023-11-01
CUS_0xb46b_2023_05_01,CUS_0xb46b,1,30dpd_6mob,2023-11-01
CUS_0xb4e2_2023_05_01,CUS_0xb4e2,1,30dpd_6mob,2023-11-01
CUS_0xb4fd_2023_05_01,CUS_0xb4fd,0,30dpd_6mob,2023-11-01
CUS_0xb583_2023_05_01,CUS_0xb583,0,30dpd_6mob,2023-11-01
CUS_0xb59b_2023_05_01,CUS_0xb59b,0,30dpd_6mob,2023-11-01
CUS_0xb5b9_2023_05_01,CUS_0xb5b9,0,30dpd_6mob,2023-11-01
CUS_0xb70f_2023_05_01,CUS_0xb70f,0,30dpd_6mob,2023-11-01
CUS_0xb744_2023_05_01,CUS_0xb744,0,30dpd_6mob,2023-11-01
CUS_0xb82_2023_05_01,CUS_0xb82,1,30dpd_6mob,2023-11-01
CUS_0xb9ea_2023_05_01,CUS_0xb9ea,0,30dpd_6mob,2023-11-01
CUS_0xbaa8_2023_05_01,CUS_0xbaa8,0,30dpd_6mob,2023-11-01
CUS_0xbb6a_2023_05_01,CUS_0xbb6a,1,30dpd_6mob,2023-11-01
CUS_0xbb94_2023_05_01,CUS_0xbb94,1,30dpd_6mob,2023-11-01
CUS_0xbc05_2023_05_01,CUS_0xbc05,1,30dpd_6mob,2023-11-01
CUS_0xbcca_2023_05_01,CUS_0xbcca,0,30dpd_6mob,2023-11-01
CUS_0xbcf7_2023_05_01,CUS_0xbcf7,1,30dpd_6mob,2023-11-01
CUS_0xbd1e_2023_05_01,CUS_0xbd1e,0,30dpd_6mob,2023-11-01
CUS_0xbd29_2023_05_01,CUS_0xbd29,0,30dpd_6mob,2023-11-01
CUS_0xbda2_2023_05_01,CUS_0xbda2,0,30dpd_6mob,2023-11-01
CUS_0xbdf_2023_05_01,CUS_0xbdf,0,30dpd_6mob,2023-11-01
CUS_0xbe20_2023_05_01,CUS_0xbe20,0,30dpd_6mob,2023-11-01
CUS_0xbe64_2023_05_01,CUS_0xbe64,0,30dpd_6mob,2023-11-01
CUS_0xbe7_2023_05_01,CUS_0xbe7,1,30dpd_6mob,2023-11-01
CUS_0xbe70_2023_05_01,CUS_0xbe70,1,30dpd_6mob,2023-11-01
CUS_0xbf03_2023_05_01,CUS_0xbf03,0,30dpd_6mob,2023-11-01
CUS_0xbf18_2023_05_01,CUS_0xbf18,0,30dpd_6mob,2023-11-01
CUS_0xbfb5_2023_05_01,CUS_0xbfb5,0,30dpd_6mob,2023-11-01
CUS_0xbfeb_2023_05_01,CUS_0xbfeb,1,30dpd_6mob,2023-11-01
CUS_0xc0c8_2023_05_01,CUS_0xc0c8,0,30dpd_6mob,2023-11-01
CUS_0xc16d_2023_05_01,CUS_0xc16d,0,30dpd_6mob,2023-11-01
CUS_0xc29a_2023_05_01,CUS_0xc29a,1,30dpd_6mob,2023-11-01
CUS_0xc2f5_2023_05_01,CUS_0xc2f5,0,30dpd_6mob,2023-11-01
CUS_0xc30f_2023_05_01,CUS_0xc30f,0,30dpd_6mob,2023-11-01
CUS_0xc319_2023_05_01,CUS_0xc319,1,30dpd_6mob,2023-11-01
CUS_0xc365_2023_05_01,CUS_0xc365,0,30dpd_6mob,2023-11-01
CUS_0xc475_2023_05_01,CUS_0xc475,0,30dpd_6mob,2023-11-01
CUS_0xc4b3_2023_05_01,CUS_0xc4b3,0,30dpd_6mob,2023-11-01
CUS_0xc515_2023_05_01,CUS_0xc515,1,30dpd_6mob,2023-11-01
CUS_0xc524_2023_05_01,CUS_0xc524,0,30dpd_6mob,2023-11-01
CUS_0xc526_2023_05_01,CUS_0xc526,0,30dpd_6mob,2023-11-01
CUS_0xc52a_2023_05_01,CUS_0xc52a,1,30dpd_6mob,2023-11-01
CUS_0xc5b0_2023_05_01,CUS_0xc5b0,0,30dpd_6mob,2023-11-01
CUS_0xc62a_2023_05_01,CUS_0xc62a,1,30dpd_6mob,2023-11-01
CUS_0xc648_2023_05_01,CUS_0xc648,0,30dpd_6mob,2023-11-01
CUS_0xc65_2023_05_01,CUS_0xc65,0,30dpd_6mob,2023-11-01
CUS_0xc6be_2023_05_01,CUS_0xc6be,0,30dpd_6mob,2023-11-01
CUS_0xc704_2023_05_01,CUS_0xc704,0,30dpd_6mob,2023-11-01
CUS_0xd35_2023_05_01,CUS_0xd35,0,30dpd_6mob,2023-11-01
CUS_0xd8e_2023_05_01,CUS_0xd8e,0,30dpd_6mob,2023-11-01
CUS_0xdf5_2023_05_01,CUS_0xdf5,0,30dpd_6mob,2023-11-01
CUS_0xe2f_2023_05_01,CUS_0xe2f,0,30dpd_6mob,2023-11-01
CUS_0xe36_2023_05_01,CUS_0xe36,0,30dpd_6mob,2023-11-01
CUS_0xf01_2023_05_01,CUS_0xf01,1,30dpd_6mob,2023-11-01
CUS_0xf45_2023_05_01,CUS_0xf45,1,30dpd_6mob,2023-11-01
CUS_0xf9f_2023_05_01,CUS_0xf9f,0,30dpd_6mob,2023-11-01
CUS_0x1048_2024_02_01,CUS_0x1048,1,30dpd_6mob,2024-08-01
CUS_0x10c0_2024_02_01,CUS_0x10c0,1,30dpd_6mob,2024-08-01
CUS_0x115c_2024_02_01,CUS_0x115c,0,30dpd_6mob,2024-08-01
CUS_0x12b6_2024_02_01,CUS_0x12b6,0,30dpd_6mob,2024-08-01
CUS_0x12b8_2024_02_01,CUS_0x12b8,1,30dpd_6mob,2024-08-01
CUS_0x12ef_2024_02_01,CUS_0x12ef,0,30dpd_6mob,2024-08-01
CUS_0x134d_2024_02_01,CUS_0x134d,0,30dpd_6mob,2024-08-01
CUS_0x13c2_2024_02_01,CUS_0x13c2,0,30dpd_6mob,2024-08-01
CUS_0x1414_2024_02_01,CUS_0x1414,0,30dpd_6mob,2024-08-01
CUS_0x1470_2024_02_01,CUS_0x1470,0,30dpd_6mob,2024-08-01
CUS_0x15cc_2024_02_01,CUS_0x15cc,1,30dpd_6mob,2024-08-01
CUS_0x15da_2024_02_01,CUS_0x15da,0,30dpd_6mob,2024-08-01
CUS_0x15f7_2024_02_01,CUS_0x15f7,1,30dpd_6mob,2024-08-01
CUS_0x1739_2024_02_01,CUS_0x1739,1,30dpd_6mob,2024-08-01
CUS_0x178b_2024_02_01,CUS_0x178b,0,30dpd_6mob,2024-08-01
CUS_0x17ec_2024_02_01,CUS_0x17ec,0,30dpd_6mob,2024-08-01
CUS_0x18f4_2024_02_01,CUS_0x18f4,0,30dpd_6mob,2024-08-01
CUS_0x1914_2024_02_01,CUS_0x1914,1,30dpd_6mob,2024-08-01
CUS_0x1935_2024_02_01,CUS_0x1935,0,30dpd_6mob,2024-08-01
CUS_0x194b_2024_02_01,CUS_0x194b,1,30dpd_6mob,2024-08-01
CUS_0x19fc_2024_02_01,CUS_0x19fc,0,30dpd_6mob,2024-08-01
CUS_0x1b3a_2024_02_01,CUS_0x1b3a,0,30dpd_6mob,2024-08-01
CUS_0x1bb0_2024_02_01,CUS_0x1bb0,0,30dpd_6mob,2024-08-01
CUS_0x1bbf_2024_02_01,CUS_0x1bbf,1,30dpd_6mob,2024-08-01
CUS_0x1bef_2024_02_01,CUS_0x1bef,0,30dpd_6mob,2024-08-01
CUS_0x1c24_2024_02_01,CUS_0x1c24,0,30dpd_6mob,2024-08-01
CUS_0x1c31_2024_02_01,CUS_0x1c31,1,30dpd_6mob,2024-08-01
CUS_0x1d3d_2024_02_01,CUS_0x1d3d,1,30dpd_6mob,2024-08-01
CUS_0x1e50_2024_02_01,CUS_0x1e50,0,30dpd_6mob,2024-08-01
CUS_0x1ef9_2024_02_01,CUS_0x1ef9,0,30dpd_6mob,2024-08-01
CUS_0x1f4f_2024_02_01,CUS_0x1f4f,0,30dpd_6mob,2024-08-01
CUS_0x1f91_2024_02_01,CUS_0x1f91,0,30dpd_6mob,2024-08-01
CUS_0x1fa5_2024_02_01,CUS_0x1fa5,0,30dpd_6mob,2024-08-01
CUS_0x1fcc_2024_02_01,CUS_0x1fcc,0,30dpd_6mob,2024-08-01
CUS_0x2032_2024_02_01,CUS_0x2032,1,30dpd_6mob,2024-08-01
CUS_0x20c4_2024_02_01,CUS_0x20c4,1,30dpd_6mob,2024-08-01
CUS_0x2127_2024_02_01,CUS_0x2127,0,30dpd_6mob,2024-08-01
CUS_0x2170_2024_02_01,CUS_0x2170,0,30dpd_6mob,2024-08-01
CUS_0x2226_2024_02_01,CUS_0x2226,0,30dpd_6mob,2024-08-01
CUS_0x230c_2024_02_01,CUS_0x230c,1,30dpd_6mob,2024-08-01
CUS_0x231f_2024_02_01,CUS_0x231f,0,30dpd_6mob,2024-08-01
CUS_0x2358_2024_02_01,CUS_0x2358,0,30dpd_6mob,2024-08-01
CUS_0x2365_2024_02_01,CUS_0x2365,1,30dpd_6mob,2024-08-01
CUS_0x237d_2024_02_01,CUS_0x237d,0,30dpd_6mob,2024-08-01
CUS_0x23d8_2024_02_01,CUS_0x23d8,0,30dpd_6mob,2024-08-01
CUS_0x2438_2024_02_01,CUS_0x2438,0,30dpd_6mob,2024-08-01
CUS_0x25be_2024_02_01,CUS_0x25be,0,30dpd_6mob,2024-08-01
CUS_0x25cd_2024_02_01,CUS_0x25cd,1,30dpd_6mob,2024-08-01
CUS_0x264c_2024_02_01,CUS_0x264c,0,30dpd_6mob,2024-08-01
CUS_0x2654_2024_02_01,CUS_0x2654,0,30dpd_6mob,2024-08-01
CUS_0x26ff_2024_02_01,CUS_0x26ff,0,30dpd_6mob,2024-08-01
CUS_0x277a_2024_02_01,CUS_0x277a,1,30dpd_6mob,2024-08-01
CUS_0x2825_2024_02_01,CUS_0x2825,0,30dpd_6mob,2024-08-01
CUS_0x2855_2024_02_01,CUS_0x2855,1,30dpd_6mob,2024-08-01
CUS_0x2881_2024_02_01,CUS_0x2881,1,30dpd_6mob,2024-08-01
CUS_0x28a4_2024_02_01,CUS_0x28a4,0,30dpd_6mob,2024-08-01
CUS_0x28f1_2024_02_01,CUS_0x28f1,0,30dpd_6mob,2024-08-01
CUS_0x2a27_2024_02_01,CUS_0x2a27,1,30dpd_6mob,2024-08-01
CUS_0x2a30_2024_02_01,CUS_0x2a30,0,30dpd_6mob,2024-08-01
CUS_0x2a36_2024_02_01,CUS_0x2a36,0,30dpd_6mob,2024-08-01
CUS_0x2a91_2024_02_01,CUS_0x2a91,0,30dpd_6mob,2024-08-01
CUS_0x2ba9_2024_02_01,CUS_0x2ba9,0,30dpd_6mob,2024-08-01
CUS_0x2beb_2024_02_01,CUS_0x2beb,1,30dpd_6mob,2024-08-01
CUS_0x2c3c_2024_02_01,CUS_0x2c3c,1,30dpd_6mob,2024-08-01
CUS_0x2d6f_2024_02_01,CUS_0x2d6f,0,30dpd_6mob,2024-08-01
CUS_0x2d9f_2024_02_01,CUS_0x2d9f,0,30dpd_6mob,2024-08-01
CUS_0x2daf_2024_02_01,CUS_0x2daf,0,30dpd_6mob,2024-08-01
CUS_0x2dca_2024_02_01,CUS_0x2dca,1,30dpd_6mob,2024-08-01
CUS_0x2e72_2024_02_01,CUS_0x2e72,1,30dpd_6mob,2024-08-01
CUS_0x2f0b_2024_02_01,CUS_0x2f0b,1,30dpd_6mob,2024-08-01
CUS_0x2f52_2024_02_01,CUS_0x2f52,0,30dpd_6mob,2024-08-01
CUS_0x2fd8_2024_02_01,CUS_0x2fd8,0,30dpd_6mob,2024-08-01
CUS_0x2fe0_2024_02_01,CUS_0x2fe0,0,30dpd_6mob,2024-08-01
CUS_0x2ffe_2024_02_01,CUS_0x2ffe,0,30dpd_6mob,2024-08-01
CUS_0x3007_2024_02_01,CUS_0x3007,0,30dpd_6mob,2024-08-01
CUS_0x3066_2024_02_01,CUS_0x3066,0,30dpd_6mob,2024-08-01
CUS_0x30c6_2024_02_01,CUS_0x30c6,0,30dpd_6mob,2024-08-01
CUS_0x30ca_2024_02_01,CUS_0x30ca,0,30dpd_6mob,2024-08-01
CUS_0x3257_2024_02_01,CUS_0x3257,0,30dpd_6mob,2024-08-01
CUS_0x3276_2024_02_01,CUS_0x3276,0,30dpd_6mob,2024-08-01
CUS_0x3279_2024_02_01,CUS_0x3279,1,30dpd_6mob,2024-08-01
CUS_0x32e2_2024_02_01,CUS_0x32e2,0,30dpd_6mob,2024-08-01
CUS_0x3313_2024_02_01,CUS_0x3313,0,30dpd_6mob,2024-08-01
CUS_0x333f_2024_02_01,CUS_0x333f,0,30dpd_6mob,2024-08-01
CUS_0x3394_2024_02_01,CUS_0x3394,0,30dpd_6mob,2024-08-01
CUS_0x3401_2024_02_01,CUS_0x3401,1,30dpd_6mob,2024-08-01
CUS_0x350e_2024_02_01,CUS_0x350e,0,30dpd_6mob,2024-08-01
CUS_0x3554_2024_02_01,CUS_0x3554,0,30dpd_6mob,2024-08-01
CUS_0x364f_2024_02_01,CUS_0x364f,1,30dpd_6mob,2024-08-01
CUS_0x36ac_2024_02_01,CUS_0x36ac,0,30dpd_6mob,2024-08-01
CUS_0x36e1_2024_02_01,CUS_0x36e1,0,30dpd_6mob,2024-08-01
CUS_0x3769_2024_02_01,CUS_0x3769,0,30dpd_6mob,2024-08-01
CUS_0x376f_2024_02_01,CUS_0x376f,0,30dpd_6mob,2024-08-01
CUS_0x37e5_2024_02_01,CUS_0x37e5,0,30dpd_6mob,2024-08-01
CUS_0x37ea_2024_02_01,CUS_0x37ea,0,30dpd_6mob,2024-08-01
CUS_0x38ad_2024_02_01,CUS_0x38ad,1,30dpd_6mob,2024-08-01
CUS_0x38c6_2024_02_01,CUS_0x38c6,0,30dpd_6mob,2024-08-01
CUS_0x38ca_2024_02_01,CUS_0x38ca,0,30dpd_6mob,2024-08-01
CUS_0x3a39_2024_02_01,CUS_0x3a39,0,30dpd_6mob,2024-08-01
CUS_0x3a85_2024_02_01,CUS_0x3a85,0,30dpd_6mob,2024-08-01
CUS_0x3ade_2024_02_01,CUS_0x3ade,0,30dpd_6mob,2024-08-01
CUS_0x3afa_2024_02_01,CUS_0x3afa,1,30dpd_6mob,2024-08-01
CUS_0x3b83_2024_02_01,CUS_0x3b83,1,30dpd_6mob,2024-08-01
CUS_0x3ba0_2024_02_01,CUS_0x3ba0,0,30dpd_6mob,2024-08-01
CUS_0x3baa_2024_02_01,CUS_0x3baa,0,30dpd_6mob,2024-08-01
CUS_0x3c5e_2024_02_01,CUS_0x3c5e,1,30dpd_6mob,2024-08-01
CUS_0x3c96_2024_02_01,CUS_0x3c96,0,30dpd_6mob,2024-08-01
CUS_0x3cf1_2024_02_01,CUS_0x3cf1,1,30dpd_6mob,2024-08-01
CUS_0x3d73_2024_02_01,CUS_0x3d73,0,30dpd_6mob,2024-08-01
CUS_0x3dd5_2024_02_01,CUS_0x3dd5,0,30dpd_6mob,2024-08-01
CUS_0x3df0_2024_02_01,CUS_0x3df0,0,30dpd_6mob,2024-08-01
CUS_0x3e57_2024_02_01,CUS_0x3e57,0,30dpd_6mob,2024-08-01
CUS_0x3ed3_2024_02_01,CUS_0x3ed3,0,30dpd_6mob,2024-08-01
CUS_0x3ee4_2024_02_01,CUS_0x3ee4,0,30dpd_6mob,2024-08-01
CUS_0x3ef5_2024_02_01,CUS_0x3ef5,1,30dpd_6mob,2024-08-01
CUS_0x3f5f_2024_02_01,CUS_0x3f5f,1,30dpd_6mob,2024-08-01
CUS_0x3fdf_2024_02_01,CUS_0x3fdf,0,30dpd_6mob,2024-08-01
CUS_0x3ff8_2024_02_01,CUS_0x3ff8,0,30dpd_6mob,2024-08-01
CUS_0x4038_2024_02_01,CUS_0x4038,0,30dpd_6mob,2024-08-01
CUS_0x4046_2024_02_01,CUS_0x4046,0,30dpd_6mob,2024-08-01
CUS_0x407e_2024_02_01,CUS_0x407e,0,30dpd_6mob,2024-08-01
CUS_0x4100_2024_02_01,CUS_0x4100,0,30dpd_6mob,2024-08-01
CUS_0x415f_2024_02_01,CUS_0x415f,0,30dpd_6mob,2024-08-01
CUS_0x4185_2024_02_01,CUS_0x4185,0,30dpd_6mob,2024-08-01
CUS_0x4196_2024_02_01,CUS_0x4196,0,30dpd_6mob,2024-08-01
CUS_0x4218_2024_02_01,CUS_0x4218,0,30dpd_6mob,2024-08-01
CUS_0x4242_2024_02_01,CUS_0x4242,0,30dpd_6mob,2024-08-01
CUS_0x42e6_2024_02_01,CUS_0x42e6,0,30dpd_6mob,2024-08-01
CUS_0x4339_2024_02_01,CUS_0x4339,1,30dpd_6mob,2024-08-01
CUS_0x437_2024_02_01,CUS_0x437,0,30dpd_6mob,2024-08-01
CUS_0x4379_2024_02_01,CUS_0x4379,0,30dpd_6mob,2024-08-01
CUS_0x4380_2024_02_01,CUS_0x4380,1,30dpd_6mob,2024-08-01
CUS_0x438d_2024_02_01,CUS_0x438d,0,30dpd_6mob,2024-08-01
CUS_0x43b8_2024_02_01,CUS_0x43b8,0,30dpd_6mob,2024-08-01
CUS_0x43bc_2024_02_01,CUS_0x43bc,0,30dpd_6mob,2024-08-01
CUS_0x4434_2024_02_01,CUS_0x4434,0,30dpd_6mob,2024-08-01
CUS_0x444b_2024_02_01,CUS_0x444b,1,30dpd_6mob,2024-08-01
CUS_0x458f_2024_02_01,CUS_0x458f,0,30dpd_6mob,2024-08-01
CUS_0x467e_2024_02_01,CUS_0x467e,0,30dpd_6mob,2024-08-01
CUS_0x46b6_2024_02_01,CUS_0x46b6,0,30dpd_6mob,2024-08-01
CUS_0x46eb_2024_02_01,CUS_0x46eb,0,30dpd_6mob,2024-08-01
CUS_0x478_2024_02_01,CUS_0x478,0,30dpd_6mob,2024-08-01
CUS_0x480f_2024_02_01,CUS_0x480f,0,30dpd_6mob,2024-08-01
CUS_0x4812_2024_02_01,CUS_0x4812,0,30dpd_6mob,2024-08-01
CUS_0x4822_2024_02_01,CUS_0x4822,1,30dpd_6mob,2024-08-01
CUS_0x4889_2024_02_01,CUS_0x4889,1,30dpd_6mob,2024-08-01
CUS_0x48a3_2024_02_01,CUS_0x48a3,0,30dpd_6mob,2024-08-01
CUS_0x48a6_2024_02_01,CUS_0x48a6,0,30dpd_6mob,2024-08-01
CUS_0x4946_2024_02_01,CUS_0x4946,1,30dpd_6mob,2024-08-01
CUS_0x4a05_2024_02_01,CUS_0x4a05,0,30dpd_6mob,2024-08-01
CUS_0x4a70_2024_02_01,CUS_0x4a70,1,30dpd_6mob,2024-08-01
CUS_0x4b3c_2024_02_01,CUS_0x4b3c,0,30dpd_6mob,2024-08-01
CUS_0x4b9f_2024_02_01,CUS_0x4b9f,0,30dpd_6mob,2024-08-01
CUS_0x4bda_2024_02_01,CUS_0x4bda,0,30dpd_6mob,2024-08-01
CUS_0x4bf7_2024_02_01,CUS_0x4bf7,0,30dpd_6mob,2024-08-01
CUS_0x4c6c_2024_02_01,CUS_0x4c6c,0,30dpd_6mob,2024-08-01
CUS_0x4c89_2024_02_01,CUS_0x4c89,1,30dpd_6mob,2024-08-01
CUS_0x4d19_2024_02_01,CUS_0x4d19,0,30dpd_6mob,2024-08-01
CUS_0x4d98_2024_02_01,CUS_0x4d98,0,30dpd_6mob,2024-08-01
CUS_0x4dfb_2024_02_01,CUS_0x4dfb,0,30dpd_6mob,2024-08-01
CUS_0x4e7d_2024_02_01,CUS_0x4e7d,0,30dpd_6mob,2024-08-01
CUS_0x4edc_2024_02_01,CUS_0x4edc,0,30dpd_6mob,2024-08-01
CUS_0x4ef0_2024_02_01,CUS_0x4ef0,1,30dpd_6mob,2024-08-01
CUS_0x4f4d_2024_02_01,CUS_0x4f4d,1,30dpd_6mob,2024-08-01
CUS_0x4f52_2024_02_01,CUS_0x4f52,0,30dpd_6mob,2024-08-01
CUS_0x4f88_2024_02_01,CUS_0x4f88,1,30dpd_6mob,2024-08-01
CUS_0x501d_2024_02_01,CUS_0x501d,0,30dpd_6mob,2024-08-01
CUS_0x510d_2024_02_01,CUS_0x510d,0,30dpd_6mob,2024-08-01
CUS_0x5220_2024_02_01,CUS_0x5220,0,30dpd_6mob,2024-08-01
CUS_0x522c_2024_02_01,CUS_0x522c,1,30dpd_6mob,2024-08-01
CUS_0x5255_2024_02_01,CUS_0x5255,1,30dpd_6mob,2024-08-01
CUS_0x5287_2024_02_01,CUS_0x5287,0,30dpd_6mob,2024-08-01
CUS_0x52ee_2024_02_01,CUS_0x52ee,0,30dpd_6mob,2024-08-01
CUS_0x52f3_2024_02_01,CUS_0x52f3,0,30dpd_6mob,2024-08-01
CUS_0x52f7_2024_02_01,CUS_0x52f7,0,30dpd_6mob,2024-08-01
CUS_0x530b_2024_02_01,CUS_0x530b,0,30dpd_6mob,2024-08-01
CUS_0x5354_2024_02_01,CUS_0x5354,0,30dpd_6mob,2024-08-01
CUS_0x53cc_2024_02_01,CUS_0x53cc,0,30dpd_6mob,2024-08-01
CUS_0x53e2_2024_02_01,CUS_0x53e2,0,30dpd_6mob,2024-08-01
CUS_0x53f3_2024_02_01,CUS_0x53f3,0,30dpd_6mob,2024-08-01
CUS_0x5446_2024_02_01,CUS_0x5446,1,30dpd_6mob,2024-08-01
CUS_0x54bf_2024_02_01,CUS_0x54bf,1,30dpd_6mob,2024-08-01
CUS_0x5510_2024_02_01,CUS_0x5510,0,30dpd_6mob,2024-08-01
CUS_0x557f_2024_02_01,CUS_0x557f,0,30dpd_6mob,2024-08-01
CUS_0x55bd_2024_02_01,CUS_0x55bd,1,30dpd_6mob,2024-08-01
CUS_0x55cd_2024_02_01,CUS_0x55cd,0,30dpd_6mob,2024-08-01
CUS_0x562f_2024_02_01,CUS_0x562f,0,30dpd_6mob,2024-08-01
CUS_0x569a_2024_02_01,CUS_0x569a,0,30dpd_6mob,2024-08-01
CUS_0x5719_2024_02_01,CUS_0x5719,0,30dpd_6mob,2024-08-01
CUS_0x574_2024_02_01,CUS_0x574,0,30dpd_6mob,2024-08-01
CUS_0x576c_2024_02_01,CUS_0x576c,1,30dpd_6mob,2024-08-01
CUS_0x57c7_2024_02_01,CUS_0x57c7,0,30dpd_6mob,2024-08-01
CUS_0x581b_2024_02_01,CUS_0x581b,1,30dpd_6mob,2024-08-01
CUS_0x587_2024_02_01,CUS_0x587,1,30dpd_6mob,2024-08-01
CUS_0x5875_2024_02_01,CUS_0x5875,0,30dpd_6mob,2024-08-01
CUS_0x589f_2024_02_01,CUS_0x589f,0,30dpd_6mob,2024-08-01
CUS_0x58ef_2024_02_01,CUS_0x58ef,0,30dpd_6mob,2024-08-01
CUS_0x590_2024_02_01,CUS_0x590,1,30dpd_6mob,2024-08-01
CUS_0x5964_2024_02_01,CUS_0x5964,0,30dpd_6mob,2024-08-01
CUS_0x5a8b_2024_02_01,CUS_0x5a8b,1,30dpd_6mob,2024-08-01
CUS_0x5aa7_2024_02_01,CUS_0x5aa7,0,30dpd_6mob,2024-08-01
CUS_0x5b64_2024_02_01,CUS_0x5b64,0,30dpd_6mob,2024-08-01
CUS_0x5b7_2024_02_01,CUS_0x5b7,1,30dpd_6mob,2024-08-01
CUS_0x5b9b_2024_02_01,CUS_0x5b9b,0,30dpd_6mob,2024-08-01
CUS_0x5ba4_2024_02_01,CUS_0x5ba4,0,30dpd_6mob,2024-08-01
CUS_0x5bfc_2024_02_01,CUS_0x5bfc,0,30dpd_6mob,2024-08-01
CUS_0x5c31_2024_02_01,CUS_0x5c31,0,30dpd_6mob,2024-08-01
CUS_0x5c59_2024_02_01,CUS_0x5c59,1,30dpd_6mob,2024-08-01
CUS_0x5c67_2024_02_01,CUS_0x5c67,1,30dpd_6mob,2024-08-01
CUS_0x5cff_2024_02_01,CUS_0x5cff,0,30dpd_6mob,2024-08-01
CUS_0x5d1_2024_02_01,CUS_0x5d1,0,30dpd_6mob,2024-08-01
CUS_0x5db2_2024_02_01,CUS_0x5db2,0,30dpd_6mob,2024-08-01
CUS_0x5db9_2024_02_01,CUS_0x5db9,0,30dpd_6mob,2024-08-01
CUS_0x5dca_2024_02_01,CUS_0x5dca,0,30dpd_6mob,2024-08-01
CUS_0x5e33_2024_02_01,CUS_0x5e33,1,30dpd_6mob,2024-08-01
CUS_0x5e46_2024_02_01,CUS_0x5e46,0,30dpd_6mob,2024-08-01
CUS_0x5eec_2024_02_01,CUS_0x5eec,0,30dpd_6mob,2024-08-01
CUS_0x5f3b_2024_02_01,CUS_0x5f3b,0,30dpd_6mob,2024-08-01
CUS_0x5f7e_2024_02_01,CUS_0x5f7e,0,30dpd_6mob,2024-08-01
CUS_0x5fd8_2024_02_01,CUS_0x5fd8,0,30dpd_6mob,2024-08-01
CUS_0x5fe3_2024_02_01,CUS_0x5fe3,0,30dpd_6mob,2024-08-01
CUS_0x6000_2024_02_01,CUS_0x6000,0,30dpd_6mob,2024-08-01
CUS_0x60d5_2024_02_01,CUS_0x60d5,0,30dpd_6mob,2024-08-01
CUS_0x61ab_2024_02_01,CUS_0x61ab,0,30dpd_6mob,2024-08-01
CUS_0x61d3_2024_02_01,CUS_0x61d3,1,30dpd_6mob,2024-08-01
CUS_0x61e1_2024_02_01,CUS_0x61e1,0,30dpd_6mob,2024-08-01
CUS_0x62ad_2024_02_01,CUS_0x62ad,1,30dpd_6mob,2024-08-01
CUS_0x62c6_2024_02_01,CUS_0x62c6,0,30dpd_6mob,2024-08-01
CUS_0x63b0_2024_02_01,CUS_0x63b0,0,30dpd_6mob,2024-08-01
CUS_0x6487_2024_02_01,CUS_0x6487,1,30dpd_6mob,2024-08-01
CUS_0x65b9_2024_02_01,CUS_0x65b9,0,30dpd_6mob,2024-08-01
CUS_0x6617_2024_02_01,CUS_0x6617,1,30dpd_6mob,2024-08-01
CUS_0x6630_2024_02_01,CUS_0x6630,0,30dpd_6mob,2024-08-01
CUS_0x66dd_2024_02_01,CUS_0x66dd,1,30dpd_6mob,2024-08-01
CUS_0x67de_2024_02_01,CUS_0x67de,1,30dpd_6mob,2024-08-01
CUS_0x6829_2024_02_01,CUS_0x6829,0,30dpd_6mob,2024-08-01
CUS_0x684c_2024_02_01,CUS_0x684c,1,30dpd_6mob,2024-08-01
CUS_0x688e_2024_02_01,CUS_0x688e,0,30dpd_6mob,2024-08-01
CUS_0x68c8_2024_02_01,CUS_0x68c8,0,30dpd_6mob,2024-08-01
CUS_0x6919_2024_02_01,CUS_0x6919,0,30dpd_6mob,2024-08-01
CUS_0x6939_2024_02_01,CUS_0x6939,0,30dpd_6mob,2024-08-01
CUS_0x6969_2024_02_01,CUS_0x6969,0,30dpd_6mob,2024-08-01
CUS_0x6a55_2024_02_01,CUS_0x6a55,0,30dpd_6mob,2024-08-01
CUS_0x6a6_2024_02_01,CUS_0x6a6,0,30dpd_6mob,2024-08-01
CUS_0x6ad0_2024_02_01,CUS_0x6ad0,1,30dpd_6mob,2024-08-01
CUS_0x6aec_2024_02_01,CUS_0x6aec,1,30dpd_6mob,2024-08-01
CUS_0x6b4d_2024_02_01,CUS_0x6b4d,1,30dpd_6mob,2024-08-01
CUS_0x6b9f_2024_02_01,CUS_0x6b9f,1,30dpd_6mob,2024-08-01
CUS_0x6c65_2024_02_01,CUS_0x6c65,1,30dpd_6mob,2024-08-01
CUS_0x6ca8_2024_02_01,CUS_0x6ca8,0,30dpd_6mob,2024-08-01
CUS_0x6cd2_2024_02_01,CUS_0x6cd2,0,30dpd_6mob,2024-08-01
CUS_0x6cda_2024_02_01,CUS_0x6cda,1,30dpd_6mob,2024-08-01
CUS_0x6d70_2024_02_01,CUS_0x6d70,1,30dpd_6mob,2024-08-01
CUS_0x6db3_2024_02_01,CUS_0x6db3,0,30dpd_6mob,2024-08-01
CUS_0x6e61_2024_02_01,CUS_0x6e61,1,30dpd_6mob,2024-08-01
CUS_0x6ecf_2024_02_01,CUS_0x6ecf,0,30dpd_6mob,2024-08-01
CUS_0x6ed0_2024_02_01,CUS_0x6ed0,0,30dpd_6mob,2024-08-01
CUS_0x6edb_2024_02_01,CUS_0x6edb,0,30dpd_6mob,2024-08-01
CUS_0x6f38_2024_02_01,CUS_0x6f38,1,30dpd_6mob,2024-08-01
CUS_0x6fa4_2024_02_01,CUS_0x6fa4,1,30dpd_6mob,2024-08-01
CUS_0x6fec_2024_02_01,CUS_0x6fec,0,30dpd_6mob,2024-08-01
CUS_0x6fef_2024_02_01,CUS_0x6fef,0,30dpd_6mob,2024-08-01
CUS_0x7040_2024_02_01,CUS_0x7040,0,30dpd_6mob,2024-08-01
CUS_0x7072_2024_02_01,CUS_0x7072,0,30dpd_6mob,2024-08-01
CUS_0x70a3_2024_02_01,CUS_0x70a3,1,30dpd_6mob,2024-08-01
CUS_0x715e_2024_02_01,CUS_0x715e,1,30dpd_6mob,2024-08-01
CUS_0x71e8_2024_02_01,CUS_0x71e8,1,30dpd_6mob,2024-08-01
CUS_0x7202_2024_02_01,CUS_0x7202,1,30dpd_6mob,2024-08-01
CUS_0x7227_2024_02_01,CUS_0x7227,0,30dpd_6mob,2024-08-01
CUS_0x7231_2024_02_01,CUS_0x7231,1,30dpd_6mob,2024-08-01
CUS_0x7380_2024_02_01,CUS_0x7380,0,30dpd_6mob,2024-08-01
CUS_0x73b1_2024_02_01,CUS_0x73b1,0,30dpd_6mob,2024-08-01
CUS_0x73f1_2024_02_01,CUS_0x73f1,0,30dpd_6mob,2024-08-01
CUS_0x746_2024_02_01,CUS_0x746,0,30dpd_6mob,2024-08-01
CUS_0x753c_2024_02_01,CUS_0x753c,0,30dpd_6mob,2024-08-01
CUS_0x756e_2024_02_01,CUS_0x756e,0,30dpd_6mob,2024-08-01
CUS_0x7620_2024_02_01,CUS_0x7620,1,30dpd_6mob,2024-08-01
CUS_0x7701_2024_02_01,CUS_0x7701,0,30dpd_6mob,2024-08-01
CUS_0x77b5_2024_02_01,CUS_0x77b5,0,30dpd_6mob,2024-08-01
CUS_0x77bf_2024_02_01,CUS_0x77bf,0,30dpd_6mob,2024-08-01
CUS_0x780c_2024_02_01,CUS_0x780c,0,30dpd_6mob,2024-08-01
CUS_0x7833_2024_02_01,CUS_0x7833,0,30dpd_6mob,2024-08-01
CUS_0x784_2024_02_01,CUS_0x784,0,30dpd_6mob,2024-08-01
CUS_0x78d3_2024_02_01,CUS_0x78d3,0,30dpd_6mob,2024-08-01
CUS_0x795_2024_02_01,CUS_0x795,1,30dpd_6mob,2024-08-01
CUS_0x795b_2024_02_01,CUS_0x795b,0,30dpd_6mob,2024-08-01
CUS_0x79a8_2024_02_01,CUS_0x79a8,1,30dpd_6mob,2024-08-01
CUS_0x79cb_2024_02_01,CUS_0x79cb,1,30dpd_6mob,2024-08-01
CUS_0x7a0f_2024_02_01,CUS_0x7a0f,1,30dpd_6mob,2024-08-01
CUS_0x7ae7_2024_02_01,CUS_0x7ae7,0,30dpd_6mob,2024-08-01
CUS_0x7ae9_2024_02_01,CUS_0x7ae9,0,30dpd_6mob,2024-08-01
CUS_0x7b1c_2024_02_01,CUS_0x7b1c,0,30dpd_6mob,2024-08-01
CUS_0x7b3a_2024_02_01,CUS_0x7b3a,1,30dpd_6mob,2024-08-01
CUS_0x7b65_2024_02_01,CUS_0x7b65,0,30dpd_6mob,2024-08-01
CUS_0x7d4d_2024_02_01,CUS_0x7d4d,0,30dpd_6mob,2024-08-01
CUS_0x7d93_2024_02_01,CUS_0x7d93,0,30dpd_6mob,2024-08-01
CUS_0x7dd8_2024_02_01,CUS_0x7dd8,1,30dpd_6mob,2024-08-01
CUS_0x7e6d_2024_02_01,CUS_0x7e6d,0,30dpd_6mob,2024-08-01
CUS_0x7ea0_2024_02_01,CUS_0x7ea0,1,30dpd_6mob,2024-08-01
CUS_0x7ed9_2024_02_01,CUS_0x7ed9,0,30dpd_6mob,2024-08-01
CUS_0x7eda_2024_02_01,CUS_0x7eda,0,30dpd_6mob,2024-08-01
CUS_0x7f5d_2024_02_01,CUS_0x7f5d,1,30dpd_6mob,2024-08-01
CUS_0x7f70_2024_02_01,CUS_0x7f70,0,30dpd_6mob,2024-08-01
CUS_0x7ff3_2024_02_01,CUS_0x7ff3,0,30dpd_6mob,2024-08-01
CUS_0x804b_2024_02_01,CUS_0x804b,0,30dpd_6mob,2024-08-01
CUS_0x8095_2024_02_01,CUS_0x8095,0,30dpd_6mob,2024-08-01
CUS_0x8149_2024_02_01,CUS_0x8149,1,30dpd_6mob,2024-08-01
CUS_0x8175_2024_02_01,CUS_0x8175,0,30dpd_6mob,2024-08-01
CUS_0x817c_2024_02_01,CUS_0x817c,1,30dpd_6mob,2024-08-01
CUS_0x81ae_2024_02_01,CUS_0x81ae,0,30dpd_6mob,2024-08-01
CUS_0x81e2_2024_02_01,CUS_0x81e2,0,30dpd_6mob,2024-08-01
CUS_0x81ff_2024_02_01,CUS_0x81ff,0,30dpd_6mob,2024-08-01
CUS_0x82a5_2024_02_01,CUS_0x82a5,0,30dpd_6mob,2024-08-01
CUS_0x8359_2024_02_01,CUS_0x8359,0,30dpd_6mob,2024-08-01
CUS_0x83dc_2024_02_01,CUS_0x83dc,0,30dpd_6mob,2024-08-01
CUS_0x8466_2024_02_01,CUS_0x8466,0,30dpd_6mob,2024-08-01
CUS_0x847b_2024_02_01,CUS_0x847b,1,30dpd_6mob,2024-08-01
CUS_0x84c9_2024_02_01,CUS_0x84c9,0,30dpd_6mob,2024-08-01
CUS_0x84df_2024_02_01,CUS_0x84df,0,30dpd_6mob,2024-08-01
CUS_0x857a_2024_02_01,CUS_0x857a,0,30dpd_6mob,2024-08-01
CUS_0x858b_2024_02_01,CUS_0x858b,0,30dpd_6mob,2024-08-01
CUS_0x85c0_2024_02_01,CUS_0x85c0,0,30dpd_6mob,2024-08-01
CUS_0x85d5_2024_02_01,CUS_0x85d5,0,30dpd_6mob,2024-08-01
CUS_0x8653_2024_02_01,CUS_0x8653,0,30dpd_6mob,2024-08-01
CUS_0x8661_2024_02_01,CUS_0x8661,0,30dpd_6mob,2024-08-01
CUS_0x86b5_2024_02_01,CUS_0x86b5,1,30dpd_6mob,2024-08-01
CUS_0x86ea_2024_02_01,CUS_0x86ea,0,30dpd_6mob,2024-08-01
CUS_0x8711_2024_02_01,CUS_0x8711,0,30dpd_6mob,2024-08-01
CUS_0x8725_2024_02_01,CUS_0x8725,0,30dpd_6mob,2024-08-01
CUS_0x872b_2024_02_01,CUS_0x872b,1,30dpd_6mob,2024-08-01
CUS_0x872d_2024_02_01,CUS_0x872d,1,30dpd_6mob,2024-08-01
CUS_0x8853_2024_02_01,CUS_0x8853,0,30dpd_6mob,2024-08-01
CUS_0x887c_2024_02_01,CUS_0x887c,1,30dpd_6mob,2024-08-01
CUS_0x88a6_2024_02_01,CUS_0x88a6,1,30dpd_6mob,2024-08-01
CUS_0x8980_2024_02_01,CUS_0x8980,1,30dpd_6mob,2024-08-01
CUS_0x8a47_2024_02_01,CUS_0x8a47,0,30dpd_6mob,2024-08-01
CUS_0x8a5c_2024_02_01,CUS_0x8a5c,1,30dpd_6mob,2024-08-01
CUS_0x8a84_2024_02_01,CUS_0x8a84,0,30dpd_6mob,2024-08-01
CUS_0x8ac5_2024_02_01,CUS_0x8ac5,0,30dpd_6mob,2024-08-01
CUS_0x8b8_2024_02_01,CUS_0x8b8,0,30dpd_6mob,2024-08-01
CUS_0x8c03_2024_02_01,CUS_0x8c03,0,30dpd_6mob,2024-08-01
CUS_0x8c2d_2024_02_01,CUS_0x8c2d,0,30dpd_6mob,2024-08-01
CUS_0x8c76_2024_02_01,CUS_0x8c76,0,30dpd_6mob,2024-08-01
CUS_0x8cd4_2024_02_01,CUS_0x8cd4,0,30dpd_6mob,2024-08-01
CUS_0x8da1_2024_02_01,CUS_0x8da1,0,30dpd_6mob,2024-08-01
CUS_0x8e3_2024_02_01,CUS_0x8e3,0,30dpd_6mob,2024-08-01
CUS_0x8e4e_2024_02_01,CUS_0x8e4e,0,30dpd_6mob,2024-08-01
CUS_0x8e70_2024_02_01,CUS_0x8e70,1,30dpd_6mob,2024-08-01
CUS_0x8e8b_2024_02_01,CUS_0x8e8b,0,30dpd_6mob,2024-08-01
CUS_0x8ea5_2024_02_01,CUS_0x8ea5,0,30dpd_6mob,2024-08-01
CUS_0x8eb2_2024_02_01,CUS_0x8eb2,0,30dpd_6mob,2024-08-01
CUS_0x8ec5_2024_02_01,CUS_0x8ec5,1,30dpd_6mob,2024-08-01
CUS_0x8f3a_2024_02_01,CUS_0x8f3a,1,30dpd_6mob,2024-08-01
CUS_0x9002_2024_02_01,CUS_0x9002,0,30dpd_6mob,2024-08-01
CUS_0x9053_2024_02_01,CUS_0x9053,0,30dpd_6mob,2024-08-01
CUS_0x9081_2024_02_01,CUS_0x9081,0,30dpd_6mob,2024-08-01
CUS_0x909a_2024_02_01,CUS_0x909a,0,30dpd_6mob,2024-08-01
CUS_0x90e7_2024_02_01,CUS_0x90e7,0,30dpd_6mob,2024-08-01
CUS_0x917b_2024_02_01,CUS_0x917b,1,30dpd_6mob,2024-08-01
CUS_0x918d_2024_02_01,CUS_0x918d,0,30dpd_6mob,2024-08-01
CUS_0x9263_2024_02_01,CUS_0x9263,0,30dpd_6mob,2024-08-01
CUS_0x938_2024_02_01,CUS_0x938,0,30dpd_6mob,2024-08-01
CUS_0x93ad_2024_02_01,CUS_0x93ad,1,30dpd_6mob,2024-08-01
CUS_0x944c_2024_02_01,CUS_0x944c,1,30dpd_6mob,2024-08-01
CUS_0x94d2_2024_02_01,CUS_0x94d2,0,30dpd_6mob,2024-08-01
CUS_0x9535_2024_02_01,CUS_0x9535,1,30dpd_6mob,2024-08-01
CUS_0x953d_2024_02_01,CUS_0x953d,0,30dpd_6mob,2024-08-01
CUS_0x95a9_2024_02_01,CUS_0x95a9,0,30dpd_6mob,2024-08-01
CUS_0x9636_2024_02_01,CUS_0x9636,0,30dpd_6mob,2024-08-01
CUS_0x965a_2024_02_01,CUS_0x965a,0,30dpd_6mob,2024-08-01
CUS_0x968a_2024_02_01,CUS_0x968a,0,30dpd_6mob,2024-08-01
CUS_0x96e8_2024_02_01,CUS_0x96e8,1,30dpd_6mob,2024-08-01
CUS_0x9772_2024_02_01,CUS_0x9772,1,30dpd_6mob,2024-08-01
CUS_0x97ec_2024_02_01,CUS_0x97ec,1,30dpd_6mob,2024-08-01
CUS_0x981c_2024_02_01,CUS_0x981c,0,30dpd_6mob,2024-08-01
CUS_0x983b_2024_02_01,CUS_0x983b,0,30dpd_6mob,2024-08-01
CUS_0x987b_2024_02_01,CUS_0x987b,1,30dpd_6mob,2024-08-01
CUS_0x9893_2024_02_01,CUS_0x9893,0,30dpd_6mob,2024-08-01
CUS_0x9894_2024_02_01,CUS_0x9894,0,30dpd_6mob,2024-08-01
CUS_0x98c3_2024_02_01,CUS_0x98c3,1,30dpd_6mob,2024-08-01
CUS_0x990e_2024_02_01,CUS_0x990e,0,30dpd_6mob,2024-08-01
CUS_0x9974_2024_02_01,CUS_0x9974,0,30dpd_6mob,2024-08-01
CUS_0x99b_2024_02_01,CUS_0x99b,0,30dpd_6mob,2024-08-01
CUS_0x99b4_2024_02_01,CUS_0x99b4,0,30dpd_6mob,2024-08-01
CUS_0x99b9_2024_02_01,CUS_0x99b9,0,30dpd_6mob,2024-08-01
CUS_0x99e9_2024_02_01,CUS_0x99e9,0,30dpd_6mob,2024-08-01
CUS_0x99ec_2024_02_01,CUS_0x99ec,0,30dpd_6mob,2024-08-01
CUS_0x9a1_2024_02_01,CUS_0x9a1,0,30dpd_6mob,2024-08-01
CUS_0x9a43_2024_02_01,CUS_0x9a43,1,30dpd_6mob,2024-08-01
CUS_0x9ae6_2024_02_01,CUS_0x9ae6,1,30dpd_6mob,2024-08-01
CUS_0x9b4c_2024_02_01,CUS_0x9b4c,0,30dpd_6mob,2024-08-01
CUS_0x9b81_2024_02_01,CUS_0x9b81,0,30dpd_6mob,2024-08-01
CUS_0x9c1f_2024_02_01,CUS_0x9c1f,0,30dpd_6mob,2024-08-01
CUS_0x9c55_2024_02_01,CUS_0x9c55,0,30dpd_6mob,2024-08-01
CUS_0x9ca_2024_02_01,CUS_0x9ca,0,30dpd_6mob,2024-08-01
CUS_0x9cb8_2024_02_01,CUS_0x9cb8,0,30dpd_6mob,2024-08-01
CUS_0x9e41_2024_02_01,CUS_0x9e41,0,30dpd_6mob,2024-08-01
CUS_0x9e7e_2024_02_01,CUS_0x9e7e,0,30dpd_6mob,2024-08-01
CUS_0x9ed9_2024_02_01,CUS_0x9ed9,0,30dpd_6mob,2024-08-01
CUS_0xa090_2024_02_01,CUS_0xa090,0,30dpd_6mob,2024-08-01
CUS_0xa130_2024_02_01,CUS_0xa130,1,30dpd_6mob,2024-08-01
CUS_0xa13f_2024_02_01,CUS_0xa13f,1,30dpd_6mob,2024-08-01
CUS_0xa156_2024_02_01,CUS_0xa156,1,30dpd_6mob,2024-08-01
CUS_0xa1b1_2024_02_01,CUS_0xa1b1,0,30dpd_6mob,2024-08-01
CUS_0xa1bc_2024_02_01,CUS_0xa1bc,1,30dpd_6mob,2024-08-01
CUS_0xa26_2024_02_01,CUS_0xa26,0,30dpd_6mob,2024-08-01
CUS_0xa2d5_2024_02_01,CUS_0xa2d5,0,30dpd_6mob,2024-08-01
CUS_0xa36d_2024_02_01,CUS_0xa36d,1,30dpd_6mob,2024-08-01
CUS_0xa39e_2024_02_01,CUS_0xa39e,1,30dpd_6mob,2024-08-01
CUS_0xa4dc_2024_02_01,CUS_0xa4dc,1,30dpd_6mob,2024-08-01
CUS_0xa560_2024_02_01,CUS_0xa560,0,30dpd_6mob,2024-08-01
CUS_0xa570_2024_02_01,CUS_0xa570,0,30dpd_6mob,2024-08-01
CUS_0xa660_2024_02_01,CUS_0xa660,0,30dpd_6mob,2024-08-01
CUS_0xa68e_2024_02_01,CUS_0xa68e,0,30dpd_6mob,2024-08-01
CUS_0xa692_2024_02_01,CUS_0xa692,1,30dpd_6mob,2024-08-01
CUS_0xa69f_2024_02_01,CUS_0xa69f,1,30dpd_6mob,2024-08-01
CUS_0xa6d4_2024_02_01,CUS_0xa6d4,0,30dpd_6mob,2024-08-01
CUS_0xa73b_2024_02_01,CUS_0xa73b,1,30dpd_6mob,2024-08-01
CUS_0xa77f_2024_02_01,CUS_0xa77f,0,30dpd_6mob,2024-08-01
CUS_0xa7c3_2024_02_01,CUS_0xa7c3,0,30dpd_6mob,2024-08-01
CUS_0xa7f8_2024_02_01,CUS_0xa7f8,0,30dpd_6mob,2024-08-01
CUS_0xa80c_2024_02_01,CUS_0xa80c,0,30dpd_6mob,2024-08-01
CUS_0xa87f_2024_02_01,CUS_0xa87f,0,30dpd_6mob,2024-08-01
CUS_0xa8d6_2024_02_01,CUS_0xa8d6,0,30dpd_6mob,2024-08-01
CUS_0xa90c_2024_02_01,CUS_0xa90c,0,30dpd_6mob,2024-08-01
CUS_0xa922_2024_02_01,CUS_0xa922,0,30dpd_6mob,2024-08-01
CUS_0xa93f_2024_02_01,CUS_0xa93f,0,30dpd_6mob,2024-08-01
CUS_0xa9c2_2024_02_01,CUS_0xa9c2,0,30dpd_6mob,2024-08-01
CUS_0xaa5_2024_02_01,CUS_0xaa5,0,30dpd_6mob,2024-08-01
CUS_0xaa68_2024_02_01,CUS_0xaa68,0,30dpd_6mob,2024-08-01
CUS_0xab07_2024_02_01,CUS_0xab07,1,30dpd_6mob,2024-08-01
CUS_0xab44_2024_02_01,CUS_0xab44,0,30dpd_6mob,2024-08-01
CUS_0xab83_2024_02_01,CUS_0xab83,0,30dpd_6mob,2024-08-01
CUS_0xaba4_2024_02_01,CUS_0xaba4,0,30dpd_6mob,2024-08-01
CUS_0xabc9_2024_02_01,CUS_0xabc9,0,30dpd_6mob,2024-08-01
CUS_0xac04_2024_02_01,CUS_0xac04,0,30dpd_6mob,2024-08-01
CUS_0xac2b_2024_02_01,CUS_0xac2b,0,30dpd_6mob,2024-08-01
CUS_0xacb0_2024_02_01,CUS_0xacb0,0,30dpd_6mob,2024-08-01
CUS_0xad55_2024_02_01,CUS_0xad55,1,30dpd_6mob,2024-08-01
CUS_0xad5e_2024_02_01,CUS_0xad5e,1,30dpd_6mob,2024-08-01
CUS_0xad7d_2024_02_01,CUS_0xad7d,0,30dpd_6mob,2024-08-01
CUS_0xae52_2024_02_01,CUS_0xae52,1,30dpd_6mob,2024-08-01
CUS_0xaeb2_2024_02_01,CUS_0xaeb2,1,30dpd_6mob,2024-08-01
CUS_0xaf0d_2024_02_01,CUS_0xaf0d,0,30dpd_6mob,2024-08-01
CUS_0xaf63_2024_02_01,CUS_0xaf63,0,30dpd_6mob,2024-08-01
CUS_0xaf88_2024_02_01,CUS_0xaf88,1,30dpd_6mob,2024-08-01
CUS_0xb01f_2024_02_01,CUS_0xb01f,0,30dpd_6mob,2024-08-01
CUS_0xb05b_2024_02_01,CUS_0xb05b,0,30dpd_6mob,2024-08-01
CUS_0xb0ca_2024_02_01,CUS_0xb0ca,0,30dpd_6mob,2024-08-01
CUS_0xb0fd_2024_02_01,CUS_0xb0fd,1,30dpd_6mob,2024-08-01
CUS_0xb107_2024_02_01,CUS_0xb107,0,30dpd_6mob,2024-08-01
CUS_0xb14_2024_02_01,CUS_0xb14,1,30dpd_6mob,2024-08-01
CUS_0xb1f8_2024_02_01,CUS_0xb1f8,0,30dpd_6mob,2024-08-01
CUS_0xb25a_2024_02_01,CUS_0xb25a,1,30dpd_6mob,2024-08-01
CUS_0xb2d5_2024_02_01,CUS_0xb2d5,0,30dpd_6mob,2024-08-01
CUS_0xb303_2024_02_01,CUS_0xb303,1,30dpd_6mob,2024-08-01
CUS_0xb436_2024_02_01,CUS_0xb436,1,30dpd_6mob,2024-08-01
CUS_0xb4b7_2024_02_01,CUS_0xb4b7,1,30dpd_6mob,2024-08-01
CUS_0xb4ee_2024_02_01,CUS_0xb4ee,1,30dpd_6mob,2024-08-01
CUS_0xb4f_2024_02_01,CUS_0xb4f,0,30dpd_6mob,2024-08-01
CUS_0xb53d_2024_02_01,CUS_0xb53d,0,30dpd_6mob,2024-08-01
CUS_0xb53e_2024_02_01,CUS_0xb53e,0,30dpd_6mob,2024-08-01
CUS_0xb56b_2024_02_01,CUS_0xb56b,0,30dpd_6mob,2024-08-01
CUS_0xb5c6_2024_02_01,CUS_0xb5c6,0,30dpd_6mob,2024-08-01
CUS_0xb5e4_2024_02_01,CUS_0xb5e4,1,30dpd_6mob,2024-08-01
CUS_0xb614_2024_02_01,CUS_0xb614,0,30dpd_6mob,2024-08-01
CUS_0xb6e0_2024_02_01,CUS_0xb6e0,0,30dpd_6mob,2024-08-01
CUS_0xb805_2024_02_01,CUS_0xb805,0,30dpd_6mob,2024-08-01
CUS_0xb808_2024_02_01,CUS_0xb808,0,30dpd_6mob,2024-08-01
CUS_0xb87a_2024_02_01,CUS_0xb87a,0,30dpd_6mob,2024-08-01
CUS_0xb918_2024_02_01,CUS_0xb918,1,30dpd_6mob,2024-08-01
CUS_0xb92e_2024_02_01,CUS_0xb92e,0,30dpd_6mob,2024-08-01
CUS_0xb967_2024_02_01,CUS_0xb967,0,30dpd_6mob,2024-08-01
CUS_0xb982_2024_02_01,CUS_0xb982,0,30dpd_6mob,2024-08-01
CUS_0xb9c8_2024_02_01,CUS_0xb9c8,1,30dpd_6mob,2024-08-01
CUS_0xb9cd_2024_02_01,CUS_0xb9cd,0,30dpd_6mob,2024-08-01
CUS_0xba9f_2024_02_01,CUS_0xba9f,0,30dpd_6mob,2024-08-01
CUS_0xbabc_2024_02_01,CUS_0xbabc,0,30dpd_6mob,2024-08-01
CUS_0xbb1b_2024_02_01,CUS_0xbb1b,0,30dpd_6mob,2024-08-01
CUS_0xbb26_2024_02_01,CUS_0xbb26,0,30dpd_6mob,2024-08-01
CUS_0xbb33_2024_02_01,CUS_0xbb33,0,30dpd_6mob,2024-08-01
CUS_0xbb69_2024_02_01,CUS_0xbb69,0,30dpd_6mob,2024-08-01
CUS_0xbd06_2024_02_01,CUS_0xbd06,1,30dpd_6mob,2024-08-01
CUS_0xbd37_2024_02_01,CUS_0xbd37,0,30dpd_6mob,2024-08-01
CUS_0xbd3d_2024_02_01,CUS_0xbd3d,0,30dpd_6mob,2024-08-01
CUS_0xbd4_2024_02_01,CUS_0xbd4,0,30dpd_6mob,2024-08-01
CUS_0xbde6_2024_02_01,CUS_0xbde6,0,30dpd_6mob,2024-08-01
CUS_0xbed_2024_02_01,CUS_0xbed,0,30dpd_6mob,2024-08-01
CUS_0xbede_2024_02_01,CUS_0xbede,0,30dpd_6mob,2024-08-01
CUS_0xbfa7_2024_02_01,CUS_0xbfa7,0,30dpd_6mob,2024-08-01
CUS_0xbfcb_2024_02_01,CUS_0xbfcb,0,30dpd_6mob,2024-08-01
CUS_0xc04f_2024_02_01,CUS_0xc04f,1,30dpd_6mob,2024-08-01
CUS_0xc0a4_2024_02_01,CUS_0xc0a4,0,30dpd_6mob,2024-08-01
CUS_0xc0f3_2024_02_01,CUS_0xc0f3,0,30dpd_6mob,2024-08-01
CUS_0xc140_2024_02_01,CUS_0xc140,0,30dpd_6mob,2024-08-01
CUS_0xc143_2024_02_01,CUS_0xc143,0,30dpd_6mob,2024-08-01
CUS_0xc156_2024_02_01,CUS_0xc156,0,30dpd_6mob,2024-08-01
CUS_0xc1a7_2024_02_01,CUS_0xc1a7,0,30dpd_6mob,2024-08-01
CUS_0xc247_2024_02_01,CUS_0xc247,0,30dpd_6mob,2024-08-01
CUS_0xc27_2024_02_01,CUS_0xc27,0,30dpd_6mob,2024-08-01
CUS_0xc317_2024_02_01,CUS_0xc317,0,30dpd_6mob,2024-08-01
CUS_0xc3df_2024_02_01,CUS_0xc3df,1,30dpd_6mob,2024-08-01
CUS_0xc4e_2024_02_01,CUS_0xc4e,0,30dpd_6mob,2024-08-01
CUS_0xc507_2024_02_01,CUS_0xc507,0,30dpd_6mob,2024-08-01
CUS_0xc555_2024_02_01,CUS_0xc555,0,30dpd_6mob,2024-08-01
CUS_0xc5a5_2024_02_01,CUS_0xc5a5,0,30dpd_6mob,2024-08-01
CUS_0xc632_2024_02_01,CUS_0xc632,0,30dpd_6mob,2024-08-01
CUS_0xc63a_2024_02_01,CUS_0xc63a,1,30dpd_6mob,2024-08-01
CUS_0xc67b_2024_02_01,CUS_0xc67b,0,30dpd_6mob,2024-08-01
CUS_0xc76_2024_02_01,CUS_0xc76,0,30dpd_6mob,2024-08-01
CUS_0xc78_2024_02_01,CUS_0xc78,0,30dpd_6mob,2024-08-01
CUS_0xc88_2024_02_01,CUS_0xc88,0,30dpd_6mob,2024-08-01
CUS_0xce1_2024_02_01,CUS_0xce1,1,30dpd_6mob,2024-08-01
CUS_0xe3f_2024_02_01,CUS_0xe3f,0,30dpd_6mob,2024-08-01
CUS_0xe47_2024_02_01,CUS_0xe47,0,30dpd_6mob,2024-08-01
CUS_0xec4_2024_02_01,CUS_0xec4,0,30dpd_6mob,2024-08-01
CUS_0xf6c_2024_02_01,CUS_0xf6c,0,30dpd_6mob,2024-08-01
CUS_0xfa4_2024_02_01,CUS_0xfa4,1,30dpd_6mob,2024-08-01
CUS_0x1044_2023_06_01,CUS_0x1044,0,30dpd_6mob,2023-12-01
CUS_0x104e_2023_06_01,CUS_0x104e,0,30dpd_6mob,2023-12-01
CUS_0x105c_2023_06_01,CUS_0x105c,0,30dpd_6mob,2023-12-01
CUS_0x10ee_2023_06_01,CUS_0x10ee,1,30dpd_6mob,2023-12-01
CUS_0x1136_2023_06_01,CUS_0x1136,1,30dpd_6mob,2023-12-01
CUS_0x1154_2023_06_01,CUS_0x1154,0,30dpd_6mob,2023-12-01
CUS_0x1156_2023_06_01,CUS_0x1156,0,30dpd_6mob,2023-12-01
CUS_0x119e_2023_06_01,CUS_0x119e,0,30dpd_6mob,2023-12-01
CUS_0x128e_2023_06_01,CUS_0x128e,0,30dpd_6mob,2023-12-01
CUS_0x1319_2023_06_01,CUS_0x1319,0,30dpd_6mob,2023-12-01
CUS_0x1329_2023_06_01,CUS_0x1329,0,30dpd_6mob,2023-12-01
CUS_0x142f_2023_06_01,CUS_0x142f,1,30dpd_6mob,2023-12-01
CUS_0x145c_2023_06_01,CUS_0x145c,1,30dpd_6mob,2023-12-01
CUS_0x149e_2023_06_01,CUS_0x149e,0,30dpd_6mob,2023-12-01
CUS_0x14ca_2023_06_01,CUS_0x14ca,1,30dpd_6mob,2023-12-01
CUS_0x157a_2023_06_01,CUS_0x157a,0,30dpd_6mob,2023-12-01
CUS_0x1585_2023_06_01,CUS_0x1585,0,30dpd_6mob,2023-12-01
CUS_0x1664_2023_06_01,CUS_0x1664,0,30dpd_6mob,2023-12-01
CUS_0x166c_2023_06_01,CUS_0x166c,1,30dpd_6mob,2023-12-01
CUS_0x1698_2023_06_01,CUS_0x1698,0,30dpd_6mob,2023-12-01
CUS_0x16a2_2023_06_01,CUS_0x16a2,0,30dpd_6mob,2023-12-01
CUS_0x16d9_2023_06_01,CUS_0x16d9,0,30dpd_6mob,2023-12-01
CUS_0x1766_2023_06_01,CUS_0x1766,1,30dpd_6mob,2023-12-01
CUS_0x17e0_2023_06_01,CUS_0x17e0,0,30dpd_6mob,2023-12-01
CUS_0x17ef_2023_06_01,CUS_0x17ef,0,30dpd_6mob,2023-12-01
CUS_0x17fe_2023_06_01,CUS_0x17fe,0,30dpd_6mob,2023-12-01
CUS_0x1810_2023_06_01,CUS_0x1810,0,30dpd_6mob,2023-12-01
CUS_0x18c5_2023_06_01,CUS_0x18c5,0,30dpd_6mob,2023-12-01
CUS_0x18c6_2023_06_01,CUS_0x18c6,0,30dpd_6mob,2023-12-01
CUS_0x1972_2023_06_01,CUS_0x1972,1,30dpd_6mob,2023-12-01
CUS_0x199a_2023_06_01,CUS_0x199a,0,30dpd_6mob,2023-12-01
CUS_0x1a2a_2023_06_01,CUS_0x1a2a,0,30dpd_6mob,2023-12-01
CUS_0x1a2f_2023_06_01,CUS_0x1a2f,0,30dpd_6mob,2023-12-01
CUS_0x1a4a_2023_06_01,CUS_0x1a4a,0,30dpd_6mob,2023-12-01
CUS_0x1aa4_2023_06_01,CUS_0x1aa4,0,30dpd_6mob,2023-12-01
CUS_0x1aee_2023_06_01,CUS_0x1aee,0,30dpd_6mob,2023-12-01
CUS_0x1bbb_2023_06_01,CUS_0x1bbb,0,30dpd_6mob,2023-12-01
CUS_0x1c1a_2023_06_01,CUS_0x1c1a,0,30dpd_6mob,2023-12-01
CUS_0x1c99_2023_06_01,CUS_0x1c99,1,30dpd_6mob,2023-12-01
CUS_0x1ca9_2023_06_01,CUS_0x1ca9,0,30dpd_6mob,2023-12-01
CUS_0x1cdb_2023_06_01,CUS_0x1cdb,0,30dpd_6mob,2023-12-01
CUS_0x1d6f_2023_06_01,CUS_0x1d6f,0,30dpd_6mob,2023-12-01
CUS_0x1db0_2023_06_01,CUS_0x1db0,1,30dpd_6mob,2023-12-01
CUS_0x1dc2_2023_06_01,CUS_0x1dc2,1,30dpd_6mob,2023-12-01
CUS_0x1de3_2023_06_01,CUS_0x1de3,1,30dpd_6mob,2023-12-01
CUS_0x1e52_2023_06_01,CUS_0x1e52,0,30dpd_6mob,2023-12-01
CUS_0x1e70_2023_06_01,CUS_0x1e70,0,30dpd_6mob,2023-12-01
CUS_0x1e91_2023_06_01,CUS_0x1e91,0,30dpd_6mob,2023-12-01
CUS_0x1e95_2023_06_01,CUS_0x1e95,0,30dpd_6mob,2023-12-01
CUS_0x1ec4_2023_06_01,CUS_0x1ec4,0,30dpd_6mob,2023-12-01
CUS_0x1f96_2023_06_01,CUS_0x1f96,0,30dpd_6mob,2023-12-01
CUS_0x2224_2023_06_01,CUS_0x2224,0,30dpd_6mob,2023-12-01
CUS_0x224f_2023_06_01,CUS_0x224f,0,30dpd_6mob,2023-12-01
CUS_0x225e_2023_06_01,CUS_0x225e,0,30dpd_6mob,2023-12-01
CUS_0x22f4_2023_06_01,CUS_0x22f4,0,30dpd_6mob,2023-12-01
CUS_0x2301_2023_06_01,CUS_0x2301,1,30dpd_6mob,2023-12-01
CUS_0x2312_2023_06_01,CUS_0x2312,0,30dpd_6mob,2023-12-01
CUS_0x23a6_2023_06_01,CUS_0x23a6,0,30dpd_6mob,2023-12-01
CUS_0x23b0_2023_06_01,CUS_0x23b0,0,30dpd_6mob,2023-12-01
CUS_0x242b_2023_06_01,CUS_0x242b,1,30dpd_6mob,2023-12-01
CUS_0x245d_2023_06_01,CUS_0x245d,0,30dpd_6mob,2023-12-01
CUS_0x2479_2023_06_01,CUS_0x2479,1,30dpd_6mob,2023-12-01
CUS_0x250b_2023_06_01,CUS_0x250b,1,30dpd_6mob,2023-12-01
CUS_0x25a4_2023_06_01,CUS_0x25a4,0,30dpd_6mob,2023-12-01
CUS_0x25a5_2023_06_01,CUS_0x25a5,0,30dpd_6mob,2023-12-01
CUS_0x25ae_2023_06_01,CUS_0x25ae,0,30dpd_6mob,2023-12-01
CUS_0x2611_2023_06_01,CUS_0x2611,0,30dpd_6mob,2023-12-01
CUS_0x2617_2023_06_01,CUS_0x2617,0,30dpd_6mob,2023-12-01
CUS_0x2618_2023_06_01,CUS_0x2618,0,30dpd_6mob,2023-12-01
CUS_0x26d7_2023_06_01,CUS_0x26d7,0,30dpd_6mob,2023-12-01
CUS_0x26ea_2023_06_01,CUS_0x26ea,0,30dpd_6mob,2023-12-01
CUS_0x275c_2023_06_01,CUS_0x275c,1,30dpd_6mob,2023-12-01
CUS_0x2794_2023_06_01,CUS_0x2794,0,30dpd_6mob,2023-12-01
CUS_0x27a4_2023_06_01,CUS_0x27a4,0,30dpd_6mob,2023-12-01
CUS_0x2822_2023_06_01,CUS_0x2822,0,30dpd_6mob,2023-12-01
CUS_0x298e_2023_06_01,CUS_0x298e,0,30dpd_6mob,2023-12-01
CUS_0x2997_2023_06_01,CUS_0x2997,0,30dpd_6mob,2023-12-01
CUS_0x2a60_2023_06_01,CUS_0x2a60,1,30dpd_6mob,2023-12-01
CUS_0x2ab3_2023_06_01,CUS_0x2ab3,0,30dpd_6mob,2023-12-01
CUS_0x2b6e_2023_06_01,CUS_0x2b6e,0,30dpd_6mob,2023-12-01
CUS_0x2b76_2023_06_01,CUS_0x2b76,0,30dpd_6mob,2023-12-01
CUS_0x2bec_2023_06_01,CUS_0x2bec,0,30dpd_6mob,2023-12-01
CUS_0x2c13_2023_06_01,CUS_0x2c13,1,30dpd_6mob,2023-12-01
CUS_0x2c22_2023_06_01,CUS_0x2c22,0,30dpd_6mob,2023-12-01
CUS_0x2c32_2023_06_01,CUS_0x2c32,1,30dpd_6mob,2023-12-01
CUS_0x2cdf_2023_06_01,CUS_0x2cdf,1,30dpd_6mob,2023-12-01
CUS_0x2d3a_2023_06_01,CUS_0x2d3a,0,30dpd_6mob,2023-12-01
CUS_0x2e0f_2023_06_01,CUS_0x2e0f,0,30dpd_6mob,2023-12-01
CUS_0x2e43_2023_06_01,CUS_0x2e43,0,30dpd_6mob,2023-12-01
CUS_0x2f8c_2023_06_01,CUS_0x2f8c,1,30dpd_6mob,2023-12-01
CUS_0x2fb8_2023_06_01,CUS_0x2fb8,0,30dpd_6mob,2023-12-01
CUS_0x3102_2023_06_01,CUS_0x3102,0,30dpd_6mob,2023-12-01
CUS_0x3105_2023_06_01,CUS_0x3105,0,30dpd_6mob,2023-12-01
CUS_0x3169_2023_06_01,CUS_0x3169,0,30dpd_6mob,2023-12-01
CUS_0x31eb_2023_06_01,CUS_0x31eb,0,30dpd_6mob,2023-12-01
CUS_0x32e4_2023_06_01,CUS_0x32e4,1,30dpd_6mob,2023-12-01
CUS_0x3331_2023_06_01,CUS_0x3331,1,30dpd_6mob,2023-12-01
CUS_0x337f_2023_06_01,CUS_0x337f,0,30dpd_6mob,2023-12-01
CUS_0x33bf_2023_06_01,CUS_0x33bf,1,30dpd_6mob,2023-12-01
CUS_0x33e0_2023_06_01,CUS_0x33e0,1,30dpd_6mob,2023-12-01
CUS_0x344a_2023_06_01,CUS_0x344a,0,30dpd_6mob,2023-12-01
CUS_0x34c8_2023_06_01,CUS_0x34c8,0,30dpd_6mob,2023-12-01
CUS_0x34f2_2023_06_01,CUS_0x34f2,1,30dpd_6mob,2023-12-01
CUS_0x3595_2023_06_01,CUS_0x3595,0,30dpd_6mob,2023-12-01
CUS_0x3597_2023_06_01,CUS_0x3597,0,30dpd_6mob,2023-12-01
CUS_0x35c6_2023_06_01,CUS_0x35c6,0,30dpd_6mob,2023-12-01
CUS_0x362c_2023_06_01,CUS_0x362c,1,30dpd_6mob,2023-12-01
CUS_0x36c4_2023_06_01,CUS_0x36c4,0,30dpd_6mob,2023-12-01
CUS_0x382d_2023_06_01,CUS_0x382d,0,30dpd_6mob,2023-12-01
CUS_0x3846_2023_06_01,CUS_0x3846,0,30dpd_6mob,2023-12-01
CUS_0x38b3_2023_06_01,CUS_0x38b3,1,30dpd_6mob,2023-12-01
CUS_0x3969_2023_06_01,CUS_0x3969,1,30dpd_6mob,2023-12-01
CUS_0x398f_2023_06_01,CUS_0x398f,0,30dpd_6mob,2023-12-01
CUS_0x39e0_2023_06_01,CUS_0x39e0,0,30dpd_6mob,2023-12-01
CUS_0x3a3f_2023_06_01,CUS_0x3a3f,0,30dpd_6mob,2023-12-01
CUS_0x3a99_2023_06_01,CUS_0x3a99,0,30dpd_6mob,2023-12-01
CUS_0x3ae5_2023_06_01,CUS_0x3ae5,0,30dpd_6mob,2023-12-01
CUS_0x3b1f_2023_06_01,CUS_0x3b1f,1,30dpd_6mob,2023-12-01
CUS_0x3c2c_2023_06_01,CUS_0x3c2c,0,30dpd_6mob,2023-12-01
CUS_0x3c47_2023_06_01,CUS_0x3c47,0,30dpd_6mob,2023-12-01
CUS_0x3cfb_2023_06_01,CUS_0x3cfb,0,30dpd_6mob,2023-12-01
CUS_0x3dfe_2023_06_01,CUS_0x3dfe,0,30dpd_6mob,2023-12-01
CUS_0x3e1f_2023_06_01,CUS_0x3e1f,1,30dpd_6mob,2023-12-01
CUS_0x3e45_2023_06_01,CUS_0x3e45,0,30dpd_6mob,2023-12-01
CUS_0x3eab_2023_06_01,CUS_0x3eab,0,30dpd_6mob,2023-12-01
CUS_0x3ebe_2023_06_01,CUS_0x3ebe,0,30dpd_6mob,2023-12-01
CUS_0x3ee8_2023_06_01,CUS_0x3ee8,0,30dpd_6mob,2023-12-01
CUS_0x3fbf_2023_06_01,CUS_0x3fbf,0,30dpd_6mob,2023-12-01
CUS_0x4056_2023_06_01,CUS_0x4056,0,30dpd_6mob,2023-12-01
CUS_0x40c8_2023_06_01,CUS_0x40c8,0,30dpd_6mob,2023-12-01
CUS_0x40dc_2023_06_01,CUS_0x40dc,0,30dpd_6mob,2023-12-01
CUS_0x40e1_2023_06_01,CUS_0x40e1,1,30dpd_6mob,2023-12-01
CUS_0x418_2023_06_01,CUS_0x418,0,30dpd_6mob,2023-12-01
CUS_0x4197_2023_06_01,CUS_0x4197,0,30dpd_6mob,2023-12-01
CUS_0x419d_2023_06_01,CUS_0x419d,1,30dpd_6mob,2023-12-01
CUS_0x41a_2023_06_01,CUS_0x41a,0,30dpd_6mob,2023-12-01
CUS_0x41ea_2023_06_01,CUS_0x41ea,0,30dpd_6mob,2023-12-01
CUS_0x4237_2023_06_01,CUS_0x4237,0,30dpd_6mob,2023-12-01
CUS_0x42bc_2023_06_01,CUS_0x42bc,0,30dpd_6mob,2023-12-01
CUS_0x4375_2023_06_01,CUS_0x4375,0,30dpd_6mob,2023-12-01
CUS_0x437c_2023_06_01,CUS_0x437c,0,30dpd_6mob,2023-12-01
CUS_0x43c2_2023_06_01,CUS_0x43c2,1,30dpd_6mob,2023-12-01
CUS_0x445_2023_06_01,CUS_0x445,1,30dpd_6mob,2023-12-01
CUS_0x446c_2023_06_01,CUS_0x446c,1,30dpd_6mob,2023-12-01
CUS_0x4479_2023_06_01,CUS_0x4479,0,30dpd_6mob,2023-12-01
CUS_0x4505_2023_06_01,CUS_0x4505,0,30dpd_6mob,2023-12-01
CUS_0x4649_2023_06_01,CUS_0x4649,0,30dpd_6mob,2023-12-01
CUS_0x466e_2023_06_01,CUS_0x466e,1,30dpd_6mob,2023-12-01
CUS_0x46c_2023_06_01,CUS_0x46c,0,30dpd_6mob,2023-12-01
CUS_0x4721_2023_06_01,CUS_0x4721,0,30dpd_6mob,2023-12-01
CUS_0x48ac_2023_06_01,CUS_0x48ac,1,30dpd_6mob,2023-12-01
CUS_0x4a0a_2023_06_01,CUS_0x4a0a,0,30dpd_6mob,2023-12-01
CUS_0x4a2b_2023_06_01,CUS_0x4a2b,1,30dpd_6mob,2023-12-01
CUS_0x4a8f_2023_06_01,CUS_0x4a8f,1,30dpd_6mob,2023-12-01
CUS_0x4ade_2023_06_01,CUS_0x4ade,0,30dpd_6mob,2023-12-01
CUS_0x4ae9_2023_06_01,CUS_0x4ae9,0,30dpd_6mob,2023-12-01
CUS_0x4aef_2023_06_01,CUS_0x4aef,1,30dpd_6mob,2023-12-01
CUS_0x4bdf_2023_06_01,CUS_0x4bdf,0,30dpd_6mob,2023-12-01
CUS_0x4d25_2023_06_01,CUS_0x4d25,0,30dpd_6mob,2023-12-01
CUS_0x4d61_2023_06_01,CUS_0x4d61,0,30dpd_6mob,2023-12-01
CUS_0x4d6a_2023_06_01,CUS_0x4d6a,0,30dpd_6mob,2023-12-01
CUS_0x4e53_2023_06_01,CUS_0x4e53,0,30dpd_6mob,2023-12-01
CUS_0x4fa3_2023_06_01,CUS_0x4fa3,0,30dpd_6mob,2023-12-01
CUS_0x4fad_2023_06_01,CUS_0x4fad,0,30dpd_6mob,2023-12-01
CUS_0x5029_2023_06_01,CUS_0x5029,0,30dpd_6mob,2023-12-01
CUS_0x51c_2023_06_01,CUS_0x51c,0,30dpd_6mob,2023-12-01
CUS_0x51e5_2023_06_01,CUS_0x51e5,1,30dpd_6mob,2023-12-01
CUS_0x5215_2023_06_01,CUS_0x5215,0,30dpd_6mob,2023-12-01
CUS_0x5275_2023_06_01,CUS_0x5275,1,30dpd_6mob,2023-12-01
CUS_0x529b_2023_06_01,CUS_0x529b,1,30dpd_6mob,2023-12-01
CUS_0x52b7_2023_06_01,CUS_0x52b7,1,30dpd_6mob,2023-12-01
CUS_0x53fa_2023_06_01,CUS_0x53fa,0,30dpd_6mob,2023-12-01
CUS_0x54d6_2023_06_01,CUS_0x54d6,0,30dpd_6mob,2023-12-01
CUS_0x55f4_2023_06_01,CUS_0x55f4,0,30dpd_6mob,2023-12-01
CUS_0x567b_2023_06_01,CUS_0x567b,0,30dpd_6mob,2023-12-01
CUS_0x5707_2023_06_01,CUS_0x5707,0,30dpd_6mob,2023-12-01
CUS_0x5929_2023_06_01,CUS_0x5929,0,30dpd_6mob,2023-12-01
CUS_0x598f_2023_06_01,CUS_0x598f,0,30dpd_6mob,2023-12-01
CUS_0x59a1_2023_06_01,CUS_0x59a1,1,30dpd_6mob,2023-12-01
CUS_0x59a2_2023_06_01,CUS_0x59a2,0,30dpd_6mob,2023-12-01
CUS_0x5a77_2023_06_01,CUS_0x5a77,1,30dpd_6mob,2023-12-01
CUS_0x5ae1_2023_06_01,CUS_0x5ae1,1,30dpd_6mob,2023-12-01
CUS_0x5b92_2023_06_01,CUS_0x5b92,0,30dpd_6mob,2023-12-01
CUS_0x5c2_2023_06_01,CUS_0x5c2,0,30dpd_6mob,2023-12-01
CUS_0x5c3c_2023_06_01,CUS_0x5c3c,0,30dpd_6mob,2023-12-01
CUS_0x5c3f_2023_06_01,CUS_0x5c3f,0,30dpd_6mob,2023-12-01
CUS_0x5c7a_2023_06_01,CUS_0x5c7a,1,30dpd_6mob,2023-12-01
CUS_0x5ca1_2023_06_01,CUS_0x5ca1,0,30dpd_6mob,2023-12-01
CUS_0x5cc0_2023_06_01,CUS_0x5cc0,1,30dpd_6mob,2023-12-01
CUS_0x5cdb_2023_06_01,CUS_0x5cdb,0,30dpd_6mob,2023-12-01
CUS_0x5d0b_2023_06_01,CUS_0x5d0b,1,30dpd_6mob,2023-12-01
CUS_0x5d50_2023_06_01,CUS_0x5d50,0,30dpd_6mob,2023-12-01
CUS_0x5de6_2023_06_01,CUS_0x5de6,0,30dpd_6mob,2023-12-01
CUS_0x5e3d_2023_06_01,CUS_0x5e3d,0,30dpd_6mob,2023-12-01
CUS_0x5e56_2023_06_01,CUS_0x5e56,0,30dpd_6mob,2023-12-01
CUS_0x5e96_2023_06_01,CUS_0x5e96,1,30dpd_6mob,2023-12-01
CUS_0x5ece_2023_06_01,CUS_0x5ece,0,30dpd_6mob,2023-12-01
CUS_0x5ecf_2023_06_01,CUS_0x5ecf,1,30dpd_6mob,2023-12-01
CUS_0x603a_2023_06_01,CUS_0x603a,0,30dpd_6mob,2023-12-01
CUS_0x60e8_2023_06_01,CUS_0x60e8,0,30dpd_6mob,2023-12-01
CUS_0x61e4_2023_06_01,CUS_0x61e4,0,30dpd_6mob,2023-12-01
CUS_0x62be_2023_06_01,CUS_0x62be,0,30dpd_6mob,2023-12-01
CUS_0x62e4_2023_06_01,CUS_0x62e4,0,30dpd_6mob,2023-12-01
CUS_0x632c_2023_06_01,CUS_0x632c,0,30dpd_6mob,2023-12-01
CUS_0x6440_2023_06_01,CUS_0x6440,0,30dpd_6mob,2023-12-01
CUS_0x644e_2023_06_01,CUS_0x644e,0,30dpd_6mob,2023-12-01
CUS_0x649d_2023_06_01,CUS_0x649d,0,30dpd_6mob,2023-12-01
CUS_0x64c8_2023_06_01,CUS_0x64c8,0,30dpd_6mob,2023-12-01
CUS_0x6514_2023_06_01,CUS_0x6514,0,30dpd_6mob,2023-12-01
CUS_0x6549_2023_06_01,CUS_0x6549,0,30dpd_6mob,2023-12-01
CUS_0x663b_2023_06_01,CUS_0x663b,0,30dpd_6mob,2023-12-01
CUS_0x663e_2023_06_01,CUS_0x663e,0,30dpd_6mob,2023-12-01
CUS_0x6733_2023_06_01,CUS_0x6733,0,30dpd_6mob,2023-12-01
CUS_0x67eb_2023_06_01,CUS_0x67eb,1,30dpd_6mob,2023-12-01
CUS_0x689e_2023_06_01,CUS_0x689e,1,30dpd_6mob,2023-12-01
CUS_0x68b5_2023_06_01,CUS_0x68b5,0,30dpd_6mob,2023-12-01
CUS_0x68cb_2023_06_01,CUS_0x68cb,0,30dpd_6mob,2023-12-01
CUS_0x68cf_2023_06_01,CUS_0x68cf,1,30dpd_6mob,2023-12-01
CUS_0x68ee_2023_06_01,CUS_0x68ee,0,30dpd_6mob,2023-12-01
CUS_0x6902_2023_06_01,CUS_0x6902,1,30dpd_6mob,2023-12-01
CUS_0x6968_2023_06_01,CUS_0x6968,0,30dpd_6mob,2023-12-01
CUS_0x6983_2023_06_01,CUS_0x6983,1,30dpd_6mob,2023-12-01
CUS_0x69b1_2023_06_01,CUS_0x69b1,0,30dpd_6mob,2023-12-01
CUS_0x69d9_2023_06_01,CUS_0x69d9,0,30dpd_6mob,2023-12-01
CUS_0x69f3_2023_06_01,CUS_0x69f3,0,30dpd_6mob,2023-12-01
CUS_0x6ad2_2023_06_01,CUS_0x6ad2,0,30dpd_6mob,2023-12-01
CUS_0x6b24_2023_06_01,CUS_0x6b24,1,30dpd_6mob,2023-12-01
CUS_0x6b50_2023_06_01,CUS_0x6b50,1,30dpd_6mob,2023-12-01
CUS_0x6b5f_2023_06_01,CUS_0x6b5f,1,30dpd_6mob,2023-12-01
CUS_0x6bb5_2023_06_01,CUS_0x6bb5,0,30dpd_6mob,2023-12-01
CUS_0x6c0f_2023_06_01,CUS_0x6c0f,0,30dpd_6mob,2023-12-01
CUS_0x6c4c_2023_06_01,CUS_0x6c4c,0,30dpd_6mob,2023-12-01
CUS_0x6c85_2023_06_01,CUS_0x6c85,0,30dpd_6mob,2023-12-01
CUS_0x6c8b_2023_06_01,CUS_0x6c8b,0,30dpd_6mob,2023-12-01
CUS_0x6c95_2023_06_01,CUS_0x6c95,0,30dpd_6mob,2023-12-01
CUS_0x6c9d_2023_06_01,CUS_0x6c9d,0,30dpd_6mob,2023-12-01
CUS_0x6cc_2023_06_01,CUS_0x6cc,0,30dpd_6mob,2023-12-01
CUS_0x6d15_2023_06_01,CUS_0x6d15,0,30dpd_6mob,2023-12-01
CUS_0x6d28_2023_06_01,CUS_0x6d28,0,30dpd_6mob,2023-12-01
CUS_0x6daf_2023_06_01,CUS_0x6daf,0,30dpd_6mob,2023-12-01
CUS_0x6dc9_2023_06_01,CUS_0x6dc9,0,30dpd_6mob,2023-12-01
CUS_0x6dcf_2023_06_01,CUS_0x6dcf,0,30dpd_6mob,2023-12-01
CUS_0x6e58_2023_06_01,CUS_0x6e58,0,30dpd_6mob,2023-12-01
CUS_0x6fd5_2023_06_01,CUS_0x6fd5,1,30dpd_6mob,2023-12-01
CUS_0x6fff_2023_06_01,CUS_0x6fff,0,30dpd_6mob,2023-12-01
CUS_0x7051_2023_06_01,CUS_0x7051,0,30dpd_6mob,2023-12-01
CUS_0x70b_2023_06_01,CUS_0x70b,0,30dpd_6mob,2023-12-01
CUS_0x70bd_2023_06_01,CUS_0x70bd,1,30dpd_6mob,2023-12-01
CUS_0x70d5_2023_06_01,CUS_0x70d5,0,30dpd_6mob,2023-12-01
CUS_0x70d6_2023_06_01,CUS_0x70d6,0,30dpd_6mob,2023-12-01
CUS_0x718a_2023_06_01,CUS_0x718a,1,30dpd_6mob,2023-12-01
CUS_0x721_2023_06_01,CUS_0x721,1,30dpd_6mob,2023-12-01
CUS_0x7223_2023_06_01,CUS_0x7223,0,30dpd_6mob,2023-12-01
CUS_0x7238_2023_06_01,CUS_0x7238,0,30dpd_6mob,2023-12-01
CUS_0x725e_2023_06_01,CUS_0x725e,1,30dpd_6mob,2023-12-01
CUS_0x72c1_2023_06_01,CUS_0x72c1,0,30dpd_6mob,2023-12-01
CUS_0x73d9_2023_06_01,CUS_0x73d9,1,30dpd_6mob,2023-12-01
CUS_0x73f9_2023_06_01,CUS_0x73f9,0,30dpd_6mob,2023-12-01
CUS_0x748d_2023_06_01,CUS_0x748d,0,30dpd_6mob,2023-12-01
CUS_0x74e7_2023_06_01,CUS_0x74e7,0,30dpd_6mob,2023-12-01
CUS_0x74f7_2023_06_01,CUS_0x74f7,0,30dpd_6mob,2023-12-01
CUS_0x7528_2023_06_01,CUS_0x7528,0,30dpd_6mob,2023-12-01
CUS_0x755b_2023_06_01,CUS_0x755b,0,30dpd_6mob,2023-12-01
CUS_0x75ce_2023_06_01,CUS_0x75ce,1,30dpd_6mob,2023-12-01
CUS_0x75f0_2023_06_01,CUS_0x75f0,0,30dpd_6mob,2023-12-01
CUS_0x7633_2023_06_01,CUS_0x7633,1,30dpd_6mob,2023-12-01
CUS_0x7651_2023_06_01,CUS_0x7651,1,30dpd_6mob,2023-12-01
CUS_0x7693_2023_06_01,CUS_0x7693,1,30dpd_6mob,2023-12-01
CUS_0x76d4_2023_06_01,CUS_0x76d4,0,30dpd_6mob,2023-12-01
CUS_0x76dc_2023_06_01,CUS_0x76dc,0,30dpd_6mob,2023-12-01
CUS_0x76e7_2023_06_01,CUS_0x76e7,1,30dpd_6mob,2023-12-01
CUS_0x77ca_2023_06_01,CUS_0x77ca,0,30dpd_6mob,2023-12-01
CUS_0x783f_2023_06_01,CUS_0x783f,1,30dpd_6mob,2023-12-01
CUS_0x7843_2023_06_01,CUS_0x7843,0,30dpd_6mob,2023-12-01
CUS_0x789_2023_06_01,CUS_0x789,0,30dpd_6mob,2023-12-01
CUS_0x7899_2023_06_01,CUS_0x7899,1,30dpd_6mob,2023-12-01
CUS_0x7900_2023_06_01,CUS_0x7900,1,30dpd_6mob,2023-12-01
CUS_0x7963_2023_06_01,CUS_0x7963,0,30dpd_6mob,2023-12-01
CUS_0x79c1_2023_06_01,CUS_0x79c1,1,30dpd_6mob,2023-12-01
CUS_0x7a73_2023_06_01,CUS_0x7a73,1,30dpd_6mob,2023-12-01
CUS_0x7a79_2023_06_01,CUS_0x7a79,0,30dpd_6mob,2023-12-01
CUS_0x7ad7_2023_06_01,CUS_0x7ad7,0,30dpd_6mob,2023-12-01
CUS_0x7b27_2023_06_01,CUS_0x7b27,0,30dpd_6mob,2023-12-01
CUS_0x7b66_2023_06_01,CUS_0x7b66,1,30dpd_6mob,2023-12-01
CUS_0x7bb2_2023_06_01,CUS_0x7bb2,1,30dpd_6mob,2023-12-01
CUS_0x7bf8_2023_06_01,CUS_0x7bf8,0,30dpd_6mob,2023-12-01
CUS_0x7c21_2023_06_01,CUS_0x7c21,1,30dpd_6mob,2023-12-01
CUS_0x7cf1_2023_06_01,CUS_0x7cf1,0,30dpd_6mob,2023-12-01
CUS_0x7e24_2023_06_01,CUS_0x7e24,0,30dpd_6mob,2023-12-01
CUS_0x7e3a_2023_06_01,CUS_0x7e3a,0,30dpd_6mob,2023-12-01
CUS_0x7e62_2023_06_01,CUS_0x7e62,1,30dpd_6mob,2023-12-01
CUS_0x7e63_2023_06_01,CUS_0x7e63,0,30dpd_6mob,2023-12-01
CUS_0x7e9a_2023_06_01,CUS_0x7e9a,0,30dpd_6mob,2023-12-01
CUS_0x7f46_2023_06_01,CUS_0x7f46,0,30dpd_6mob,2023-12-01
CUS_0x7fe9_2023_06_01,CUS_0x7fe9,1,30dpd_6mob,2023-12-01
CUS_0x8059_2023_06_01,CUS_0x8059,1,30dpd_6mob,2023-12-01
CUS_0x81f2_2023_06_01,CUS_0x81f2,0,30dpd_6mob,2023-12-01
CUS_0x8275_2023_06_01,CUS_0x8275,1,30dpd_6mob,2023-12-01
CUS_0x828b_2023_06_01,CUS_0x828b,0,30dpd_6mob,2023-12-01
CUS_0x8316_2023_06_01,CUS_0x8316,0,30dpd_6mob,2023-12-01
CUS_0x8399_2023_06_01,CUS_0x8399,0,30dpd_6mob,2023-12-01
CUS_0x83e_2023_06_01,CUS_0x83e,0,30dpd_6mob,2023-12-01
CUS_0x84a9_2023_06_01,CUS_0x84a9,0,30dpd_6mob,2023-12-01
CUS_0x84e7_2023_06_01,CUS_0x84e7,0,30dpd_6mob,2023-12-01
CUS_0x85f1_2023_06_01,CUS_0x85f1,0,30dpd_6mob,2023-12-01
CUS_0x85f4_2023_06_01,CUS_0x85f4,1,30dpd_6mob,2023-12-01
CUS_0x8643_2023_06_01,CUS_0x8643,1,30dpd_6mob,2023-12-01
CUS_0x864c_2023_06_01,CUS_0x864c,0,30dpd_6mob,2023-12-01
CUS_0x869b_2023_06_01,CUS_0x869b,1,30dpd_6mob,2023-12-01
CUS_0x86c5_2023_06_01,CUS_0x86c5,0,30dpd_6mob,2023-12-01
CUS_0x86da_2023_06_01,CUS_0x86da,1,30dpd_6mob,2023-12-01
CUS_0x86fe_2023_06_01,CUS_0x86fe,0,30dpd_6mob,2023-12-01
CUS_0x8715_2023_06_01,CUS_0x8715,0,30dpd_6mob,2023-12-01
CUS_0x8749_2023_06_01,CUS_0x8749,0,30dpd_6mob,2023-12-01
CUS_0x87e7_2023_06_01,CUS_0x87e7,1,30dpd_6mob,2023-12-01
CUS_0x87fe_2023_06_01,CUS_0x87fe,0,30dpd_6mob,2023-12-01
CUS_0x8812_2023_06_01,CUS_0x8812,1,30dpd_6mob,2023-12-01
CUS_0x881e_2023_06_01,CUS_0x881e,1,30dpd_6mob,2023-12-01
CUS_0x884_2023_06_01,CUS_0x884,0,30dpd_6mob,2023-12-01
CUS_0x88a_2023_06_01,CUS_0x88a,0,30dpd_6mob,2023-12-01
CUS_0x8945_2023_06_01,CUS_0x8945,1,30dpd_6mob,2023-12-01
CUS_0x8a4b_2023_06_01,CUS_0x8a4b,0,30dpd_6mob,2023-12-01
CUS_0x8ae0_2023_06_01,CUS_0x8ae0,1,30dpd_6mob,2023-12-01
CUS_0x8af4_2023_06_01,CUS_0x8af4,1,30dpd_6mob,2023-12-01
CUS_0x8b0c_2023_06_01,CUS_0x8b0c,1,30dpd_6mob,2023-12-01
CUS_0x8b6f_2023_06_01,CUS_0x8b6f,0,30dpd_6mob,2023-12-01
CUS_0x8b8e_2023_06_01,CUS_0x8b8e,0,30dpd_6mob,2023-12-01
CUS_0x8b99_2023_06_01,CUS_0x8b99,0,30dpd_6mob,2023-12-01
CUS_0x8c1_2023_06_01,CUS_0x8c1,0,30dpd_6mob,2023-12-01
CUS_0x8c52_2023_06_01,CUS_0x8c52,0,30dpd_6mob,2023-12-01
CUS_0x8cc1_2023_06_01,CUS_0x8cc1,1,30dpd_6mob,2023-12-01
CUS_0x8cff_2023_06_01,CUS_0x8cff,1,30dpd_6mob,2023-12-01
CUS_0x8e80_2023_06_01,CUS_0x8e80,0,30dpd_6mob,2023-12-01
CUS_0x8e96_2023_06_01,CUS_0x8e96,1,30dpd_6mob,2023-12-01
CUS_0x8ea8_2023_06_01,CUS_0x8ea8,0,30dpd_6mob,2023-12-01
CUS_0x8f4_2023_06_01,CUS_0x8f4,0,30dpd_6mob,2023-12-01
CUS_0x8f63_2023_06_01,CUS_0x8f63,0,30dpd_6mob,2023-12-01
CUS_0x8f6f_2023_06_01,CUS_0x8f6f,0,30dpd_6mob,2023-12-01
CUS_0x8f8f_2023_06_01,CUS_0x8f8f,0,30dpd_6mob,2023-12-01
CUS_0x8f9e_2023_06_01,CUS_0x8f9e,0,30dpd_6mob,2023-12-01
CUS_0x9122_2023_06_01,CUS_0x9122,0,30dpd_6mob,2023-12-01
CUS_0x913a_2023_06_01,CUS_0x913a,0,30dpd_6mob,2023-12-01
CUS_0x913e_2023_06_01,CUS_0x913e,0,30dpd_6mob,2023-12-01
CUS_0x919b_2023_06_01,CUS_0x919b,1,30dpd_6mob,2023-12-01
CUS_0x9268_2023_06_01,CUS_0x9268,0,30dpd_6mob,2023-12-01
CUS_0x927d_2023_06_01,CUS_0x927d,0,30dpd_6mob,2023-12-01
CUS_0x92c6_2023_06_01,CUS_0x92c6,0,30dpd_6mob,2023-12-01
CUS_0x92ec_2023_06_01,CUS_0x92ec,0,30dpd_6mob,2023-12-01
CUS_0x92f8_2023_06_01,CUS_0x92f8,0,30dpd_6mob,2023-12-01
CUS_0x9386_2023_06_01,CUS_0x9386,0,30dpd_6mob,2023-12-01
CUS_0x9398_2023_06_01,CUS_0x9398,0,30dpd_6mob,2023-12-01
CUS_0x93af_2023_06_01,CUS_0x93af,1,30dpd_6mob,2023-12-01
CUS_0x947b_2023_06_01,CUS_0x947b,0,30dpd_6mob,2023-12-01
CUS_0x94ac_2023_06_01,CUS_0x94ac,0,30dpd_6mob,2023-12-01
CUS_0x94e1_2023_06_01,CUS_0x94e1,0,30dpd_6mob,2023-12-01
CUS_0x9520_2023_06_01,CUS_0x9520,0,30dpd_6mob,2023-12-01
CUS_0x9536_2023_06_01,CUS_0x9536,0,30dpd_6mob,2023-12-01
CUS_0x9553_2023_06_01,CUS_0x9553,0,30dpd_6mob,2023-12-01
CUS_0x955d_2023_06_01,CUS_0x955d,1,30dpd_6mob,2023-12-01
CUS_0x956b_2023_06_01,CUS_0x956b,1,30dpd_6mob,2023-12-01
CUS_0x958b_2023_06_01,CUS_0x958b,1,30dpd_6mob,2023-12-01
CUS_0x95a1_2023_06_01,CUS_0x95a1,0,30dpd_6mob,2023-12-01
CUS_0x95d0_2023_06_01,CUS_0x95d0,0,30dpd_6mob,2023-12-01
CUS_0x9680_2023_06_01,CUS_0x9680,0,30dpd_6mob,2023-12-01
CUS_0x96c_2023_06_01,CUS_0x96c,0,30dpd_6mob,2023-12-01
CUS_0x96de_2023_06_01,CUS_0x96de,0,30dpd_6mob,2023-12-01
CUS_0x96f7_2023_06_01,CUS_0x96f7,0,30dpd_6mob,2023-12-01
CUS_0x974_2023_06_01,CUS_0x974,0,30dpd_6mob,2023-12-01
CUS_0x974a_2023_06_01,CUS_0x974a,1,30dpd_6mob,2023-12-01
CUS_0x97a2_2023_06_01,CUS_0x97a2,1,30dpd_6mob,2023-12-01
CUS_0x97d_2023_06_01,CUS_0x97d,1,30dpd_6mob,2023-12-01
CUS_0x985e_2023_06_01,CUS_0x985e,0,30dpd_6mob,2023-12-01
CUS_0x9867_2023_06_01,CUS_0x9867,0,30dpd_6mob,2023-12-01
CUS_0x98c2_2023_06_01,CUS_0x98c2,0,30dpd_6mob,2023-12-01
CUS_0x98e3_2023_06_01,CUS_0x98e3,0,30dpd_6mob,2023-12-01
CUS_0x9903_2023_06_01,CUS_0x9903,0,30dpd_6mob,2023-12-01
CUS_0x9939_2023_06_01,CUS_0x9939,0,30dpd_6mob,2023-12-01
CUS_0x9ad_2023_06_01,CUS_0x9ad,0,30dpd_6mob,2023-12-01
CUS_0x9b12_2023_06_01,CUS_0x9b12,1,30dpd_6mob,2023-12-01
CUS_0x9bb9_2023_06_01,CUS_0x9bb9,1,30dpd_6mob,2023-12-01
CUS_0x9d77_2023_06_01,CUS_0x9d77,0,30dpd_6mob,2023-12-01
CUS_0x9d78_2023_06_01,CUS_0x9d78,0,30dpd_6mob,2023-12-01
CUS_0x9daa_2023_06_01,CUS_0x9daa,0,30dpd_6mob,2023-12-01
CUS_0x9db8_2023_06_01,CUS_0x9db8,0,30dpd_6mob,2023-12-01
CUS_0x9dfc_2023_06_01,CUS_0x9dfc,0,30dpd_6mob,2023-12-01
CUS_0x9e3b_2023_06_01,CUS_0x9e3b,0,30dpd_6mob,2023-12-01
CUS_0x9e9d_2023_06_01,CUS_0x9e9d,1,30dpd_6mob,2023-12-01
CUS_0x9f70_2023_06_01,CUS_0x9f70,0,30dpd_6mob,2023-12-01
CUS_0x9f7e_2023_06_01,CUS_0x9f7e,0,30dpd_6mob,2023-12-01
CUS_0x9f9_2023_06_01,CUS_0x9f9,0,30dpd_6mob,2023-12-01
CUS_0xa01f_2023_06_01,CUS_0xa01f,0,30dpd_6mob,2023-12-01
CUS_0xa024_2023_06_01,CUS_0xa024,0,30dpd_6mob,2023-12-01
CUS_0xa055_2023_06_01,CUS_0xa055,0,30dpd_6mob,2023-12-01
CUS_0xa0a5_2023_06_01,CUS_0xa0a5,0,30dpd_6mob,2023-12-01
CUS_0xa0eb_2023_06_01,CUS_0xa0eb,1,30dpd_6mob,2023-12-01
CUS_0xa201_2023_06_01,CUS_0xa201,0,30dpd_6mob,2023-12-01
CUS_0xa24a_2023_06_01,CUS_0xa24a,0,30dpd_6mob,2023-12-01
CUS_0xa2a7_2023_06_01,CUS_0xa2a7,1,30dpd_6mob,2023-12-01
CUS_0xa2e5_2023_06_01,CUS_0xa2e5,0,30dpd_6mob,2023-12-01
CUS_0xa2f8_2023_06_01,CUS_0xa2f8,0,30dpd_6mob,2023-12-01
CUS_0xa31b_2023_06_01,CUS_0xa31b,0,30dpd_6mob,2023-12-01
CUS_0xa328_2023_06_01,CUS_0xa328,1,30dpd_6mob,2023-12-01
CUS_0xa405_2023_06_01,CUS_0xa405,0,30dpd_6mob,2023-12-01
CUS_0xa41f_2023_06_01,CUS_0xa41f,0,30dpd_6mob,2023-12-01
CUS_0xa499_2023_06_01,CUS_0xa499,0,30dpd_6mob,2023-12-01
CUS_0xa520_2023_06_01,CUS_0xa520,0,30dpd_6mob,2023-12-01
CUS_0xa66_2023_06_01,CUS_0xa66,0,30dpd_6mob,2023-12-01
CUS_0xa6c6_2023_06_01,CUS_0xa6c6,1,30dpd_6mob,2023-12-01
CUS_0xa71a_2023_06_01,CUS_0xa71a,0,30dpd_6mob,2023-12-01
CUS_0xa751_2023_06_01,CUS_0xa751,0,30dpd_6mob,2023-12-01
CUS_0xa7ab_2023_06_01,CUS_0xa7ab,0,30dpd_6mob,2023-12-01
CUS_0xa7b6_2023_06_01,CUS_0xa7b6,0,30dpd_6mob,2023-12-01
CUS_0xa7cd_2023_06_01,CUS_0xa7cd,1,30dpd_6mob,2023-12-01
CUS_0xa843_2023_06_01,CUS_0xa843,0,30dpd_6mob,2023-12-01
CUS_0xa865_2023_06_01,CUS_0xa865,0,30dpd_6mob,2023-12-01
CUS_0xa86b_2023_06_01,CUS_0xa86b,0,30dpd_6mob,2023-12-01
CUS_0xa88_2023_06_01,CUS_0xa88,0,30dpd_6mob,2023-12-01
CUS_0xa93b_2023_06_01,CUS_0xa93b,0,30dpd_6mob,2023-12-01
CUS_0xaa8c_2023_06_01,CUS_0xaa8c,0,30dpd_6mob,2023-12-01
CUS_0xaaaf_2023_06_01,CUS_0xaaaf,0,30dpd_6mob,2023-12-01
CUS_0xab80_2023_06_01,CUS_0xab80,0,30dpd_6mob,2023-12-01
CUS_0xac0d_2023_06_01,CUS_0xac0d,1,30dpd_6mob,2023-12-01
CUS_0xacf_2023_06_01,CUS_0xacf,0,30dpd_6mob,2023-12-01
CUS_0xad19_2023_06_01,CUS_0xad19,0,30dpd_6mob,2023-12-01
CUS_0xae07_2023_06_01,CUS_0xae07,0,30dpd_6mob,2023-12-01
CUS_0xae0a_2023_06_01,CUS_0xae0a,0,30dpd_6mob,2023-12-01
CUS_0xae54_2023_06_01,CUS_0xae54,0,30dpd_6mob,2023-12-01
CUS_0xaec_2023_06_01,CUS_0xaec,0,30dpd_6mob,2023-12-01
CUS_0xaed6_2023_06_01,CUS_0xaed6,0,30dpd_6mob,2023-12-01
CUS_0xaf3b_2023_06_01,CUS_0xaf3b,0,30dpd_6mob,2023-12-01
CUS_0xaf7d_2023_06_01,CUS_0xaf7d,0,30dpd_6mob,2023-12-01
CUS_0xafd5_2023_06_01,CUS_0xafd5,0,30dpd_6mob,2023-12-01
CUS_0xb030_2023_06_01,CUS_0xb030,0,30dpd_6mob,2023-12-01
CUS_0xb0a3_2023_06_01,CUS_0xb0a3,0,30dpd_6mob,2023-12-01
CUS_0xb0e_2023_06_01,CUS_0xb0e,1,30dpd_6mob,2023-12-01
CUS_0xb15c_2023_06_01,CUS_0xb15c,1,30dpd_6mob,2023-12-01
CUS_0xb168_2023_06_01,CUS_0xb168,0,30dpd_6mob,2023-12-01
CUS_0xb173_2023_06_01,CUS_0xb173,1,30dpd_6mob,2023-12-01
CUS_0xb17e_2023_06_01,CUS_0xb17e,1,30dpd_6mob,2023-12-01
CUS_0xb196_2023_06_01,CUS_0xb196,0,30dpd_6mob,2023-12-01
CUS_0xb1a2_2023_06_01,CUS_0xb1a2,0,30dpd_6mob,2023-12-01
CUS_0xb1e8_2023_06_01,CUS_0xb1e8,0,30dpd_6mob,2023-12-01
CUS_0xb201_2023_06_01,CUS_0xb201,0,30dpd_6mob,2023-12-01
CUS_0xb22f_2023_06_01,CUS_0xb22f,1,30dpd_6mob,2023-12-01
CUS_0xb240_2023_06_01,CUS_0xb240,0,30dpd_6mob,2023-12-01
CUS_0xb29a_2023_06_01,CUS_0xb29a,1,30dpd_6mob,2023-12-01
CUS_0xb362_2023_06_01,CUS_0xb362,0,30dpd_6mob,2023-12-01
CUS_0xb374_2023_06_01,CUS_0xb374,1,30dpd_6mob,2023-12-01
CUS_0xb38f_2023_06_01,CUS_0xb38f,0,30dpd_6mob,2023-12-01
CUS_0xb395_2023_06_01,CUS_0xb395,0,30dpd_6mob,2023-12-01
CUS_0xb461_2023_06_01,CUS_0xb461,1,30dpd_6mob,2023-12-01
CUS_0xb503_2023_06_01,CUS_0xb503,0,30dpd_6mob,2023-12-01
CUS_0xb52f_2023_06_01,CUS_0xb52f,0,30dpd_6mob,2023-12-01
CUS_0xb5b5_2023_06_01,CUS_0xb5b5,1,30dpd_6mob,2023-12-01
CUS_0xb5be_2023_06_01,CUS_0xb5be,0,30dpd_6mob,2023-12-01
CUS_0xb5e3_2023_06_01,CUS_0xb5e3,0,30dpd_6mob,2023-12-01
CUS_0xb699_2023_06_01,CUS_0xb699,0,30dpd_6mob,2023-12-01
CUS_0xb6a5_2023_06_01,CUS_0xb6a5,0,30dpd_6mob,2023-12-01
CUS_0xb7c3_2023_06_01,CUS_0xb7c3,0,30dpd_6mob,2023-12-01
CUS_0xb7e2_2023_06_01,CUS_0xb7e2,0,30dpd_6mob,2023-12-01
CUS_0xb814_2023_06_01,CUS_0xb814,0,30dpd_6mob,2023-12-01
CUS_0xb888_2023_06_01,CUS_0xb888,1,30dpd_6mob,2023-12-01
CUS_0xb8b6_2023_06_01,CUS_0xb8b6,0,30dpd_6mob,2023-12-01
CUS_0xb8f4_2023_06_01,CUS_0xb8f4,0,30dpd_6mob,2023-12-01
CUS_0xb8f6_2023_06_01,CUS_0xb8f6,0,30dpd_6mob,2023-12-01
CUS_0xba0b_2023_06_01,CUS_0xba0b,0,30dpd_6mob,2023-12-01
CUS_0xba16_2023_06_01,CUS_0xba16,0,30dpd_6mob,2023-12-01
CUS_0xba7e_2023_06_01,CUS_0xba7e,1,30dpd_6mob,2023-12-01
CUS_0xba93_2023_06_01,CUS_0xba93,0,30dpd_6mob,2023-12-01
CUS_0xbaa6_2023_06_01,CUS_0xbaa6,0,30dpd_6mob,2023-12-01
CUS_0xbaee_2023_06_01,CUS_0xbaee,0,30dpd_6mob,2023-12-01
CUS_0xbb21_2023_06_01,CUS_0xbb21,0,30dpd_6mob,2023-12-01
CUS_0xbb7e_2023_06_01,CUS_0xbb7e,0,30dpd_6mob,2023-12-01
CUS_0xbce0_2023_06_01,CUS_0xbce0,0,30dpd_6mob,2023-12-01
CUS_0xbcfe_2023_06_01,CUS_0xbcfe,0,30dpd_6mob,2023-12-01
CUS_0xbd08_2023_06_01,CUS_0xbd08,1,30dpd_6mob,2023-12-01
CUS_0xbd11_2023_06_01,CUS_0xbd11,1,30dpd_6mob,2023-12-01
CUS_0xbd59_2023_06_01,CUS_0xbd59,0,30dpd_6mob,2023-12-01
CUS_0xbdcf_2023_06_01,CUS_0xbdcf,0,30dpd_6mob,2023-12-01
CUS_0xbe65_2023_06_01,CUS_0xbe65,0,30dpd_6mob,2023-12-01
CUS_0xbfa1_2023_06_01,CUS_0xbfa1,0,30dpd_6mob,2023-12-01
CUS_0xbfa9_2023_06_01,CUS_0xbfa9,1,30dpd_6mob,2023-12-01
CUS_0xbfbc_2023_06_01,CUS_0xbfbc,0,30dpd_6mob,2023-12-01
CUS_0xc02f_2023_06_01,CUS_0xc02f,0,30dpd_6mob,2023-12-01
CUS_0xc062_2023_06_01,CUS_0xc062,0,30dpd_6mob,2023-12-01
CUS_0xc0b7_2023_06_01,CUS_0xc0b7,0,30dpd_6mob,2023-12-01
CUS_0xc173_2023_06_01,CUS_0xc173,0,30dpd_6mob,2023-12-01
CUS_0xc1bb_2023_06_01,CUS_0xc1bb,0,30dpd_6mob,2023-12-01
CUS_0xc1c9_2023_06_01,CUS_0xc1c9,0,30dpd_6mob,2023-12-01
CUS_0xc2a1_2023_06_01,CUS_0xc2a1,1,30dpd_6mob,2023-12-01
CUS_0xc2c0_2023_06_01,CUS_0xc2c0,0,30dpd_6mob,2023-12-01
CUS_0xc323_2023_06_01,CUS_0xc323,1,30dpd_6mob,2023-12-01
CUS_0xc356_2023_06_01,CUS_0xc356,1,30dpd_6mob,2023-12-01
CUS_0xc37_2023_06_01,CUS_0xc37,0,30dpd_6mob,2023-12-01
CUS_0xc38f_2023_06_01,CUS_0xc38f,1,30dpd_6mob,2023-12-01
CUS_0xc3c7_2023_06_01,CUS_0xc3c7,0,30dpd_6mob,2023-12-01
CUS_0xc56b_2023_06_01,CUS_0xc56b,1,30dpd_6mob,2023-12-01
CUS_0xc59f_2023_06_01,CUS_0xc59f,0,30dpd_6mob,2023-12-01
CUS_0xc65a_2023_06_01,CUS_0xc65a,0,30dpd_6mob,2023-12-01
CUS_0xc6dd_2023_06_01,CUS_0xc6dd,0,30dpd_6mob,2023-12-01
CUS_0xc726_2023_06_01,CUS_0xc726,0,30dpd_6mob,2023-12-01
CUS_0xcad_2023_06_01,CUS_0xcad,0,30dpd_6mob,2023-12-01
CUS_0xccc_2023_06_01,CUS_0xccc,0,30dpd_6mob,2023-12-01
CUS_0xd22_2023_06_01,CUS_0xd22,0,30dpd_6mob,2023-12-01
CUS_0xd51_2023_06_01,CUS_0xd51,0,30dpd_6mob,2023-12-01
CUS_0xd83_2023_06_01,CUS_0xd83,0,30dpd_6mob,2023-12-01
CUS_0xda6_2023_06_01,CUS_0xda6,0,30dpd_6mob,2023-12-01
CUS_0xdac_2023_06_01,CUS_0xdac,0,30dpd_6mob,2023-12-01
CUS_0xdca_2023_06_01,CUS_0xdca,1,30dpd_6mob,2023-12-01
CUS_0xde6_2023_06_01,CUS_0xde6,0,30dpd_6mob,2023-12-01
CUS_0xe2c_2023_06_01,CUS_0xe2c,0,30dpd_6mob,2023-12-01
CUS_0xe4f_2023_06_01,CUS_0xe4f,0,30dpd_6mob,2023-12-01
CUS_0xebe_2023_06_01,CUS_0xebe,0,30dpd_6mob,2023-12-01
CUS_0xf30_2023_06_01,CUS_0xf30,0,30dpd_6mob,2023-12-01
CUS_0xf59_2023_06_01,CUS_0xf59,0,30dpd_6mob,2023-12-01
CUS_0xfbd_2023_06_01,CUS_0xfbd,1,30dpd_6mob,2023-12-01
CUS_0xfe5_2023_06_01,CUS_0xfe5,0,30dpd_6mob,2023-12-01
CUS_0x1056_2023_04_01,CUS_0x1056,1,30dpd_6mob,2023-10-01
CUS_0x11fc_2023_04_01,CUS_0x11fc,0,30dpd_6mob,2023-10-01
CUS_0x1216_2023_04_01,CUS_0x1216,1,30dpd_6mob,2023-10-01
CUS_0x1285_2023_04_01,CUS_0x1285,0,30dpd_6mob,2023-10-01
CUS_0x12be_2023_04_01,CUS_0x12be,0,30dpd_6mob,2023-10-01
CUS_0x12c1_2023_04_01,CUS_0x12c1,1,30dpd_6mob,2023-10-01
CUS_0x130b_2023_04_01,CUS_0x130b,0,30dpd_6mob,2023-10-01
CUS_0x141d_2023_04_01,CUS_0x141d,0,30dpd_6mob,2023-10-01
CUS_0x1431_2023_04_01,CUS_0x1431,1,30dpd_6mob,2023-10-01
CUS_0x148b_2023_04_01,CUS_0x148b,0,30dpd_6mob,2023-10-01
CUS_0x14b4_2023_04_01,CUS_0x14b4,0,30dpd_6mob,2023-10-01
CUS_0x14ff_2023_04_01,CUS_0x14ff,1,30dpd_6mob,2023-10-01
CUS_0x1537_2023_04_01,CUS_0x1537,1,30dpd_6mob,2023-10-01
CUS_0x163c_2023_04_01,CUS_0x163c,0,30dpd_6mob,2023-10-01
CUS_0x1746_2023_04_01,CUS_0x1746,1,30dpd_6mob,2023-10-01
CUS_0x1755_2023_04_01,CUS_0x1755,0,30dpd_6mob,2023-10-01
CUS_0x17d1_2023_04_01,CUS_0x17d1,0,30dpd_6mob,2023-10-01
CUS_0x1894_2023_04_01,CUS_0x1894,0,30dpd_6mob,2023-10-01
CUS_0x18b9_2023_04_01,CUS_0x18b9,1,30dpd_6mob,2023-10-01
CUS_0x1911_2023_04_01,CUS_0x1911,0,30dpd_6mob,2023-10-01
CUS_0x1924_2023_04_01,CUS_0x1924,0,30dpd_6mob,2023-10-01
CUS_0x192f_2023_04_01,CUS_0x192f,1,30dpd_6mob,2023-10-01
CUS_0x197f_2023_04_01,CUS_0x197f,0,30dpd_6mob,2023-10-01
CUS_0x1a8d_2023_04_01,CUS_0x1a8d,0,30dpd_6mob,2023-10-01
CUS_0x1b0f_2023_04_01,CUS_0x1b0f,1,30dpd_6mob,2023-10-01
CUS_0x1b56_2023_04_01,CUS_0x1b56,1,30dpd_6mob,2023-10-01
CUS_0x1b59_2023_04_01,CUS_0x1b59,0,30dpd_6mob,2023-10-01
CUS_0x1be4_2023_04_01,CUS_0x1be4,0,30dpd_6mob,2023-10-01
CUS_0x1c5d_2023_04_01,CUS_0x1c5d,0,30dpd_6mob,2023-10-01
CUS_0x1cc0_2023_04_01,CUS_0x1cc0,0,30dpd_6mob,2023-10-01
CUS_0x1cd1_2023_04_01,CUS_0x1cd1,1,30dpd_6mob,2023-10-01
CUS_0x1d7a_2023_04_01,CUS_0x1d7a,1,30dpd_6mob,2023-10-01
CUS_0x1def_2023_04_01,CUS_0x1def,0,30dpd_6mob,2023-10-01
CUS_0x1e48_2023_04_01,CUS_0x1e48,0,30dpd_6mob,2023-10-01
CUS_0x1e4d_2023_04_01,CUS_0x1e4d,0,30dpd_6mob,2023-10-01
CUS_0x1e6b_2023_04_01,CUS_0x1e6b,1,30dpd_6mob,2023-10-01
CUS_0x1e9b_2023_04_01,CUS_0x1e9b,1,30dpd_6mob,2023-10-01
CUS_0x1e9e_2023_04_01,CUS_0x1e9e,1,30dpd_6mob,2023-10-01
CUS_0x1efc_2023_04_01,CUS_0x1efc,0,30dpd_6mob,2023-10-01
CUS_0x1f9e_2023_04_01,CUS_0x1f9e,0,30dpd_6mob,2023-10-01
CUS_0x2048_2023_04_01,CUS_0x2048,0,30dpd_6mob,2023-10-01
CUS_0x207a_2023_04_01,CUS_0x207a,0,30dpd_6mob,2023-10-01
CUS_0x2084_2023_04_01,CUS_0x2084,0,30dpd_6mob,2023-10-01
CUS_0x20fe_2023_04_01,CUS_0x20fe,0,30dpd_6mob,2023-10-01
CUS_0x2123_2023_04_01,CUS_0x2123,0,30dpd_6mob,2023-10-01
CUS_0x2126_2023_04_01,CUS_0x2126,0,30dpd_6mob,2023-10-01
CUS_0x21a1_2023_04_01,CUS_0x21a1,1,30dpd_6mob,2023-10-01
CUS_0x21c3_2023_04_01,CUS_0x21c3,1,30dpd_6mob,2023-10-01
CUS_0x2246_2023_04_01,CUS_0x2246,0,30dpd_6mob,2023-10-01
CUS_0x2255_2023_04_01,CUS_0x2255,1,30dpd_6mob,2023-10-01
CUS_0x2288_2023_04_01,CUS_0x2288,0,30dpd_6mob,2023-10-01
CUS_0x22a3_2023_04_01,CUS_0x22a3,0,30dpd_6mob,2023-10-01
CUS_0x2317_2023_04_01,CUS_0x2317,0,30dpd_6mob,2023-10-01
CUS_0x233a_2023_04_01,CUS_0x233a,0,30dpd_6mob,2023-10-01
CUS_0x265a_2023_04_01,CUS_0x265a,0,30dpd_6mob,2023-10-01
CUS_0x271e_2023_04_01,CUS_0x271e,0,30dpd_6mob,2023-10-01
CUS_0x275a_2023_04_01,CUS_0x275a,1,30dpd_6mob,2023-10-01
CUS_0x2771_2023_04_01,CUS_0x2771,1,30dpd_6mob,2023-10-01
CUS_0x279f_2023_04_01,CUS_0x279f,1,30dpd_6mob,2023-10-01
CUS_0x27e8_2023_04_01,CUS_0x27e8,1,30dpd_6mob,2023-10-01
CUS_0x299d_2023_04_01,CUS_0x299d,0,30dpd_6mob,2023-10-01
CUS_0x29dd_2023_04_01,CUS_0x29dd,0,30dpd_6mob,2023-10-01
CUS_0x2a12_2023_04_01,CUS_0x2a12,0,30dpd_6mob,2023-10-01
CUS_0x2a3a_2023_04_01,CUS_0x2a3a,1,30dpd_6mob,2023-10-01
CUS_0x2a77_2023_04_01,CUS_0x2a77,0,30dpd_6mob,2023-10-01
CUS_0x2acc_2023_04_01,CUS_0x2acc,1,30dpd_6mob,2023-10-01
CUS_0x2b51_2023_04_01,CUS_0x2b51,0,30dpd_6mob,2023-10-01
CUS_0x2b7e_2023_04_01,CUS_0x2b7e,0,30dpd_6mob,2023-10-01
CUS_0x2bfe_2023_04_01,CUS_0x2bfe,0,30dpd_6mob,2023-10-01
CUS_0x2c04_2023_04_01,CUS_0x2c04,1,30dpd_6mob,2023-10-01
CUS_0x2c6f_2023_04_01,CUS_0x2c6f,0,30dpd_6mob,2023-10-01
CUS_0x2c8f_2023_04_01,CUS_0x2c8f,1,30dpd_6mob,2023-10-01
CUS_0x2cd9_2023_04_01,CUS_0x2cd9,1,30dpd_6mob,2023-10-01
CUS_0x2d38_2023_04_01,CUS_0x2d38,0,30dpd_6mob,2023-10-01
CUS_0x2dd6_2023_04_01,CUS_0x2dd6,0,30dpd_6mob,2023-10-01
CUS_0x2eac_2023_04_01,CUS_0x2eac,0,30dpd_6mob,2023-10-01
CUS_0x2eb1_2023_04_01,CUS_0x2eb1,0,30dpd_6mob,2023-10-01
CUS_0x2f0a_2023_04_01,CUS_0x2f0a,0,30dpd_6mob,2023-10-01
CUS_0x2f29_2023_04_01,CUS_0x2f29,0,30dpd_6mob,2023-10-01
CUS_0x2fa2_2023_04_01,CUS_0x2fa2,0,30dpd_6mob,2023-10-01
CUS_0x3009_2023_04_01,CUS_0x3009,1,30dpd_6mob,2023-10-01
CUS_0x3032_2023_04_01,CUS_0x3032,0,30dpd_6mob,2023-10-01
CUS_0x3059_2023_04_01,CUS_0x3059,1,30dpd_6mob,2023-10-01
CUS_0x3090_2023_04_01,CUS_0x3090,0,30dpd_6mob,2023-10-01
CUS_0x30c1_2023_04_01,CUS_0x30c1,0,30dpd_6mob,2023-10-01
CUS_0x30e8_2023_04_01,CUS_0x30e8,0,30dpd_6mob,2023-10-01
CUS_0x30ec_2023_04_01,CUS_0x30ec,0,30dpd_6mob,2023-10-01
CUS_0x320d_2023_04_01,CUS_0x320d,0,30dpd_6mob,2023-10-01
CUS_0x3364_2023_04_01,CUS_0x3364,1,30dpd_6mob,2023-10-01
CUS_0x3365_2023_04_01,CUS_0x3365,0,30dpd_6mob,2023-10-01
CUS_0x3371_2023_04_01,CUS_0x3371,1,30dpd_6mob,2023-10-01
CUS_0x33e1_2023_04_01,CUS_0x33e1,0,30dpd_6mob,2023-10-01
CUS_0x3468_2023_04_01,CUS_0x3468,0,30dpd_6mob,2023-10-01
CUS_0x34be_2023_04_01,CUS_0x34be,0,30dpd_6mob,2023-10-01
CUS_0x35c8_2023_04_01,CUS_0x35c8,1,30dpd_6mob,2023-10-01
CUS_0x360c_2023_04_01,CUS_0x360c,0,30dpd_6mob,2023-10-01
CUS_0x3634_2023_04_01,CUS_0x3634,0,30dpd_6mob,2023-10-01
CUS_0x36da_2023_04_01,CUS_0x36da,0,30dpd_6mob,2023-10-01
CUS_0x36ee_2023_04_01,CUS_0x36ee,0,30dpd_6mob,2023-10-01
CUS_0x36f9_2023_04_01,CUS_0x36f9,0,30dpd_6mob,2023-10-01
CUS_0x383e_2023_04_01,CUS_0x383e,0,30dpd_6mob,2023-10-01
CUS_0x3861_2023_04_01,CUS_0x3861,1,30dpd_6mob,2023-10-01
CUS_0x388a_2023_04_01,CUS_0x388a,1,30dpd_6mob,2023-10-01
CUS_0x3949_2023_04_01,CUS_0x3949,0,30dpd_6mob,2023-10-01
CUS_0x396c_2023_04_01,CUS_0x396c,0,30dpd_6mob,2023-10-01
CUS_0x398d_2023_04_01,CUS_0x398d,0,30dpd_6mob,2023-10-01
CUS_0x39bd_2023_04_01,CUS_0x39bd,0,30dpd_6mob,2023-10-01
CUS_0x39c6_2023_04_01,CUS_0x39c6,0,30dpd_6mob,2023-10-01
CUS_0x3a44_2023_04_01,CUS_0x3a44,1,30dpd_6mob,2023-10-01
CUS_0x3a6c_2023_04_01,CUS_0x3a6c,0,30dpd_6mob,2023-10-01
CUS_0x3b20_2023_04_01,CUS_0x3b20,0,30dpd_6mob,2023-10-01
CUS_0x3b9a_2023_04_01,CUS_0x3b9a,0,30dpd_6mob,2023-10-01
CUS_0x3ba7_2023_04_01,CUS_0x3ba7,1,30dpd_6mob,2023-10-01
CUS_0x3c69_2023_04_01,CUS_0x3c69,0,30dpd_6mob,2023-10-01
CUS_0x3ce1_2023_04_01,CUS_0x3ce1,0,30dpd_6mob,2023-10-01
CUS_0x3d41_2023_04_01,CUS_0x3d41,0,30dpd_6mob,2023-10-01
CUS_0x3ded_2023_04_01,CUS_0x3ded,0,30dpd_6mob,2023-10-01
CUS_0x3e14_2023_04_01,CUS_0x3e14,0,30dpd_6mob,2023-10-01
CUS_0x3e38_2023_04_01,CUS_0x3e38,0,30dpd_6mob,2023-10-01
CUS_0x3e5e_2023_04_01,CUS_0x3e5e,1,30dpd_6mob,2023-10-01
CUS_0x3e62_2023_04_01,CUS_0x3e62,1,30dpd_6mob,2023-10-01
CUS_0x3e7b_2023_04_01,CUS_0x3e7b,1,30dpd_6mob,2023-10-01
CUS_0x3edc_2023_04_01,CUS_0x3edc,0,30dpd_6mob,2023-10-01
CUS_0x3f04_2023_04_01,CUS_0x3f04,0,30dpd_6mob,2023-10-01
CUS_0x3f42_2023_04_01,CUS_0x3f42,0,30dpd_6mob,2023-10-01
CUS_0x3f65_2023_04_01,CUS_0x3f65,0,30dpd_6mob,2023-10-01
CUS_0x3fef_2023_04_01,CUS_0x3fef,0,30dpd_6mob,2023-10-01
CUS_0x3ff7_2023_04_01,CUS_0x3ff7,1,30dpd_6mob,2023-10-01
CUS_0x406e_2023_04_01,CUS_0x406e,0,30dpd_6mob,2023-10-01
CUS_0x40b1_2023_04_01,CUS_0x40b1,0,30dpd_6mob,2023-10-01
CUS_0x40be_2023_04_01,CUS_0x40be,0,30dpd_6mob,2023-10-01
CUS_0x41a0_2023_04_01,CUS_0x41a0,1,30dpd_6mob,2023-10-01
CUS_0x4304_2023_04_01,CUS_0x4304,0,30dpd_6mob,2023-10-01
CUS_0x4312_2023_04_01,CUS_0x4312,0,30dpd_6mob,2023-10-01
CUS_0x4384_2023_04_01,CUS_0x4384,0,30dpd_6mob,2023-10-01
CUS_0x43f1_2023_04_01,CUS_0x43f1,0,30dpd_6mob,2023-10-01
CUS_0x4454_2023_04_01,CUS_0x4454,0,30dpd_6mob,2023-10-01
CUS_0x4462_2023_04_01,CUS_0x4462,1,30dpd_6mob,2023-10-01
CUS_0x4468_2023_04_01,CUS_0x4468,1,30dpd_6mob,2023-10-01
CUS_0x44c8_2023_04_01,CUS_0x44c8,0,30dpd_6mob,2023-10-01
CUS_0x44ff_2023_04_01,CUS_0x44ff,0,30dpd_6mob,2023-10-01
CUS_0x4527_2023_04_01,CUS_0x4527,0,30dpd_6mob,2023-10-01
CUS_0x4569_2023_04_01,CUS_0x4569,0,30dpd_6mob,2023-10-01
CUS_0x45b6_2023_04_01,CUS_0x45b6,0,30dpd_6mob,2023-10-01
CUS_0x4603_2023_04_01,CUS_0x4603,0,30dpd_6mob,2023-10-01
CUS_0x460a_2023_04_01,CUS_0x460a,0,30dpd_6mob,2023-10-01
CUS_0x47a_2023_04_01,CUS_0x47a,0,30dpd_6mob,2023-10-01
CUS_0x47c8_2023_04_01,CUS_0x47c8,1,30dpd_6mob,2023-10-01
CUS_0x481d_2023_04_01,CUS_0x481d,0,30dpd_6mob,2023-10-01
CUS_0x4898_2023_04_01,CUS_0x4898,0,30dpd_6mob,2023-10-01
CUS_0x4abb_2023_04_01,CUS_0x4abb,0,30dpd_6mob,2023-10-01
CUS_0x4ac9_2023_04_01,CUS_0x4ac9,0,30dpd_6mob,2023-10-01
CUS_0x4ace_2023_04_01,CUS_0x4ace,1,30dpd_6mob,2023-10-01
CUS_0x4b93_2023_04_01,CUS_0x4b93,0,30dpd_6mob,2023-10-01
CUS_0x4c1c_2023_04_01,CUS_0x4c1c,0,30dpd_6mob,2023-10-01
CUS_0x4c1e_2023_04_01,CUS_0x4c1e,0,30dpd_6mob,2023-10-01
CUS_0x4c87_2023_04_01,CUS_0x4c87,1,30dpd_6mob,2023-10-01
CUS_0x4c9_2023_04_01,CUS_0x4c9,0,30dpd_6mob,2023-10-01
CUS_0x4d66_2023_04_01,CUS_0x4d66,0,30dpd_6mob,2023-10-01
CUS_0x4dfe_2023_04_01,CUS_0x4dfe,0,30dpd_6mob,2023-10-01
CUS_0x4e30_2023_04_01,CUS_0x4e30,0,30dpd_6mob,2023-10-01
CUS_0x4eb4_2023_04_01,CUS_0x4eb4,0,30dpd_6mob,2023-10-01
CUS_0x4ec5_2023_04_01,CUS_0x4ec5,0,30dpd_6mob,2023-10-01
CUS_0x4f10_2023_04_01,CUS_0x4f10,1,30dpd_6mob,2023-10-01
CUS_0x5002_2023_04_01,CUS_0x5002,1,30dpd_6mob,2023-10-01
CUS_0x5036_2023_04_01,CUS_0x5036,0,30dpd_6mob,2023-10-01
CUS_0x509_2023_04_01,CUS_0x509,0,30dpd_6mob,2023-10-01
CUS_0x50c9_2023_04_01,CUS_0x50c9,0,30dpd_6mob,2023-10-01
CUS_0x5121_2023_04_01,CUS_0x5121,0,30dpd_6mob,2023-10-01
CUS_0x5162_2023_04_01,CUS_0x5162,0,30dpd_6mob,2023-10-01
CUS_0x51c0_2023_04_01,CUS_0x51c0,1,30dpd_6mob,2023-10-01
CUS_0x51e0_2023_04_01,CUS_0x51e0,0,30dpd_6mob,2023-10-01
CUS_0x51e1_2023_04_01,CUS_0x51e1,0,30dpd_6mob,2023-10-01
CUS_0x526d_2023_04_01,CUS_0x526d,0,30dpd_6mob,2023-10-01
CUS_0x52ad_2023_04_01,CUS_0x52ad,1,30dpd_6mob,2023-10-01
CUS_0x52f1_2023_04_01,CUS_0x52f1,0,30dpd_6mob,2023-10-01
CUS_0x530a_2023_04_01,CUS_0x530a,0,30dpd_6mob,2023-10-01
CUS_0x533b_2023_04_01,CUS_0x533b,0,30dpd_6mob,2023-10-01
CUS_0x5386_2023_04_01,CUS_0x5386,0,30dpd_6mob,2023-10-01
CUS_0x5447_2023_04_01,CUS_0x5447,0,30dpd_6mob,2023-10-01
CUS_0x5499_2023_04_01,CUS_0x5499,0,30dpd_6mob,2023-10-01
CUS_0x54b1_2023_04_01,CUS_0x54b1,1,30dpd_6mob,2023-10-01
CUS_0x5507_2023_04_01,CUS_0x5507,1,30dpd_6mob,2023-10-01
CUS_0x5528_2023_04_01,CUS_0x5528,1,30dpd_6mob,2023-10-01
CUS_0x5563_2023_04_01,CUS_0x5563,0,30dpd_6mob,2023-10-01
CUS_0x56c_2023_04_01,CUS_0x56c,0,30dpd_6mob,2023-10-01
CUS_0x57c2_2023_04_01,CUS_0x57c2,0,30dpd_6mob,2023-10-01
CUS_0x57da_2023_04_01,CUS_0x57da,1,30dpd_6mob,2023-10-01
CUS_0x57e7_2023_04_01,CUS_0x57e7,1,30dpd_6mob,2023-10-01
CUS_0x57ea_2023_04_01,CUS_0x57ea,0,30dpd_6mob,2023-10-01
CUS_0x5826_2023_04_01,CUS_0x5826,0,30dpd_6mob,2023-10-01
CUS_0x5856_2023_04_01,CUS_0x5856,1,30dpd_6mob,2023-10-01
CUS_0x58d0_2023_04_01,CUS_0x58d0,0,30dpd_6mob,2023-10-01
CUS_0x59b5_2023_04_01,CUS_0x59b5,1,30dpd_6mob,2023-10-01
CUS_0x59e6_2023_04_01,CUS_0x59e6,0,30dpd_6mob,2023-10-01
CUS_0x59f5_2023_04_01,CUS_0x59f5,0,30dpd_6mob,2023-10-01
CUS_0x5ac7_2023_04_01,CUS_0x5ac7,0,30dpd_6mob,2023-10-01
CUS_0x5b4e_2023_04_01,CUS_0x5b4e,0,30dpd_6mob,2023-10-01
CUS_0x5b6c_2023_04_01,CUS_0x5b6c,1,30dpd_6mob,2023-10-01
CUS_0x5bb8_2023_04_01,CUS_0x5bb8,0,30dpd_6mob,2023-10-01
CUS_0x5bbc_2023_04_01,CUS_0x5bbc,0,30dpd_6mob,2023-10-01
CUS_0x5cc4_2023_04_01,CUS_0x5cc4,0,30dpd_6mob,2023-10-01
CUS_0x5cf1_2023_04_01,CUS_0x5cf1,0,30dpd_6mob,2023-10-01
CUS_0x5d01_2023_04_01,CUS_0x5d01,0,30dpd_6mob,2023-10-01
CUS_0x5d24_2023_04_01,CUS_0x5d24,0,30dpd_6mob,2023-10-01
CUS_0x5d35_2023_04_01,CUS_0x5d35,0,30dpd_6mob,2023-10-01
CUS_0x5e29_2023_04_01,CUS_0x5e29,0,30dpd_6mob,2023-10-01
CUS_0x5e4e_2023_04_01,CUS_0x5e4e,0,30dpd_6mob,2023-10-01
CUS_0x5e52_2023_04_01,CUS_0x5e52,0,30dpd_6mob,2023-10-01
CUS_0x5ebc_2023_04_01,CUS_0x5ebc,0,30dpd_6mob,2023-10-01
CUS_0x5eda_2023_04_01,CUS_0x5eda,0,30dpd_6mob,2023-10-01
CUS_0x5ee8_2023_04_01,CUS_0x5ee8,1,30dpd_6mob,2023-10-01
CUS_0x5ef3_2023_04_01,CUS_0x5ef3,0,30dpd_6mob,2023-10-01
CUS_0x5f1b_2023_04_01,CUS_0x5f1b,0,30dpd_6mob,2023-10-01
CUS_0x5f7b_2023_04_01,CUS_0x5f7b,0,30dpd_6mob,2023-10-01
CUS_0x602d_2023_04_01,CUS_0x602d,0,30dpd_6mob,2023-10-01
CUS_0x609c_2023_04_01,CUS_0x609c,0,30dpd_6mob,2023-10-01
CUS_0x612f_2023_04_01,CUS_0x612f,1,30dpd_6mob,2023-10-01
CUS_0x6159_2023_04_01,CUS_0x6159,0,30dpd_6mob,2023-10-01
CUS_0x6194_2023_04_01,CUS_0x6194,1,30dpd_6mob,2023-10-01
CUS_0x61a3_2023_04_01,CUS_0x61a3,0,30dpd_6mob,2023-10-01
CUS_0x61ba_2023_04_01,CUS_0x61ba,1,30dpd_6mob,2023-10-01
CUS_0x61d1_2023_04_01,CUS_0x61d1,1,30dpd_6mob,2023-10-01
CUS_0x61e3_2023_04_01,CUS_0x61e3,0,30dpd_6mob,2023-10-01
CUS_0x6250_2023_04_01,CUS_0x6250,0,30dpd_6mob,2023-10-01
CUS_0x631f_2023_04_01,CUS_0x631f,1,30dpd_6mob,2023-10-01
CUS_0x6420_2023_04_01,CUS_0x6420,1,30dpd_6mob,2023-10-01
CUS_0x6443_2023_04_01,CUS_0x6443,0,30dpd_6mob,2023-10-01
CUS_0x650_2023_04_01,CUS_0x650,0,30dpd_6mob,2023-10-01
CUS_0x6566_2023_04_01,CUS_0x6566,0,30dpd_6mob,2023-10-01
CUS_0x65df_2023_04_01,CUS_0x65df,0,30dpd_6mob,2023-10-01
CUS_0x667d_2023_04_01,CUS_0x667d,1,30dpd_6mob,2023-10-01
CUS_0x6709_2023_04_01,CUS_0x6709,1,30dpd_6mob,2023-10-01
CUS_0x6779_2023_04_01,CUS_0x6779,0,30dpd_6mob,2023-10-01
CUS_0x6799_2023_04_01,CUS_0x6799,1,30dpd_6mob,2023-10-01
CUS_0x6801_2023_04_01,CUS_0x6801,0,30dpd_6mob,2023-10-01
CUS_0x6846_2023_04_01,CUS_0x6846,1,30dpd_6mob,2023-10-01
CUS_0x6856_2023_04_01,CUS_0x6856,0,30dpd_6mob,2023-10-01
CUS_0x68cd_2023_04_01,CUS_0x68cd,0,30dpd_6mob,2023-10-01
CUS_0x68ce_2023_04_01,CUS_0x68ce,0,30dpd_6mob,2023-10-01
CUS_0x68d8_2023_04_01,CUS_0x68d8,0,30dpd_6mob,2023-10-01
CUS_0x695e_2023_04_01,CUS_0x695e,0,30dpd_6mob,2023-10-01
CUS_0x6974_2023_04_01,CUS_0x6974,0,30dpd_6mob,2023-10-01
CUS_0x697f_2023_04_01,CUS_0x697f,1,30dpd_6mob,2023-10-01
CUS_0x6985_2023_04_01,CUS_0x6985,1,30dpd_6mob,2023-10-01
CUS_0x6998_2023_04_01,CUS_0x6998,0,30dpd_6mob,2023-10-01
CUS_0x699d_2023_04_01,CUS_0x699d,0,30dpd_6mob,2023-10-01
CUS_0x69bb_2023_04_01,CUS_0x69bb,1,30dpd_6mob,2023-10-01
CUS_0x69c8_2023_04_01,CUS_0x69c8,0,30dpd_6mob,2023-10-01
CUS_0x6a17_2023_04_01,CUS_0x6a17,1,30dpd_6mob,2023-10-01
CUS_0x6a1b_2023_04_01,CUS_0x6a1b,0,30dpd_6mob,2023-10-01
CUS_0x6a66_2023_04_01,CUS_0x6a66,0,30dpd_6mob,2023-10-01
CUS_0x6aa1_2023_04_01,CUS_0x6aa1,1,30dpd_6mob,2023-10-01
CUS_0x6afc_2023_04_01,CUS_0x6afc,0,30dpd_6mob,2023-10-01
CUS_0x6b6a_2023_04_01,CUS_0x6b6a,0,30dpd_6mob,2023-10-01
CUS_0x6b79_2023_04_01,CUS_0x6b79,0,30dpd_6mob,2023-10-01
CUS_0x6c2c_2023_04_01,CUS_0x6c2c,1,30dpd_6mob,2023-10-01
CUS_0x6c66_2023_04_01,CUS_0x6c66,1,30dpd_6mob,2023-10-01
CUS_0x6deb_2023_04_01,CUS_0x6deb,0,30dpd_6mob,2023-10-01
CUS_0x6dfc_2023_04_01,CUS_0x6dfc,0,30dpd_6mob,2023-10-01
CUS_0x6e65_2023_04_01,CUS_0x6e65,1,30dpd_6mob,2023-10-01
CUS_0x6ead_2023_04_01,CUS_0x6ead,0,30dpd_6mob,2023-10-01
CUS_0x6f9b_2023_04_01,CUS_0x6f9b,0,30dpd_6mob,2023-10-01
CUS_0x6fd9_2023_04_01,CUS_0x6fd9,0,30dpd_6mob,2023-10-01
CUS_0x701f_2023_04_01,CUS_0x701f,0,30dpd_6mob,2023-10-01
CUS_0x706a_2023_04_01,CUS_0x706a,0,30dpd_6mob,2023-10-01
CUS_0x706d_2023_04_01,CUS_0x706d,1,30dpd_6mob,2023-10-01
CUS_0x7088_2023_04_01,CUS_0x7088,0,30dpd_6mob,2023-10-01
CUS_0x70c5_2023_04_01,CUS_0x70c5,0,30dpd_6mob,2023-10-01
CUS_0x70d4_2023_04_01,CUS_0x70d4,1,30dpd_6mob,2023-10-01
CUS_0x70ee_2023_04_01,CUS_0x70ee,0,30dpd_6mob,2023-10-01
CUS_0x715f_2023_04_01,CUS_0x715f,0,30dpd_6mob,2023-10-01
CUS_0x7350_2023_04_01,CUS_0x7350,0,30dpd_6mob,2023-10-01
CUS_0x73ae_2023_04_01,CUS_0x73ae,1,30dpd_6mob,2023-10-01
CUS_0x73ef_2023_04_01,CUS_0x73ef,0,30dpd_6mob,2023-10-01
CUS_0x7411_2023_04_01,CUS_0x7411,0,30dpd_6mob,2023-10-01
CUS_0x747a_2023_04_01,CUS_0x747a,0,30dpd_6mob,2023-10-01
CUS_0x752e_2023_04_01,CUS_0x752e,0,30dpd_6mob,2023-10-01
CUS_0x75ee_2023_04_01,CUS_0x75ee,0,30dpd_6mob,2023-10-01
CUS_0x76a6_2023_04_01,CUS_0x76a6,0,30dpd_6mob,2023-10-01
CUS_0x77de_2023_04_01,CUS_0x77de,0,30dpd_6mob,2023-10-01
CUS_0x7803_2023_04_01,CUS_0x7803,0,30dpd_6mob,2023-10-01
CUS_0x7830_2023_04_01,CUS_0x7830,0,30dpd_6mob,2023-10-01
CUS_0x78af_2023_04_01,CUS_0x78af,0,30dpd_6mob,2023-10-01
CUS_0x78f0_2023_04_01,CUS_0x78f0,0,30dpd_6mob,2023-10-01
CUS_0x796e_2023_04_01,CUS_0x796e,0,30dpd_6mob,2023-10-01
CUS_0x7992_2023_04_01,CUS_0x7992,0,30dpd_6mob,2023-10-01
CUS_0x7a21_2023_04_01,CUS_0x7a21,1,30dpd_6mob,2023-10-01
CUS_0x7a59_2023_04_01,CUS_0x7a59,0,30dpd_6mob,2023-10-01
CUS_0x7a7d_2023_04_01,CUS_0x7a7d,1,30dpd_6mob,2023-10-01
CUS_0x7a96_2023_04_01,CUS_0x7a96,0,30dpd_6mob,2023-10-01
CUS_0x7ab1_2023_04_01,CUS_0x7ab1,0,30dpd_6mob,2023-10-01
CUS_0x7ad4_2023_04_01,CUS_0x7ad4,0,30dpd_6mob,2023-10-01
CUS_0x7b2d_2023_04_01,CUS_0x7b2d,0,30dpd_6mob,2023-10-01
CUS_0x7b72_2023_04_01,CUS_0x7b72,0,30dpd_6mob,2023-10-01
CUS_0x7b8a_2023_04_01,CUS_0x7b8a,1,30dpd_6mob,2023-10-01
CUS_0x7bec_2023_04_01,CUS_0x7bec,0,30dpd_6mob,2023-10-01
CUS_0x7c55_2023_04_01,CUS_0x7c55,0,30dpd_6mob,2023-10-01
CUS_0x7c59_2023_04_01,CUS_0x7c59,0,30dpd_6mob,2023-10-01
CUS_0x7c84_2023_04_01,CUS_0x7c84,0,30dpd_6mob,2023-10-01
CUS_0x7cc7_2023_04_01,CUS_0x7cc7,0,30dpd_6mob,2023-10-01
CUS_0x7cd8_2023_04_01,CUS_0x7cd8,0,30dpd_6mob,2023-10-01
CUS_0x7cf0_2023_04_01,CUS_0x7cf0,1,30dpd_6mob,2023-10-01
CUS_0x7d25_2023_04_01,CUS_0x7d25,1,30dpd_6mob,2023-10-01
CUS_0x7d27_2023_04_01,CUS_0x7d27,0,30dpd_6mob,2023-10-01
CUS_0x7d70_2023_04_01,CUS_0x7d70,0,30dpd_6mob,2023-10-01
CUS_0x7e84_2023_04_01,CUS_0x7e84,0,30dpd_6mob,2023-10-01
CUS_0x7ec0_2023_04_01,CUS_0x7ec0,1,30dpd_6mob,2023-10-01
CUS_0x7ee3_2023_04_01,CUS_0x7ee3,0,30dpd_6mob,2023-10-01
CUS_0x7fa_2023_04_01,CUS_0x7fa,0,30dpd_6mob,2023-10-01
CUS_0x7fb3_2023_04_01,CUS_0x7fb3,1,30dpd_6mob,2023-10-01
CUS_0x8046_2023_04_01,CUS_0x8046,0,30dpd_6mob,2023-10-01
CUS_0x8067_2023_04_01,CUS_0x8067,1,30dpd_6mob,2023-10-01
CUS_0x80dc_2023_04_01,CUS_0x80dc,0,30dpd_6mob,2023-10-01
CUS_0x80e5_2023_04_01,CUS_0x80e5,1,30dpd_6mob,2023-10-01
CUS_0x8126_2023_04_01,CUS_0x8126,0,30dpd_6mob,2023-10-01
CUS_0x8142_2023_04_01,CUS_0x8142,0,30dpd_6mob,2023-10-01
CUS_0x81c3_2023_04_01,CUS_0x81c3,0,30dpd_6mob,2023-10-01
CUS_0x81f1_2023_04_01,CUS_0x81f1,0,30dpd_6mob,2023-10-01
CUS_0x821_2023_04_01,CUS_0x821,0,30dpd_6mob,2023-10-01
CUS_0x8239_2023_04_01,CUS_0x8239,1,30dpd_6mob,2023-10-01
CUS_0x825d_2023_04_01,CUS_0x825d,0,30dpd_6mob,2023-10-01
CUS_0x826d_2023_04_01,CUS_0x826d,0,30dpd_6mob,2023-10-01
CUS_0x829a_2023_04_01,CUS_0x829a,0,30dpd_6mob,2023-10-01
CUS_0x834f_2023_04_01,CUS_0x834f,1,30dpd_6mob,2023-10-01
CUS_0x83fb_2023_04_01,CUS_0x83fb,0,30dpd_6mob,2023-10-01
CUS_0x8433_2023_04_01,CUS_0x8433,0,30dpd_6mob,2023-10-01
CUS_0x854c_2023_04_01,CUS_0x854c,0,30dpd_6mob,2023-10-01
CUS_0x856b_2023_04_01,CUS_0x856b,0,30dpd_6mob,2023-10-01
CUS_0x85a0_2023_04_01,CUS_0x85a0,0,30dpd_6mob,2023-10-01
CUS_0x8638_2023_04_01,CUS_0x8638,0,30dpd_6mob,2023-10-01
CUS_0x868f_2023_04_01,CUS_0x868f,0,30dpd_6mob,2023-10-01
CUS_0x8731_2023_04_01,CUS_0x8731,0,30dpd_6mob,2023-10-01
CUS_0x8747_2023_04_01,CUS_0x8747,0,30dpd_6mob,2023-10-01
CUS_0x878_2023_04_01,CUS_0x878,0,30dpd_6mob,2023-10-01
CUS_0x87f9_2023_04_01,CUS_0x87f9,1,30dpd_6mob,2023-10-01
CUS_0x8bdf_2023_04_01,CUS_0x8bdf,0,30dpd_6mob,2023-10-01
CUS_0x8cd9_2023_04_01,CUS_0x8cd9,0,30dpd_6mob,2023-10-01
CUS_0x8d3d_2023_04_01,CUS_0x8d3d,0,30dpd_6mob,2023-10-01
CUS_0x8d5d_2023_04_01,CUS_0x8d5d,0,30dpd_6mob,2023-10-01
CUS_0x8db8_2023_04_01,CUS_0x8db8,0,30dpd_6mob,2023-10-01
CUS_0x8e35_2023_04_01,CUS_0x8e35,0,30dpd_6mob,2023-10-01
CUS_0x8e4d_2023_04_01,CUS_0x8e4d,0,30dpd_6mob,2023-10-01
CUS_0x8e5a_2023_04_01,CUS_0x8e5a,1,30dpd_6mob,2023-10-01
CUS_0x8eb8_2023_04_01,CUS_0x8eb8,0,30dpd_6mob,2023-10-01
CUS_0x8f7f_2023_04_01,CUS_0x8f7f,1,30dpd_6mob,2023-10-01
CUS_0x8fd8_2023_04_01,CUS_0x8fd8,1,30dpd_6mob,2023-10-01
CUS_0x902b_2023_04_01,CUS_0x902b,0,30dpd_6mob,2023-10-01
CUS_0x91ca_2023_04_01,CUS_0x91ca,0,30dpd_6mob,2023-10-01
CUS_0x91d4_2023_04_01,CUS_0x91d4,0,30dpd_6mob,2023-10-01
CUS_0x91ed_2023_04_01,CUS_0x91ed,0,30dpd_6mob,2023-10-01
CUS_0x9216_2023_04_01,CUS_0x9216,0,30dpd_6mob,2023-10-01
CUS_0x922f_2023_04_01,CUS_0x922f,1,30dpd_6mob,2023-10-01
CUS_0x9237_2023_04_01,CUS_0x9237,0,30dpd_6mob,2023-10-01
CUS_0x9305_2023_04_01,CUS_0x9305,0,30dpd_6mob,2023-10-01
CUS_0x932c_2023_04_01,CUS_0x932c,1,30dpd_6mob,2023-10-01
CUS_0x944_2023_04_01,CUS_0x944,0,30dpd_6mob,2023-10-01
CUS_0x94cf_2023_04_01,CUS_0x94cf,0,30dpd_6mob,2023-10-01
CUS_0x94dd_2023_04_01,CUS_0x94dd,0,30dpd_6mob,2023-10-01
CUS_0x94de_2023_04_01,CUS_0x94de,0,30dpd_6mob,2023-10-01
CUS_0x94e3_2023_04_01,CUS_0x94e3,0,30dpd_6mob,2023-10-01
CUS_0x9522_2023_04_01,CUS_0x9522,0,30dpd_6mob,2023-10-01
CUS_0x957c_2023_04_01,CUS_0x957c,0,30dpd_6mob,2023-10-01
CUS_0x958a_2023_04_01,CUS_0x958a,0,30dpd_6mob,2023-10-01
CUS_0x963_2023_04_01,CUS_0x963,0,30dpd_6mob,2023-10-01
CUS_0x9648_2023_04_01,CUS_0x9648,0,30dpd_6mob,2023-10-01
CUS_0x96e_2023_04_01,CUS_0x96e,0,30dpd_6mob,2023-10-01
CUS_0x9760_2023_04_01,CUS_0x9760,0,30dpd_6mob,2023-10-01
CUS_0x9784_2023_04_01,CUS_0x9784,0,30dpd_6mob,2023-10-01
CUS_0x97aa_2023_04_01,CUS_0x97aa,0,30dpd_6mob,2023-10-01
CUS_0x97ef_2023_04_01,CUS_0x97ef,0,30dpd_6mob,2023-10-01
CUS_0x987c_2023_04_01,CUS_0x987c,1,30dpd_6mob,2023-10-01
CUS_0x989e_2023_04_01,CUS_0x989e,1,30dpd_6mob,2023-10-01
CUS_0x9997_2023_04_01,CUS_0x9997,1,30dpd_6mob,2023-10-01
CUS_0x9998_2023_04_01,CUS_0x9998,1,30dpd_6mob,2023-10-01
CUS_0x9a1d_2023_04_01,CUS_0x9a1d,0,30dpd_6mob,2023-10-01
CUS_0x9b6b_2023_04_01,CUS_0x9b6b,0,30dpd_6mob,2023-10-01
CUS_0x9bbe_2023_04_01,CUS_0x9bbe,0,30dpd_6mob,2023-10-01
CUS_0x9c2_2023_04_01,CUS_0x9c2,1,30dpd_6mob,2023-10-01
CUS_0x9c2e_2023_04_01,CUS_0x9c2e,0,30dpd_6mob,2023-10-01
CUS_0x9c49_2023_04_01,CUS_0x9c49,0,30dpd_6mob,2023-10-01
CUS_0x9c66_2023_04_01,CUS_0x9c66,0,30dpd_6mob,2023-10-01
CUS_0x9d41_2023_04_01,CUS_0x9d41,0,30dpd_6mob,2023-10-01
CUS_0x9d51_2023_04_01,CUS_0x9d51,0,30dpd_6mob,2023-10-01
CUS_0x9e21_2023_04_01,CUS_0x9e21,0,30dpd_6mob,2023-10-01
CUS_0x9e31_2023_04_01,CUS_0x9e31,0,30dpd_6mob,2023-10-01
CUS_0x9f06_2023_04_01,CUS_0x9f06,0,30dpd_6mob,2023-10-01
CUS_0x9f80_2023_04_01,CUS_0x9f80,1,30dpd_6mob,2023-10-01
CUS_0x9fb1_2023_04_01,CUS_0x9fb1,0,30dpd_6mob,2023-10-01
CUS_0x9fea_2023_04_01,CUS_0x9fea,1,30dpd_6mob,2023-10-01
CUS_0xa066_2023_04_01,CUS_0xa066,1,30dpd_6mob,2023-10-01
CUS_0xa071_2023_04_01,CUS_0xa071,0,30dpd_6mob,2023-10-01
CUS_0xa323_2023_04_01,CUS_0xa323,0,30dpd_6mob,2023-10-01
CUS_0xa3c_2023_04_01,CUS_0xa3c,0,30dpd_6mob,2023-10-01
CUS_0xa3f_2023_04_01,CUS_0xa3f,1,30dpd_6mob,2023-10-01
CUS_0xa437_2023_04_01,CUS_0xa437,0,30dpd_6mob,2023-10-01
CUS_0xa525_2023_04_01,CUS_0xa525,0,30dpd_6mob,2023-10-01
CUS_0xa52e_2023_04_01,CUS_0xa52e,0,30dpd_6mob,2023-10-01
CUS_0xa556_2023_04_01,CUS_0xa556,0,30dpd_6mob,2023-10-01
CUS_0xa5f9_2023_04_01,CUS_0xa5f9,1,30dpd_6mob,2023-10-01
CUS_0xa679_2023_04_01,CUS_0xa679,0,30dpd_6mob,2023-10-01
CUS_0xa682_2023_04_01,CUS_0xa682,0,30dpd_6mob,2023-10-01
CUS_0xa69_2023_04_01,CUS_0xa69,0,30dpd_6mob,2023-10-01
CUS_0xa6a_2023_04_01,CUS_0xa6a,0,30dpd_6mob,2023-10-01
CUS_0xa6b8_2023_04_01,CUS_0xa6b8,0,30dpd_6mob,2023-10-01
CUS_0xa731_2023_04_01,CUS_0xa731,0,30dpd_6mob,2023-10-01
CUS_0xa780_2023_04_01,CUS_0xa780,0,30dpd_6mob,2023-10-01
CUS_0xa7a4_2023_04_01,CUS_0xa7a4,0,30dpd_6mob,2023-10-01
CUS_0xa8c1_2023_04_01,CUS_0xa8c1,1,30dpd_6mob,2023-10-01
CUS_0xa910_2023_04_01,CUS_0xa910,0,30dpd_6mob,2023-10-01
CUS_0xa91e_2023_04_01,CUS_0xa91e,0,30dpd_6mob,2023-10-01
CUS_0xa97a_2023_04_01,CUS_0xa97a,1,30dpd_6mob,2023-10-01
CUS_0xa9f_2023_04_01,CUS_0xa9f,0,30dpd_6mob,2023-10-01
CUS_0xaa4_2023_04_01,CUS_0xaa4,1,30dpd_6mob,2023-10-01
CUS_0xaab3_2023_04_01,CUS_0xaab3,1,30dpd_6mob,2023-10-01
CUS_0xaabb_2023_04_01,CUS_0xaabb,0,30dpd_6mob,2023-10-01
CUS_0xab01_2023_04_01,CUS_0xab01,0,30dpd_6mob,2023-10-01
CUS_0xab32_2023_04_01,CUS_0xab32,0,30dpd_6mob,2023-10-01
CUS_0xab35_2023_04_01,CUS_0xab35,0,30dpd_6mob,2023-10-01
CUS_0xab4a_2023_04_01,CUS_0xab4a,1,30dpd_6mob,2023-10-01
CUS_0xabc0_2023_04_01,CUS_0xabc0,0,30dpd_6mob,2023-10-01
CUS_0xabea_2023_04_01,CUS_0xabea,0,30dpd_6mob,2023-10-01
CUS_0xabed_2023_04_01,CUS_0xabed,0,30dpd_6mob,2023-10-01
CUS_0xac20_2023_04_01,CUS_0xac20,0,30dpd_6mob,2023-10-01
CUS_0xac51_2023_04_01,CUS_0xac51,1,30dpd_6mob,2023-10-01
CUS_0xac58_2023_04_01,CUS_0xac58,0,30dpd_6mob,2023-10-01
CUS_0xad31_2023_04_01,CUS_0xad31,1,30dpd_6mob,2023-10-01
CUS_0xadad_2023_04_01,CUS_0xadad,0,30dpd_6mob,2023-10-01
CUS_0xadb5_2023_04_01,CUS_0xadb5,0,30dpd_6mob,2023-10-01
CUS_0xadd2_2023_04_01,CUS_0xadd2,1,30dpd_6mob,2023-10-01
CUS_0xae03_2023_04_01,CUS_0xae03,0,30dpd_6mob,2023-10-01
CUS_0xae70_2023_04_01,CUS_0xae70,1,30dpd_6mob,2023-10-01
CUS_0xae75_2023_04_01,CUS_0xae75,0,30dpd_6mob,2023-10-01
CUS_0xaf14_2023_04_01,CUS_0xaf14,0,30dpd_6mob,2023-10-01
CUS_0xaf16_2023_04_01,CUS_0xaf16,1,30dpd_6mob,2023-10-01
CUS_0xaf6_2023_04_01,CUS_0xaf6,1,30dpd_6mob,2023-10-01
CUS_0xaf99_2023_04_01,CUS_0xaf99,1,30dpd_6mob,2023-10-01
CUS_0xafcd_2023_04_01,CUS_0xafcd,0,30dpd_6mob,2023-10-01
CUS_0xb001_2023_04_01,CUS_0xb001,0,30dpd_6mob,2023-10-01
CUS_0xb012_2023_04_01,CUS_0xb012,0,30dpd_6mob,2023-10-01
CUS_0xb01a_2023_04_01,CUS_0xb01a,1,30dpd_6mob,2023-10-01
CUS_0xb080_2023_04_01,CUS_0xb080,1,30dpd_6mob,2023-10-01
CUS_0xb121_2023_04_01,CUS_0xb121,0,30dpd_6mob,2023-10-01
CUS_0xb187_2023_04_01,CUS_0xb187,0,30dpd_6mob,2023-10-01
CUS_0xb1d5_2023_04_01,CUS_0xb1d5,1,30dpd_6mob,2023-10-01
CUS_0xb217_2023_04_01,CUS_0xb217,0,30dpd_6mob,2023-10-01
CUS_0xb2fc_2023_04_01,CUS_0xb2fc,0,30dpd_6mob,2023-10-01
CUS_0xb32a_2023_04_01,CUS_0xb32a,1,30dpd_6mob,2023-10-01
CUS_0xb33a_2023_04_01,CUS_0xb33a,0,30dpd_6mob,2023-10-01
CUS_0xb351_2023_04_01,CUS_0xb351,0,30dpd_6mob,2023-10-01
CUS_0xb35f_2023_04_01,CUS_0xb35f,0,30dpd_6mob,2023-10-01
CUS_0xb3a_2023_04_01,CUS_0xb3a,1,30dpd_6mob,2023-10-01
CUS_0xb499_2023_04_01,CUS_0xb499,0,30dpd_6mob,2023-10-01
CUS_0xb4d3_2023_04_01,CUS_0xb4d3,0,30dpd_6mob,2023-10-01
CUS_0xb545_2023_04_01,CUS_0xb545,0,30dpd_6mob,2023-10-01
CUS_0xb63e_2023_04_01,CUS_0xb63e,0,30dpd_6mob,2023-10-01
CUS_0xb644_2023_04_01,CUS_0xb644,0,30dpd_6mob,2023-10-01
CUS_0xb732_2023_04_01,CUS_0xb732,0,30dpd_6mob,2023-10-01
CUS_0xb798_2023_04_01,CUS_0xb798,0,30dpd_6mob,2023-10-01
CUS_0xb7fa_2023_04_01,CUS_0xb7fa,0,30dpd_6mob,2023-10-01
CUS_0xb81c_2023_04_01,CUS_0xb81c,1,30dpd_6mob,2023-10-01
CUS_0xb825_2023_04_01,CUS_0xb825,0,30dpd_6mob,2023-10-01
CUS_0xb8de_2023_04_01,CUS_0xb8de,0,30dpd_6mob,2023-10-01
CUS_0xb91a_2023_04_01,CUS_0xb91a,1,30dpd_6mob,2023-10-01
CUS_0xb98_2023_04_01,CUS_0xb98,0,30dpd_6mob,2023-10-01
CUS_0xba4c_2023_04_01,CUS_0xba4c,0,30dpd_6mob,2023-10-01
CUS_0xbacd_2023_04_01,CUS_0xbacd,0,30dpd_6mob,2023-10-01
CUS_0xbaeb_2023_04_01,CUS_0xbaeb,0,30dpd_6mob,2023-10-01
CUS_0xbafa_2023_04_01,CUS_0xbafa,0,30dpd_6mob,2023-10-01
CUS_0xbafd_2023_04_01,CUS_0xbafd,0,30dpd_6mob,2023-10-01
CUS_0xbb6e_2023_04_01,CUS_0xbb6e,0,30dpd_6mob,2023-10-01
CUS_0xbb73_2023_04_01,CUS_0xbb73,0,30dpd_6mob,2023-10-01
CUS_0xbb85_2023_04_01,CUS_0xbb85,0,30dpd_6mob,2023-10-01
CUS_0xbc29_2023_04_01,CUS_0xbc29,1,30dpd_6mob,2023-10-01
CUS_0xbc33_2023_04_01,CUS_0xbc33,0,30dpd_6mob,2023-10-01
CUS_0xbc9e_2023_04_01,CUS_0xbc9e,1,30dpd_6mob,2023-10-01
CUS_0xbccf_2023_04_01,CUS_0xbccf,0,30dpd_6mob,2023-10-01
CUS_0xbd0f_2023_04_01,CUS_0xbd0f,0,30dpd_6mob,2023-10-01
CUS_0xbd2c_2023_04_01,CUS_0xbd2c,0,30dpd_6mob,2023-10-01
CUS_0xbd33_2023_04_01,CUS_0xbd33,0,30dpd_6mob,2023-10-01
CUS_0xbe5c_2023_04_01,CUS_0xbe5c,1,30dpd_6mob,2023-10-01
CUS_0xbe71_2023_04_01,CUS_0xbe71,0,30dpd_6mob,2023-10-01
CUS_0xbed7_2023_04_01,CUS_0xbed7,0,30dpd_6mob,2023-10-01
CUS_0xbf40_2023_04_01,CUS_0xbf40,0,30dpd_6mob,2023-10-01
CUS_0xbfa6_2023_04_01,CUS_0xbfa6,1,30dpd_6mob,2023-10-01
CUS_0xc066_2023_04_01,CUS_0xc066,0,30dpd_6mob,2023-10-01
CUS_0xc0af_2023_04_01,CUS_0xc0af,1,30dpd_6mob,2023-10-01
CUS_0xc118_2023_04_01,CUS_0xc118,0,30dpd_6mob,2023-10-01
CUS_0xc15d_2023_04_01,CUS_0xc15d,0,30dpd_6mob,2023-10-01
CUS_0xc204_2023_04_01,CUS_0xc204,1,30dpd_6mob,2023-10-01
CUS_0xc3a1_2023_04_01,CUS_0xc3a1,1,30dpd_6mob,2023-10-01
CUS_0xc3ce_2023_04_01,CUS_0xc3ce,0,30dpd_6mob,2023-10-01
CUS_0xc48c_2023_04_01,CUS_0xc48c,1,30dpd_6mob,2023-10-01
CUS_0xc497_2023_04_01,CUS_0xc497,1,30dpd_6mob,2023-10-01
CUS_0xc4ea_2023_04_01,CUS_0xc4ea,0,30dpd_6mob,2023-10-01
CUS_0xc533_2023_04_01,CUS_0xc533,0,30dpd_6mob,2023-10-01
CUS_0xc5e2_2023_04_01,CUS_0xc5e2,0,30dpd_6mob,2023-10-01
CUS_0xc5ea_2023_04_01,CUS_0xc5ea,0,30dpd_6mob,2023-10-01
CUS_0xc5f3_2023_04_01,CUS_0xc5f3,0,30dpd_6mob,2023-10-01
CUS_0xc5fe_2023_04_01,CUS_0xc5fe,0,30dpd_6mob,2023-10-01
CUS_0xc8c_2023_04_01,CUS_0xc8c,0,30dpd_6mob,2023-10-01
CUS_0xd9a_2023_04_01,CUS_0xd9a,0,30dpd_6mob,2023-10-01
CUS_0xdb0_2023_04_01,CUS_0xdb0,0,30dpd_6mob,2023-10-01
CUS_0xf20_2023_04_01,CUS_0xf20,1,30dpd_6mob,2023-10-01
CUS_0xf23_2023_04_01,CUS_0xf23,0,30dpd_6mob,2023-10-01
CUS_0xf58_2023_04_01,CUS_0xf58,0,30dpd_6mob,2023-10-01
CUS_0xf8d_2023_04_01,CUS_0xf8d,0,30dpd_6mob,2023-10-01
CUS_0xfaf_2023_04_01,CUS_0xfaf,0,30dpd_6mob,2023-10-01
CUS_0xfb6_2023_04_01,CUS_0xfb6,0,30dpd_6mob,2023-10-01
CUS_0xfcb_2023_04_01,CUS_0xfcb,0,30dpd_6mob,2023-10-01
CUS_0x10bb_2023_03_01,CUS_0x10bb,0,30dpd_6mob,2023-09-01
CUS_0x10eb_2023_03_01,CUS_0x10eb,0,30dpd_6mob,2023-09-01
CUS_0x1132_2023_03_01,CUS_0x1132,1,30dpd_6mob,2023-09-01
CUS_0x1135_2023_03_01,CUS_0x1135,0,30dpd_6mob,2023-09-01
CUS_0x11c7_2023_03_01,CUS_0x11c7,0,30dpd_6mob,2023-09-01
CUS_0x123a_2023_03_01,CUS_0x123a,1,30dpd_6mob,2023-09-01
CUS_0x1271_2023_03_01,CUS_0x1271,0,30dpd_6mob,2023-09-01
CUS_0x12dd_2023_03_01,CUS_0x12dd,0,30dpd_6mob,2023-09-01
CUS_0x1324_2023_03_01,CUS_0x1324,1,30dpd_6mob,2023-09-01
CUS_0x136b_2023_03_01,CUS_0x136b,1,30dpd_6mob,2023-09-01
CUS_0x13df_2023_03_01,CUS_0x13df,1,30dpd_6mob,2023-09-01
CUS_0x13ee_2023_03_01,CUS_0x13ee,0,30dpd_6mob,2023-09-01
CUS_0x14d8_2023_03_01,CUS_0x14d8,1,30dpd_6mob,2023-09-01
CUS_0x1521_2023_03_01,CUS_0x1521,0,30dpd_6mob,2023-09-01
CUS_0x15a4_2023_03_01,CUS_0x15a4,0,30dpd_6mob,2023-09-01
CUS_0x15b9_2023_03_01,CUS_0x15b9,0,30dpd_6mob,2023-09-01
CUS_0x1690_2023_03_01,CUS_0x1690,1,30dpd_6mob,2023-09-01
CUS_0x16d0_2023_03_01,CUS_0x16d0,0,30dpd_6mob,2023-09-01
CUS_0x1769_2023_03_01,CUS_0x1769,0,30dpd_6mob,2023-09-01
CUS_0x17c3_2023_03_01,CUS_0x17c3,1,30dpd_6mob,2023-09-01
CUS_0x1844_2023_03_01,CUS_0x1844,0,30dpd_6mob,2023-09-01
CUS_0x18a6_2023_03_01,CUS_0x18a6,0,30dpd_6mob,2023-09-01
CUS_0x1a33_2023_03_01,CUS_0x1a33,1,30dpd_6mob,2023-09-01
CUS_0x1a3a_2023_03_01,CUS_0x1a3a,0,30dpd_6mob,2023-09-01
CUS_0x1a77_2023_03_01,CUS_0x1a77,0,30dpd_6mob,2023-09-01
CUS_0x1aa0_2023_03_01,CUS_0x1aa0,0,30dpd_6mob,2023-09-01
CUS_0x1add_2023_03_01,CUS_0x1add,0,30dpd_6mob,2023-09-01
CUS_0x1ba9_2023_03_01,CUS_0x1ba9,1,30dpd_6mob,2023-09-01
CUS_0x1c2f_2023_03_01,CUS_0x1c2f,0,30dpd_6mob,2023-09-01
CUS_0x1c76_2023_03_01,CUS_0x1c76,0,30dpd_6mob,2023-09-01
CUS_0x1c78_2023_03_01,CUS_0x1c78,1,30dpd_6mob,2023-09-01
CUS_0x1cb0_2023_03_01,CUS_0x1cb0,0,30dpd_6mob,2023-09-01
CUS_0x1d08_2023_03_01,CUS_0x1d08,0,30dpd_6mob,2023-09-01
CUS_0x1d18_2023_03_01,CUS_0x1d18,0,30dpd_6mob,2023-09-01
CUS_0x1d3e_2023_03_01,CUS_0x1d3e,0,30dpd_6mob,2023-09-01
CUS_0x1d79_2023_03_01,CUS_0x1d79,0,30dpd_6mob,2023-09-01
CUS_0x1db5_2023_03_01,CUS_0x1db5,0,30dpd_6mob,2023-09-01
CUS_0x1e8e_2023_03_01,CUS_0x1e8e,0,30dpd_6mob,2023-09-01
CUS_0x1f39_2023_03_01,CUS_0x1f39,1,30dpd_6mob,2023-09-01
CUS_0x1f4b_2023_03_01,CUS_0x1f4b,0,30dpd_6mob,2023-09-01
CUS_0x1f8c_2023_03_01,CUS_0x1f8c,1,30dpd_6mob,2023-09-01
CUS_0x1f8d_2023_03_01,CUS_0x1f8d,0,30dpd_6mob,2023-09-01
CUS_0x2041_2023_03_01,CUS_0x2041,0,30dpd_6mob,2023-09-01
CUS_0x2087_2023_03_01,CUS_0x2087,0,30dpd_6mob,2023-09-01
CUS_0x2159_2023_03_01,CUS_0x2159,0,30dpd_6mob,2023-09-01
CUS_0x21d8_2023_03_01,CUS_0x21d8,0,30dpd_6mob,2023-09-01
CUS_0x21e6_2023_03_01,CUS_0x21e6,0,30dpd_6mob,2023-09-01
CUS_0x2293_2023_03_01,CUS_0x2293,0,30dpd_6mob,2023-09-01
CUS_0x231b_2023_03_01,CUS_0x231b,1,30dpd_6mob,2023-09-01
CUS_0x233e_2023_03_01,CUS_0x233e,0,30dpd_6mob,2023-09-01
CUS_0x23b2_2023_03_01,CUS_0x23b2,0,30dpd_6mob,2023-09-01
CUS_0x23b9_2023_03_01,CUS_0x23b9,0,30dpd_6mob,2023-09-01
CUS_0x23e2_2023_03_01,CUS_0x23e2,0,30dpd_6mob,2023-09-01
CUS_0x25ea_2023_03_01,CUS_0x25ea,1,30dpd_6mob,2023-09-01
CUS_0x25ed_2023_03_01,CUS_0x25ed,0,30dpd_6mob,2023-09-01
CUS_0x262e_2023_03_01,CUS_0x262e,1,30dpd_6mob,2023-09-01
CUS_0x2652_2023_03_01,CUS_0x2652,0,30dpd_6mob,2023-09-01
CUS_0x26aa_2023_03_01,CUS_0x26aa,0,30dpd_6mob,2023-09-01
CUS_0x26fd_2023_03_01,CUS_0x26fd,0,30dpd_6mob,2023-09-01
CUS_0x2747_2023_03_01,CUS_0x2747,0,30dpd_6mob,2023-09-01
CUS_0x275d_2023_03_01,CUS_0x275d,1,30dpd_6mob,2023-09-01
CUS_0x276a_2023_03_01,CUS_0x276a,1,30dpd_6mob,2023-09-01
CUS_0x2778_2023_03_01,CUS_0x2778,0,30dpd_6mob,2023-09-01
CUS_0x2796_2023_03_01,CUS_0x2796,0,30dpd_6mob,2023-09-01
CUS_0x27df_2023_03_01,CUS_0x27df,0,30dpd_6mob,2023-09-01
CUS_0x2847_2023_03_01,CUS_0x2847,1,30dpd_6mob,2023-09-01
CUS_0x290c_2023_03_01,CUS_0x290c,1,30dpd_6mob,2023-09-01
CUS_0x296f_2023_03_01,CUS_0x296f,1,30dpd_6mob,2023-09-01
CUS_0x29f5_2023_03_01,CUS_0x29f5,0,30dpd_6mob,2023-09-01
CUS_0x2adf_2023_03_01,CUS_0x2adf,0,30dpd_6mob,2023-09-01
CUS_0x2b9e_2023_03_01,CUS_0x2b9e,1,30dpd_6mob,2023-09-01
CUS_0x2c0d_2023_03_01,CUS_0x2c0d,1,30dpd_6mob,2023-09-01
CUS_0x2c21_2023_03_01,CUS_0x2c21,1,30dpd_6mob,2023-09-01
CUS_0x2c48_2023_03_01,CUS_0x2c48,0,30dpd_6mob,2023-09-01
CUS_0x2c5e_2023_03_01,CUS_0x2c5e,1,30dpd_6mob,2023-09-01
CUS_0x2c60_2023_03_01,CUS_0x2c60,0,30dpd_6mob,2023-09-01
CUS_0x2ca2_2023_03_01,CUS_0x2ca2,0,30dpd_6mob,2023-09-01
CUS_0x2d1c_2023_03_01,CUS_0x2d1c,0,30dpd_6mob,2023-09-01
CUS_0x2da6_2023_03_01,CUS_0x2da6,0,30dpd_6mob,2023-09-01
CUS_0x2dd8_2023_03_01,CUS_0x2dd8,1,30dpd_6mob,2023-09-01
CUS_0x2e82_2023_03_01,CUS_0x2e82,0,30dpd_6mob,2023-09-01
CUS_0x2e97_2023_03_01,CUS_0x2e97,0,30dpd_6mob,2023-09-01
CUS_0x2f03_2023_03_01,CUS_0x2f03,0,30dpd_6mob,2023-09-01
CUS_0x2f11_2023_03_01,CUS_0x2f11,1,30dpd_6mob,2023-09-01
CUS_0x2f97_2023_03_01,CUS_0x2f97,0,30dpd_6mob,2023-09-01
CUS_0x307e_2023_03_01,CUS_0x307e,1,30dpd_6mob,2023-09-01
CUS_0x30e0_2023_03_01,CUS_0x30e0,0,30dpd_6mob,2023-09-01
CUS_0x3155_2023_03_01,CUS_0x3155,1,30dpd_6mob,2023-09-01
CUS_0x318c_2023_03_01,CUS_0x318c,0,30dpd_6mob,2023-09-01
CUS_0x31ac_2023_03_01,CUS_0x31ac,0,30dpd_6mob,2023-09-01
CUS_0x3213_2023_03_01,CUS_0x3213,0,30dpd_6mob,2023-09-01
CUS_0x32b7_2023_03_01,CUS_0x32b7,0,30dpd_6mob,2023-09-01
CUS_0x32cc_2023_03_01,CUS_0x32cc,0,30dpd_6mob,2023-09-01
CUS_0x32d2_2023_03_01,CUS_0x32d2,0,30dpd_6mob,2023-09-01
CUS_0x3382_2023_03_01,CUS_0x3382,0,30dpd_6mob,2023-09-01
CUS_0x3435_2023_03_01,CUS_0x3435,1,30dpd_6mob,2023-09-01
CUS_0x34ad_2023_03_01,CUS_0x34ad,0,30dpd_6mob,2023-09-01
CUS_0x35f4_2023_03_01,CUS_0x35f4,0,30dpd_6mob,2023-09-01
CUS_0x360e_2023_03_01,CUS_0x360e,1,30dpd_6mob,2023-09-01
CUS_0x363a_2023_03_01,CUS_0x363a,1,30dpd_6mob,2023-09-01
CUS_0x36ad_2023_03_01,CUS_0x36ad,1,30dpd_6mob,2023-09-01
CUS_0x36b6_2023_03_01,CUS_0x36b6,0,30dpd_6mob,2023-09-01
CUS_0x37cc_2023_03_01,CUS_0x37cc,0,30dpd_6mob,2023-09-01
CUS_0x37de_2023_03_01,CUS_0x37de,1,30dpd_6mob,2023-09-01
CUS_0x3815_2023_03_01,CUS_0x3815,1,30dpd_6mob,2023-09-01
CUS_0x383a_2023_03_01,CUS_0x383a,0,30dpd_6mob,2023-09-01
CUS_0x38f1_2023_03_01,CUS_0x38f1,1,30dpd_6mob,2023-09-01
CUS_0x3903_2023_03_01,CUS_0x3903,0,30dpd_6mob,2023-09-01
CUS_0x3a3b_2023_03_01,CUS_0x3a3b,0,30dpd_6mob,2023-09-01
CUS_0x3a5b_2023_03_01,CUS_0x3a5b,0,30dpd_6mob,2023-09-01
CUS_0x3a86_2023_03_01,CUS_0x3a86,0,30dpd_6mob,2023-09-01
CUS_0x3ae9_2023_03_01,CUS_0x3ae9,0,30dpd_6mob,2023-09-01
CUS_0x3afc_2023_03_01,CUS_0x3afc,0,30dpd_6mob,2023-09-01
CUS_0x3b3f_2023_03_01,CUS_0x3b3f,1,30dpd_6mob,2023-09-01
CUS_0x3b81_2023_03_01,CUS_0x3b81,0,30dpd_6mob,2023-09-01
CUS_0x3c5f_2023_03_01,CUS_0x3c5f,0,30dpd_6mob,2023-09-01
CUS_0x3ca4_2023_03_01,CUS_0x3ca4,0,30dpd_6mob,2023-09-01
CUS_0x3e09_2023_03_01,CUS_0x3e09,1,30dpd_6mob,2023-09-01
CUS_0x3e9a_2023_03_01,CUS_0x3e9a,0,30dpd_6mob,2023-09-01
CUS_0x3f2d_2023_03_01,CUS_0x3f2d,0,30dpd_6mob,2023-09-01
CUS_0x3f7_2023_03_01,CUS_0x3f7,0,30dpd_6mob,2023-09-01
CUS_0x3f82_2023_03_01,CUS_0x3f82,1,30dpd_6mob,2023-09-01
CUS_0x3f87_2023_03_01,CUS_0x3f87,1,30dpd_6mob,2023-09-01
CUS_0x3fc5_2023_03_01,CUS_0x3fc5,1,30dpd_6mob,2023-09-01
CUS_0x4032_2023_03_01,CUS_0x4032,1,30dpd_6mob,2023-09-01
CUS_0x4086_2023_03_01,CUS_0x4086,0,30dpd_6mob,2023-09-01
CUS_0x40de_2023_03_01,CUS_0x40de,0,30dpd_6mob,2023-09-01
CUS_0x416_2023_03_01,CUS_0x416,0,30dpd_6mob,2023-09-01
CUS_0x41b3_2023_03_01,CUS_0x41b3,0,30dpd_6mob,2023-09-01
CUS_0x41f3_2023_03_01,CUS_0x41f3,1,30dpd_6mob,2023-09-01
CUS_0x42a_2023_03_01,CUS_0x42a,0,30dpd_6mob,2023-09-01
CUS_0x42dc_2023_03_01,CUS_0x42dc,0,30dpd_6mob,2023-09-01
CUS_0x430b_2023_03_01,CUS_0x430b,0,30dpd_6mob,2023-09-01
CUS_0x431_2023_03_01,CUS_0x431,0,30dpd_6mob,2023-09-01
CUS_0x43a6_2023_03_01,CUS_0x43a6,0,30dpd_6mob,2023-09-01
CUS_0x43af_2023_03_01,CUS_0x43af,0,30dpd_6mob,2023-09-01
CUS_0x43c6_2023_03_01,CUS_0x43c6,0,30dpd_6mob,2023-09-01
CUS_0x4401_2023_03_01,CUS_0x4401,0,30dpd_6mob,2023-09-01
CUS_0x4459_2023_03_01,CUS_0x4459,0,30dpd_6mob,2023-09-01
CUS_0x4533_2023_03_01,CUS_0x4533,0,30dpd_6mob,2023-09-01
CUS_0x45da_2023_03_01,CUS_0x45da,0,30dpd_6mob,2023-09-01
CUS_0x45f8_2023_03_01,CUS_0x45f8,0,30dpd_6mob,2023-09-01
CUS_0x466a_2023_03_01,CUS_0x466a,0,30dpd_6mob,2023-09-01
CUS_0x46d7_2023_03_01,CUS_0x46d7,0,30dpd_6mob,2023-09-01
CUS_0x46ef_2023_03_01,CUS_0x46ef,0,30dpd_6mob,2023-09-01
CUS_0x476d_2023_03_01,CUS_0x476d,0,30dpd_6mob,2023-09-01
CUS_0x47c1_2023_03_01,CUS_0x47c1,1,30dpd_6mob,2023-09-01
CUS_0x47d0_2023_03_01,CUS_0x47d0,0,30dpd_6mob,2023-09-01
CUS_0x47fa_2023_03_01,CUS_0x47fa,0,30dpd_6mob,2023-09-01
CUS_0x4813_2023_03_01,CUS_0x4813,0,30dpd_6mob,2023-09-01
CUS_0x481c_2023_03_01,CUS_0x481c,0,30dpd_6mob,2023-09-01
CUS_0x4846_2023_03_01,CUS_0x4846,1,30dpd_6mob,2023-09-01
CUS_0x4899_2023_03_01,CUS_0x4899,1,30dpd_6mob,2023-09-01
CUS_0x48b7_2023_03_01,CUS_0x48b7,1,30dpd_6mob,2023-09-01
CUS_0x48d4_2023_03_01,CUS_0x48d4,0,30dpd_6mob,2023-09-01
CUS_0x48f7_2023_03_01,CUS_0x48f7,0,30dpd_6mob,2023-09-01
CUS_0x4a65_2023_03_01,CUS_0x4a65,0,30dpd_6mob,2023-09-01
CUS_0x4ab_2023_03_01,CUS_0x4ab,0,30dpd_6mob,2023-09-01
CUS_0x4b30_2023_03_01,CUS_0x4b30,1,30dpd_6mob,2023-09-01
CUS_0x4b82_2023_03_01,CUS_0x4b82,0,30dpd_6mob,2023-09-01
CUS_0x4b9c_2023_03_01,CUS_0x4b9c,0,30dpd_6mob,2023-09-01
CUS_0x4c45_2023_03_01,CUS_0x4c45,1,30dpd_6mob,2023-09-01
CUS_0x4c90_2023_03_01,CUS_0x4c90,0,30dpd_6mob,2023-09-01
CUS_0x4cb3_2023_03_01,CUS_0x4cb3,0,30dpd_6mob,2023-09-01
CUS_0x4d16_2023_03_01,CUS_0x4d16,1,30dpd_6mob,2023-09-01
CUS_0x4d4d_2023_03_01,CUS_0x4d4d,0,30dpd_6mob,2023-09-01
CUS_0x4de7_2023_03_01,CUS_0x4de7,0,30dpd_6mob,2023-09-01
CUS_0x4e03_2023_03_01,CUS_0x4e03,1,30dpd_6mob,2023-09-01
CUS_0x4e11_2023_03_01,CUS_0x4e11,0,30dpd_6mob,2023-09-01
CUS_0x4e38_2023_03_01,CUS_0x4e38,0,30dpd_6mob,2023-09-01
CUS_0x4e6a_2023_03_01,CUS_0x4e6a,0,30dpd_6mob,2023-09-01
CUS_0x4f34_2023_03_01,CUS_0x4f34,1,30dpd_6mob,2023-09-01
CUS_0x4f72_2023_03_01,CUS_0x4f72,0,30dpd_6mob,2023-09-01
CUS_0x4fd4_2023_03_01,CUS_0x4fd4,1,30dpd_6mob,2023-09-01
CUS_0x5107_2023_03_01,CUS_0x5107,0,30dpd_6mob,2023-09-01
CUS_0x512e_2023_03_01,CUS_0x512e,0,30dpd_6mob,2023-09-01
CUS_0x513_2023_03_01,CUS_0x513,0,30dpd_6mob,2023-09-01
CUS_0x51b9_2023_03_01,CUS_0x51b9,1,30dpd_6mob,2023-09-01
CUS_0x5260_2023_03_01,CUS_0x5260,0,30dpd_6mob,2023-09-01
CUS_0x527c_2023_03_01,CUS_0x527c,0,30dpd_6mob,2023-09-01
CUS_0x52fb_2023_03_01,CUS_0x52fb,1,30dpd_6mob,2023-09-01
CUS_0x531a_2023_03_01,CUS_0x531a,0,30dpd_6mob,2023-09-01
CUS_0x5334_2023_03_01,CUS_0x5334,0,30dpd_6mob,2023-09-01
CUS_0x5342_2023_03_01,CUS_0x5342,1,30dpd_6mob,2023-09-01
CUS_0x536b_2023_03_01,CUS_0x536b,0,30dpd_6mob,2023-09-01
CUS_0x53c_2023_03_01,CUS_0x53c,0,30dpd_6mob,2023-09-01
CUS_0x53d6_2023_03_01,CUS_0x53d6,0,30dpd_6mob,2023-09-01
CUS_0x5471_2023_03_01,CUS_0x5471,0,30dpd_6mob,2023-09-01
CUS_0x5513_2023_03_01,CUS_0x5513,1,30dpd_6mob,2023-09-01
CUS_0x55b_2023_03_01,CUS_0x55b,0,30dpd_6mob,2023-09-01
CUS_0x55ed_2023_03_01,CUS_0x55ed,1,30dpd_6mob,2023-09-01
CUS_0x562a_2023_03_01,CUS_0x562a,1,30dpd_6mob,2023-09-01
CUS_0x563c_2023_03_01,CUS_0x563c,0,30dpd_6mob,2023-09-01
CUS_0x5654_2023_03_01,CUS_0x5654,1,30dpd_6mob,2023-09-01
CUS_0x5698_2023_03_01,CUS_0x5698,1,30dpd_6mob,2023-09-01
CUS_0x56f6_2023_03_01,CUS_0x56f6,0,30dpd_6mob,2023-09-01
CUS_0x57b2_2023_03_01,CUS_0x57b2,0,30dpd_6mob,2023-09-01
CUS_0x5810_2023_03_01,CUS_0x5810,0,30dpd_6mob,2023-09-01
CUS_0x5876_2023_03_01,CUS_0x5876,0,30dpd_6mob,2023-09-01
CUS_0x58e5_2023_03_01,CUS_0x58e5,0,30dpd_6mob,2023-09-01
CUS_0x59f1_2023_03_01,CUS_0x59f1,0,30dpd_6mob,2023-09-01
CUS_0x5b41_2023_03_01,CUS_0x5b41,0,30dpd_6mob,2023-09-01
CUS_0x5bf_2023_03_01,CUS_0x5bf,1,30dpd_6mob,2023-09-01
CUS_0x5c1c_2023_03_01,CUS_0x5c1c,1,30dpd_6mob,2023-09-01
CUS_0x5c60_2023_03_01,CUS_0x5c60,0,30dpd_6mob,2023-09-01
CUS_0x5cb5_2023_03_01,CUS_0x5cb5,0,30dpd_6mob,2023-09-01
CUS_0x5d05_2023_03_01,CUS_0x5d05,0,30dpd_6mob,2023-09-01
CUS_0x5d0f_2023_03_01,CUS_0x5d0f,0,30dpd_6mob,2023-09-01
CUS_0x5d5c_2023_03_01,CUS_0x5d5c,1,30dpd_6mob,2023-09-01
CUS_0x5e1f_2023_03_01,CUS_0x5e1f,0,30dpd_6mob,2023-09-01
CUS_0x5ed7_2023_03_01,CUS_0x5ed7,1,30dpd_6mob,2023-09-01
CUS_0x5ee5_2023_03_01,CUS_0x5ee5,0,30dpd_6mob,2023-09-01
CUS_0x5f21_2023_03_01,CUS_0x5f21,1,30dpd_6mob,2023-09-01
CUS_0x5f36_2023_03_01,CUS_0x5f36,0,30dpd_6mob,2023-09-01
CUS_0x5fd4_2023_03_01,CUS_0x5fd4,0,30dpd_6mob,2023-09-01
CUS_0x5ff4_2023_03_01,CUS_0x5ff4,0,30dpd_6mob,2023-09-01
CUS_0x6044_2023_03_01,CUS_0x6044,0,30dpd_6mob,2023-09-01
CUS_0x6057_2023_03_01,CUS_0x6057,0,30dpd_6mob,2023-09-01
CUS_0x60c2_2023_03_01,CUS_0x60c2,0,30dpd_6mob,2023-09-01
CUS_0x60f_2023_03_01,CUS_0x60f,0,30dpd_6mob,2023-09-01
CUS_0x62c8_2023_03_01,CUS_0x62c8,1,30dpd_6mob,2023-09-01
CUS_0x6318_2023_03_01,CUS_0x6318,1,30dpd_6mob,2023-09-01
CUS_0x6336_2023_03_01,CUS_0x6336,1,30dpd_6mob,2023-09-01
CUS_0x6345_2023_03_01,CUS_0x6345,1,30dpd_6mob,2023-09-01
CUS_0x6371_2023_03_01,CUS_0x6371,0,30dpd_6mob,2023-09-01
CUS_0x637b_2023_03_01,CUS_0x637b,1,30dpd_6mob,2023-09-01
CUS_0x63b4_2023_03_01,CUS_0x63b4,0,30dpd_6mob,2023-09-01
CUS_0x63c0_2023_03_01,CUS_0x63c0,1,30dpd_6mob,2023-09-01
CUS_0x6435_2023_03_01,CUS_0x6435,0,30dpd_6mob,2023-09-01
CUS_0x645e_2023_03_01,CUS_0x645e,1,30dpd_6mob,2023-09-01
CUS_0x64ae_2023_03_01,CUS_0x64ae,0,30dpd_6mob,2023-09-01
CUS_0x6570_2023_03_01,CUS_0x6570,0,30dpd_6mob,2023-09-01
CUS_0x657e_2023_03_01,CUS_0x657e,0,30dpd_6mob,2023-09-01
CUS_0x6582_2023_03_01,CUS_0x6582,1,30dpd_6mob,2023-09-01
CUS_0x65ae_2023_03_01,CUS_0x65ae,1,30dpd_6mob,2023-09-01
CUS_0x6611_2023_03_01,CUS_0x6611,0,30dpd_6mob,2023-09-01
CUS_0x6619_2023_03_01,CUS_0x6619,0,30dpd_6mob,2023-09-01
CUS_0x661f_2023_03_01,CUS_0x661f,0,30dpd_6mob,2023-09-01
CUS_0x6640_2023_03_01,CUS_0x6640,1,30dpd_6mob,2023-09-01
CUS_0x66d7_2023_03_01,CUS_0x66d7,0,30dpd_6mob,2023-09-01
CUS_0x6736_2023_03_01,CUS_0x6736,0,30dpd_6mob,2023-09-01
CUS_0x677f_2023_03_01,CUS_0x677f,1,30dpd_6mob,2023-09-01
CUS_0x67b1_2023_03_01,CUS_0x67b1,0,30dpd_6mob,2023-09-01
CUS_0x67c4_2023_03_01,CUS_0x67c4,0,30dpd_6mob,2023-09-01
CUS_0x67f9_2023_03_01,CUS_0x67f9,1,30dpd_6mob,2023-09-01
CUS_0x6817_2023_03_01,CUS_0x6817,0,30dpd_6mob,2023-09-01
CUS_0x68df_2023_03_01,CUS_0x68df,0,30dpd_6mob,2023-09-01
CUS_0x6926_2023_03_01,CUS_0x6926,0,30dpd_6mob,2023-09-01
CUS_0x6958_2023_03_01,CUS_0x6958,0,30dpd_6mob,2023-09-01
CUS_0x69df_2023_03_01,CUS_0x69df,0,30dpd_6mob,2023-09-01
CUS_0x6a68_2023_03_01,CUS_0x6a68,0,30dpd_6mob,2023-09-01
CUS_0x6ab0_2023_03_01,CUS_0x6ab0,0,30dpd_6mob,2023-09-01
CUS_0x6b0_2023_03_01,CUS_0x6b0,0,30dpd_6mob,2023-09-01
CUS_0x6b35_2023_03_01,CUS_0x6b35,1,30dpd_6mob,2023-09-01
CUS_0x6b45_2023_03_01,CUS_0x6b45,1,30dpd_6mob,2023-09-01
CUS_0x6b82_2023_03_01,CUS_0x6b82,1,30dpd_6mob,2023-09-01
CUS_0x6b8d_2023_03_01,CUS_0x6b8d,0,30dpd_6mob,2023-09-01
CUS_0x6bd8_2023_03_01,CUS_0x6bd8,0,30dpd_6mob,2023-09-01
CUS_0x6cf3_2023_03_01,CUS_0x6cf3,0,30dpd_6mob,2023-09-01
CUS_0x6d02_2023_03_01,CUS_0x6d02,0,30dpd_6mob,2023-09-01
CUS_0x6d55_2023_03_01,CUS_0x6d55,0,30dpd_6mob,2023-09-01
CUS_0x6dbb_2023_03_01,CUS_0x6dbb,0,30dpd_6mob,2023-09-01
CUS_0x6e8_2023_03_01,CUS_0x6e8,0,30dpd_6mob,2023-09-01
CUS_0x6e9_2023_03_01,CUS_0x6e9,0,30dpd_6mob,2023-09-01
CUS_0x6f09_2023_03_01,CUS_0x6f09,1,30dpd_6mob,2023-09-01
CUS_0x6f0c_2023_03_01,CUS_0x6f0c,0,30dpd_6mob,2023-09-01
CUS_0x6f4d_2023_03_01,CUS_0x6f4d,0,30dpd_6mob,2023-09-01
CUS_0x6f5c_2023_03_01,CUS_0x6f5c,0,30dpd_6mob,2023-09-01
CUS_0x6f62_2023_03_01,CUS_0x6f62,1,30dpd_6mob,2023-09-01
CUS_0x6f91_2023_03_01,CUS_0x6f91,1,30dpd_6mob,2023-09-01
CUS_0x6ff5_2023_03_01,CUS_0x6ff5,0,30dpd_6mob,2023-09-01
CUS_0x7033_2023_03_01,CUS_0x7033,0,30dpd_6mob,2023-09-01
CUS_0x70dc_2023_03_01,CUS_0x70dc,1,30dpd_6mob,2023-09-01
CUS_0x70f1_2023_03_01,CUS_0x70f1,0,30dpd_6mob,2023-09-01
CUS_0x7101_2023_03_01,CUS_0x7101,0,30dpd_6mob,2023-09-01
CUS_0x7168_2023_03_01,CUS_0x7168,0,30dpd_6mob,2023-09-01
CUS_0x71da_2023_03_01,CUS_0x71da,0,30dpd_6mob,2023-09-01
CUS_0x721f_2023_03_01,CUS_0x721f,1,30dpd_6mob,2023-09-01
CUS_0x7225_2023_03_01,CUS_0x7225,0,30dpd_6mob,2023-09-01
CUS_0x72b7_2023_03_01,CUS_0x72b7,0,30dpd_6mob,2023-09-01
CUS_0x72f3_2023_03_01,CUS_0x72f3,0,30dpd_6mob,2023-09-01
CUS_0x7348_2023_03_01,CUS_0x7348,0,30dpd_6mob,2023-09-01
CUS_0x7351_2023_03_01,CUS_0x7351,0,30dpd_6mob,2023-09-01
CUS_0x7394_2023_03_01,CUS_0x7394,0,30dpd_6mob,2023-09-01
CUS_0x73e6_2023_03_01,CUS_0x73e6,0,30dpd_6mob,2023-09-01
CUS_0x74f2_2023_03_01,CUS_0x74f2,0,30dpd_6mob,2023-09-01
CUS_0x7517_2023_03_01,CUS_0x7517,1,30dpd_6mob,2023-09-01
CUS_0x75fd_2023_03_01,CUS_0x75fd,0,30dpd_6mob,2023-09-01
CUS_0x763c_2023_03_01,CUS_0x763c,0,30dpd_6mob,2023-09-01
CUS_0x76c1_2023_03_01,CUS_0x76c1,0,30dpd_6mob,2023-09-01
CUS_0x7721_2023_03_01,CUS_0x7721,1,30dpd_6mob,2023-09-01
CUS_0x77d1_2023_03_01,CUS_0x77d1,1,30dpd_6mob,2023-09-01
CUS_0x785f_2023_03_01,CUS_0x785f,0,30dpd_6mob,2023-09-01
CUS_0x7869_2023_03_01,CUS_0x7869,0,30dpd_6mob,2023-09-01
CUS_0x7884_2023_03_01,CUS_0x7884,1,30dpd_6mob,2023-09-01
CUS_0x78ab_2023_03_01,CUS_0x78ab,0,30dpd_6mob,2023-09-01
CUS_0x78f_2023_03_01,CUS_0x78f,0,30dpd_6mob,2023-09-01
CUS_0x78f8_2023_03_01,CUS_0x78f8,0,30dpd_6mob,2023-09-01
CUS_0x7a0a_2023_03_01,CUS_0x7a0a,0,30dpd_6mob,2023-09-01
CUS_0x7bad_2023_03_01,CUS_0x7bad,0,30dpd_6mob,2023-09-01
CUS_0x7c06_2023_03_01,CUS_0x7c06,0,30dpd_6mob,2023-09-01
CUS_0x7c97_2023_03_01,CUS_0x7c97,1,30dpd_6mob,2023-09-01
CUS_0x7d04_2023_03_01,CUS_0x7d04,0,30dpd_6mob,2023-09-01
CUS_0x7d18_2023_03_01,CUS_0x7d18,0,30dpd_6mob,2023-09-01
CUS_0x7d64_2023_03_01,CUS_0x7d64,0,30dpd_6mob,2023-09-01
CUS_0x7d65_2023_03_01,CUS_0x7d65,0,30dpd_6mob,2023-09-01
CUS_0x7dd5_2023_03_01,CUS_0x7dd5,0,30dpd_6mob,2023-09-01
CUS_0x8004_2023_03_01,CUS_0x8004,0,30dpd_6mob,2023-09-01
CUS_0x802_2023_03_01,CUS_0x802,1,30dpd_6mob,2023-09-01
CUS_0x8036_2023_03_01,CUS_0x8036,0,30dpd_6mob,2023-09-01
CUS_0x80e2_2023_03_01,CUS_0x80e2,0,30dpd_6mob,2023-09-01
CUS_0x812d_2023_03_01,CUS_0x812d,1,30dpd_6mob,2023-09-01
CUS_0x81b9_2023_03_01,CUS_0x81b9,1,30dpd_6mob,2023-09-01
CUS_0x8225_2023_03_01,CUS_0x8225,0,30dpd_6mob,2023-09-01
CUS_0x8237_2023_03_01,CUS_0x8237,0,30dpd_6mob,2023-09-01
CUS_0x828f_2023_03_01,CUS_0x828f,1,30dpd_6mob,2023-09-01
CUS_0x82c4_2023_03_01,CUS_0x82c4,1,30dpd_6mob,2023-09-01
CUS_0x82fc_2023_03_01,CUS_0x82fc,0,30dpd_6mob,2023-09-01
CUS_0x8327_2023_03_01,CUS_0x8327,0,30dpd_6mob,2023-09-01
CUS_0x838c_2023_03_01,CUS_0x838c,1,30dpd_6mob,2023-09-01
CUS_0x83f5_2023_03_01,CUS_0x83f5,1,30dpd_6mob,2023-09-01
CUS_0x843d_2023_03_01,CUS_0x843d,0,30dpd_6mob,2023-09-01
CUS_0x850b_2023_03_01,CUS_0x850b,0,30dpd_6mob,2023-09-01
CUS_0x8526_2023_03_01,CUS_0x8526,0,30dpd_6mob,2023-09-01
CUS_0x861a_2023_03_01,CUS_0x861a,0,30dpd_6mob,2023-09-01
CUS_0x8647_2023_03_01,CUS_0x8647,0,30dpd_6mob,2023-09-01
CUS_0x867f_2023_03_01,CUS_0x867f,1,30dpd_6mob,2023-09-01
CUS_0x86a7_2023_03_01,CUS_0x86a7,0,30dpd_6mob,2023-09-01
CUS_0x86ce_2023_03_01,CUS_0x86ce,1,30dpd_6mob,2023-09-01
CUS_0x86dd_2023_03_01,CUS_0x86dd,1,30dpd_6mob,2023-09-01
CUS_0x86e_2023_03_01,CUS_0x86e,1,30dpd_6mob,2023-09-01
CUS_0x86fa_2023_03_01,CUS_0x86fa,0,30dpd_6mob,2023-09-01
CUS_0x8727_2023_03_01,CUS_0x8727,0,30dpd_6mob,2023-09-01
CUS_0x8788_2023_03_01,CUS_0x8788,0,30dpd_6mob,2023-09-01
CUS_0x8798_2023_03_01,CUS_0x8798,0,30dpd_6mob,2023-09-01
CUS_0x87d5_2023_03_01,CUS_0x87d5,0,30dpd_6mob,2023-09-01
CUS_0x87ec_2023_03_01,CUS_0x87ec,0,30dpd_6mob,2023-09-01
CUS_0x8898_2023_03_01,CUS_0x8898,0,30dpd_6mob,2023-09-01
CUS_0x8924_2023_03_01,CUS_0x8924,0,30dpd_6mob,2023-09-01
CUS_0x8a03_2023_03_01,CUS_0x8a03,0,30dpd_6mob,2023-09-01
CUS_0x8b02_2023_03_01,CUS_0x8b02,1,30dpd_6mob,2023-09-01
CUS_0x8bf5_2023_03_01,CUS_0x8bf5,0,30dpd_6mob,2023-09-01
CUS_0x8d2_2023_03_01,CUS_0x8d2,0,30dpd_6mob,2023-09-01
CUS_0x8d56_2023_03_01,CUS_0x8d56,0,30dpd_6mob,2023-09-01
CUS_0x8d6e_2023_03_01,CUS_0x8d6e,0,30dpd_6mob,2023-09-01
CUS_0x8dc6_2023_03_01,CUS_0x8dc6,0,30dpd_6mob,2023-09-01
CUS_0x8df0_2023_03_01,CUS_0x8df0,1,30dpd_6mob,2023-09-01
CUS_0x8e5b_2023_03_01,CUS_0x8e5b,1,30dpd_6mob,2023-09-01
CUS_0x8e93_2023_03_01,CUS_0x8e93,1,30dpd_6mob,2023-09-01
CUS_0x8fa8_2023_03_01,CUS_0x8fa8,0,30dpd_6mob,2023-09-01
CUS_0x9123_2023_03_01,CUS_0x9123,0,30dpd_6mob,2023-09-01
CUS_0x9178_2023_03_01,CUS_0x9178,0,30dpd_6mob,2023-09-01
CUS_0x9215_2023_03_01,CUS_0x9215,0,30dpd_6mob,2023-09-01
CUS_0x925f_2023_03_01,CUS_0x925f,1,30dpd_6mob,2023-09-01
CUS_0x9288_2023_03_01,CUS_0x9288,0,30dpd_6mob,2023-09-01
CUS_0x931c_2023_03_01,CUS_0x931c,0,30dpd_6mob,2023-09-01
CUS_0x9394_2023_03_01,CUS_0x9394,0,30dpd_6mob,2023-09-01
CUS_0x9428_2023_03_01,CUS_0x9428,1,30dpd_6mob,2023-09-01
CUS_0x942c_2023_03_01,CUS_0x942c,1,30dpd_6mob,2023-09-01
CUS_0x9510_2023_03_01,CUS_0x9510,0,30dpd_6mob,2023-09-01
CUS_0x9587_2023_03_01,CUS_0x9587,0,30dpd_6mob,2023-09-01
CUS_0x9614_2023_03_01,CUS_0x9614,1,30dpd_6mob,2023-09-01
CUS_0x9657_2023_03_01,CUS_0x9657,1,30dpd_6mob,2023-09-01
CUS_0x96e7_2023_03_01,CUS_0x96e7,0,30dpd_6mob,2023-09-01
CUS_0x97f8_2023_03_01,CUS_0x97f8,0,30dpd_6mob,2023-09-01
CUS_0x988d_2023_03_01,CUS_0x988d,1,30dpd_6mob,2023-09-01
CUS_0x98ba_2023_03_01,CUS_0x98ba,0,30dpd_6mob,2023-09-01
CUS_0x98d4_2023_03_01,CUS_0x98d4,0,30dpd_6mob,2023-09-01
CUS_0x9944_2023_03_01,CUS_0x9944,1,30dpd_6mob,2023-09-01
CUS_0x9951_2023_03_01,CUS_0x9951,0,30dpd_6mob,2023-09-01
CUS_0x9953_2023_03_01,CUS_0x9953,1,30dpd_6mob,2023-09-01
CUS_0x99b8_2023_03_01,CUS_0x99b8,0,30dpd_6mob,2023-09-01
CUS_0x9a42_2023_03_01,CUS_0x9a42,1,30dpd_6mob,2023-09-01
CUS_0x9a88_2023_03_01,CUS_0x9a88,1,30dpd_6mob,2023-09-01
CUS_0x9ab3_2023_03_01,CUS_0x9ab3,1,30dpd_6mob,2023-09-01
CUS_0x9ae3_2023_03_01,CUS_0x9ae3,0,30dpd_6mob,2023-09-01
CUS_0x9b20_2023_03_01,CUS_0x9b20,1,30dpd_6mob,2023-09-01
CUS_0x9bbc_2023_03_01,CUS_0x9bbc,0,30dpd_6mob,2023-09-01
CUS_0x9bda_2023_03_01,CUS_0x9bda,0,30dpd_6mob,2023-09-01
CUS_0x9c71_2023_03_01,CUS_0x9c71,0,30dpd_6mob,2023-09-01
CUS_0x9c95_2023_03_01,CUS_0x9c95,0,30dpd_6mob,2023-09-01
CUS_0x9ce7_2023_03_01,CUS_0x9ce7,0,30dpd_6mob,2023-09-01
CUS_0x9d83_2023_03_01,CUS_0x9d83,1,30dpd_6mob,2023-09-01
CUS_0x9dee_2023_03_01,CUS_0x9dee,1,30dpd_6mob,2023-09-01
CUS_0x9e18_2023_03_01,CUS_0x9e18,0,30dpd_6mob,2023-09-01
CUS_0x9e3_2023_03_01,CUS_0x9e3,1,30dpd_6mob,2023-09-01
CUS_0x9e5b_2023_03_01,CUS_0x9e5b,0,30dpd_6mob,2023-09-01
CUS_0x9eb9_2023_03_01,CUS_0x9eb9,1,30dpd_6mob,2023-09-01
CUS_0x9ec9_2023_03_01,CUS_0x9ec9,0,30dpd_6mob,2023-09-01
CUS_0x9ed8_2023_03_01,CUS_0x9ed8,0,30dpd_6mob,2023-09-01
CUS_0x9eef_2023_03_01,CUS_0x9eef,0,30dpd_6mob,2023-09-01
CUS_0x9f77_2023_03_01,CUS_0x9f77,0,30dpd_6mob,2023-09-01
CUS_0x9f95_2023_03_01,CUS_0x9f95,0,30dpd_6mob,2023-09-01
CUS_0x9fd7_2023_03_01,CUS_0x9fd7,0,30dpd_6mob,2023-09-01
CUS_0xa001_2023_03_01,CUS_0xa001,1,30dpd_6mob,2023-09-01
CUS_0xa009_2023_03_01,CUS_0xa009,0,30dpd_6mob,2023-09-01
CUS_0xa08e_2023_03_01,CUS_0xa08e,0,30dpd_6mob,2023-09-01
CUS_0xa095_2023_03_01,CUS_0xa095,1,30dpd_6mob,2023-09-01
CUS_0xa0b_2023_03_01,CUS_0xa0b,1,30dpd_6mob,2023-09-01
CUS_0xa0ba_2023_03_01,CUS_0xa0ba,0,30dpd_6mob,2023-09-01
CUS_0xa0dc_2023_03_01,CUS_0xa0dc,0,30dpd_6mob,2023-09-01
CUS_0xa0ea_2023_03_01,CUS_0xa0ea,0,30dpd_6mob,2023-09-01
CUS_0xa0ff_2023_03_01,CUS_0xa0ff,1,30dpd_6mob,2023-09-01
CUS_0xa160_2023_03_01,CUS_0xa160,1,30dpd_6mob,2023-09-01
CUS_0xa212_2023_03_01,CUS_0xa212,0,30dpd_6mob,2023-09-01
CUS_0xa22a_2023_03_01,CUS_0xa22a,0,30dpd_6mob,2023-09-01
CUS_0xa2c5_2023_03_01,CUS_0xa2c5,0,30dpd_6mob,2023-09-01
CUS_0xa2d7_2023_03_01,CUS_0xa2d7,0,30dpd_6mob,2023-09-01
CUS_0xa303_2023_03_01,CUS_0xa303,1,30dpd_6mob,2023-09-01
CUS_0xa3b8_2023_03_01,CUS_0xa3b8,0,30dpd_6mob,2023-09-01
CUS_0xa442_2023_03_01,CUS_0xa442,0,30dpd_6mob,2023-09-01
CUS_0xa479_2023_03_01,CUS_0xa479,0,30dpd_6mob,2023-09-01
CUS_0xa4d0_2023_03_01,CUS_0xa4d0,0,30dpd_6mob,2023-09-01
CUS_0xa4e0_2023_03_01,CUS_0xa4e0,0,30dpd_6mob,2023-09-01
CUS_0xa4e9_2023_03_01,CUS_0xa4e9,0,30dpd_6mob,2023-09-01
CUS_0xa4f6_2023_03_01,CUS_0xa4f6,0,30dpd_6mob,2023-09-01
CUS_0xa59_2023_03_01,CUS_0xa59,1,30dpd_6mob,2023-09-01
CUS_0xa59d_2023_03_01,CUS_0xa59d,1,30dpd_6mob,2023-09-01
CUS_0xa610_2023_03_01,CUS_0xa610,0,30dpd_6mob,2023-09-01
CUS_0xa62f_2023_03_01,CUS_0xa62f,0,30dpd_6mob,2023-09-01
CUS_0xa6dc_2023_03_01,CUS_0xa6dc,1,30dpd_6mob,2023-09-01
CUS_0xa70f_2023_03_01,CUS_0xa70f,1,30dpd_6mob,2023-09-01
CUS_0xa7f3_2023_03_01,CUS_0xa7f3,0,30dpd_6mob,2023-09-01
CUS_0xa86_2023_03_01,CUS_0xa86,0,30dpd_6mob,2023-09-01
CUS_0xa861_2023_03_01,CUS_0xa861,0,30dpd_6mob,2023-09-01
CUS_0xa88c_2023_03_01,CUS_0xa88c,0,30dpd_6mob,2023-09-01
CUS_0xa9a8_2023_03_01,CUS_0xa9a8,1,30dpd_6mob,2023-09-01
CUS_0xa9b4_2023_03_01,CUS_0xa9b4,1,30dpd_6mob,2023-09-01
CUS_0xa9e_2023_03_01,CUS_0xa9e,0,30dpd_6mob,2023-09-01
CUS_0xaa0d_2023_03_01,CUS_0xaa0d,0,30dpd_6mob,2023-09-01
CUS_0xaa62_2023_03_01,CUS_0xaa62,0,30dpd_6mob,2023-09-01
CUS_0xab43_2023_03_01,CUS_0xab43,1,30dpd_6mob,2023-09-01
CUS_0xabbd_2023_03_01,CUS_0xabbd,1,30dpd_6mob,2023-09-01
CUS_0xabf6_2023_03_01,CUS_0xabf6,0,30dpd_6mob,2023-09-01
CUS_0xac5c_2023_03_01,CUS_0xac5c,1,30dpd_6mob,2023-09-01
CUS_0xac95_2023_03_01,CUS_0xac95,0,30dpd_6mob,2023-09-01
CUS_0xacd4_2023_03_01,CUS_0xacd4,1,30dpd_6mob,2023-09-01
CUS_0xad7e_2023_03_01,CUS_0xad7e,0,30dpd_6mob,2023-09-01
CUS_0xad87_2023_03_01,CUS_0xad87,1,30dpd_6mob,2023-09-01
CUS_0xae2e_2023_03_01,CUS_0xae2e,0,30dpd_6mob,2023-09-01
CUS_0xae47_2023_03_01,CUS_0xae47,1,30dpd_6mob,2023-09-01
CUS_0xaed2_2023_03_01,CUS_0xaed2,1,30dpd_6mob,2023-09-01
CUS_0xaef8_2023_03_01,CUS_0xaef8,1,30dpd_6mob,2023-09-01
CUS_0xafda_2023_03_01,CUS_0xafda,0,30dpd_6mob,2023-09-01
CUS_0xb029_2023_03_01,CUS_0xb029,0,30dpd_6mob,2023-09-01
CUS_0xb031_2023_03_01,CUS_0xb031,0,30dpd_6mob,2023-09-01
CUS_0xb07d_2023_03_01,CUS_0xb07d,1,30dpd_6mob,2023-09-01
CUS_0xb130_2023_03_01,CUS_0xb130,0,30dpd_6mob,2023-09-01
CUS_0xb153_2023_03_01,CUS_0xb153,1,30dpd_6mob,2023-09-01
CUS_0xb1a0_2023_03_01,CUS_0xb1a0,0,30dpd_6mob,2023-09-01
CUS_0xb1ca_2023_03_01,CUS_0xb1ca,1,30dpd_6mob,2023-09-01
CUS_0xb1f6_2023_03_01,CUS_0xb1f6,0,30dpd_6mob,2023-09-01
CUS_0xb2a9_2023_03_01,CUS_0xb2a9,1,30dpd_6mob,2023-09-01
CUS_0xb378_2023_03_01,CUS_0xb378,0,30dpd_6mob,2023-09-01
CUS_0xb3aa_2023_03_01,CUS_0xb3aa,0,30dpd_6mob,2023-09-01
CUS_0xb462_2023_03_01,CUS_0xb462,0,30dpd_6mob,2023-09-01
CUS_0xb471_2023_03_01,CUS_0xb471,1,30dpd_6mob,2023-09-01
CUS_0xb508_2023_03_01,CUS_0xb508,1,30dpd_6mob,2023-09-01
CUS_0xb538_2023_03_01,CUS_0xb538,0,30dpd_6mob,2023-09-01
CUS_0xb5d7_2023_03_01,CUS_0xb5d7,0,30dpd_6mob,2023-09-01
CUS_0xb5ff_2023_03_01,CUS_0xb5ff,0,30dpd_6mob,2023-09-01
CUS_0xb634_2023_03_01,CUS_0xb634,1,30dpd_6mob,2023-09-01
CUS_0xb645_2023_03_01,CUS_0xb645,0,30dpd_6mob,2023-09-01
CUS_0xb689_2023_03_01,CUS_0xb689,0,30dpd_6mob,2023-09-01
CUS_0xb6b1_2023_03_01,CUS_0xb6b1,0,30dpd_6mob,2023-09-01
CUS_0xb704_2023_03_01,CUS_0xb704,0,30dpd_6mob,2023-09-01
CUS_0xb74c_2023_03_01,CUS_0xb74c,1,30dpd_6mob,2023-09-01
CUS_0xb793_2023_03_01,CUS_0xb793,1,30dpd_6mob,2023-09-01
CUS_0xb7f1_2023_03_01,CUS_0xb7f1,1,30dpd_6mob,2023-09-01
CUS_0xb804_2023_03_01,CUS_0xb804,0,30dpd_6mob,2023-09-01
CUS_0xb891_2023_03_01,CUS_0xb891,0,30dpd_6mob,2023-09-01
CUS_0xb8d4_2023_03_01,CUS_0xb8d4,0,30dpd_6mob,2023-09-01
CUS_0xb9c9_2023_03_01,CUS_0xb9c9,1,30dpd_6mob,2023-09-01
CUS_0xb9ef_2023_03_01,CUS_0xb9ef,0,30dpd_6mob,2023-09-01
CUS_0xba03_2023_03_01,CUS_0xba03,0,30dpd_6mob,2023-09-01
CUS_0xba92_2023_03_01,CUS_0xba92,0,30dpd_6mob,2023-09-01
CUS_0xbaab_2023_03_01,CUS_0xbaab,0,30dpd_6mob,2023-09-01
CUS_0xbab1_2023_03_01,CUS_0xbab1,0,30dpd_6mob,2023-09-01
CUS_0xbb7_2023_03_01,CUS_0xbb7,0,30dpd_6mob,2023-09-01
CUS_0xbccb_2023_03_01,CUS_0xbccb,1,30dpd_6mob,2023-09-01
CUS_0xbd4b_2023_03_01,CUS_0xbd4b,0,30dpd_6mob,2023-09-01
CUS_0xbeb8_2023_03_01,CUS_0xbeb8,1,30dpd_6mob,2023-09-01
CUS_0xbf82_2023_03_01,CUS_0xbf82,0,30dpd_6mob,2023-09-01
CUS_0xbfd_2023_03_01,CUS_0xbfd,0,30dpd_6mob,2023-09-01
CUS_0xbfe7_2023_03_01,CUS_0xbfe7,0,30dpd_6mob,2023-09-01
CUS_0xc065_2023_03_01,CUS_0xc065,0,30dpd_6mob,2023-09-01
CUS_0xc14e_2023_03_01,CUS_0xc14e,1,30dpd_6mob,2023-09-01
CUS_0xc190_2023_03_01,CUS_0xc190,1,30dpd_6mob,2023-09-01
CUS_0xc492_2023_03_01,CUS_0xc492,0,30dpd_6mob,2023-09-01
CUS_0xc4ee_2023_03_01,CUS_0xc4ee,0,30dpd_6mob,2023-09-01
CUS_0xc570_2023_03_01,CUS_0xc570,0,30dpd_6mob,2023-09-01
CUS_0xc58_2023_03_01,CUS_0xc58,0,30dpd_6mob,2023-09-01
CUS_0xc5a0_2023_03_01,CUS_0xc5a0,0,30dpd_6mob,2023-09-01
CUS_0xc683_2023_03_01,CUS_0xc683,0,30dpd_6mob,2023-09-01
CUS_0xc81_2023_03_01,CUS_0xc81,0,30dpd_6mob,2023-09-01
CUS_0xcf8_2023_03_01,CUS_0xcf8,1,30dpd_6mob,2023-09-01
CUS_0xd66_2023_03_01,CUS_0xd66,0,30dpd_6mob,2023-09-01
CUS_0xdcc_2023_03_01,CUS_0xdcc,1,30dpd_6mob,2023-09-01
CUS_0xe3b_2023_03_01,CUS_0xe3b,1,30dpd_6mob,2023-09-01
CUS_0xebc_2023_03_01,CUS_0xebc,1,30dpd_6mob,2023-09-01
CUS_0xf16_2023_03_01,CUS_0xf16,0,30dpd_6mob,2023-09-01
CUS_0xf21_2023_03_01,CUS_0xf21,0,30dpd_6mob,2023-09-01
CUS_0xf4d_2023_03_01,CUS_0xf4d,0,30dpd_6mob,2023-09-01
CUS_0xfa7_2023_03_01,CUS_0xfa7,0,30dpd_6mob,2023-09-01
CUS_0xfac_2023_03_01,CUS_0xfac,0,30dpd_6mob,2023-09-01
CUS_0xfae_2023_03_01,CUS_0xfae,1,30dpd_6mob,2023-09-01
CUS_0x10aa_2023_02_01,CUS_0x10aa,0,30dpd_6mob,2023-08-01
CUS_0x113e_2023_02_01,CUS_0x113e,1,30dpd_6mob,2023-08-01
CUS_0x1140_2023_02_01,CUS_0x1140,0,30dpd_6mob,2023-08-01
CUS_0x1155_2023_02_01,CUS_0x1155,0,30dpd_6mob,2023-08-01
CUS_0x1252_2023_02_01,CUS_0x1252,0,30dpd_6mob,2023-08-01
CUS_0x129b_2023_02_01,CUS_0x129b,0,30dpd_6mob,2023-08-01
CUS_0x12a6_2023_02_01,CUS_0x12a6,1,30dpd_6mob,2023-08-01
CUS_0x135c_2023_02_01,CUS_0x135c,0,30dpd_6mob,2023-08-01
CUS_0x1452_2023_02_01,CUS_0x1452,1,30dpd_6mob,2023-08-01
CUS_0x14d5_2023_02_01,CUS_0x14d5,0,30dpd_6mob,2023-08-01
CUS_0x15b7_2023_02_01,CUS_0x15b7,1,30dpd_6mob,2023-08-01
CUS_0x160a_2023_02_01,CUS_0x160a,0,30dpd_6mob,2023-08-01
CUS_0x164a_2023_02_01,CUS_0x164a,0,30dpd_6mob,2023-08-01
CUS_0x16a4_2023_02_01,CUS_0x16a4,1,30dpd_6mob,2023-08-01
CUS_0x17bb_2023_02_01,CUS_0x17bb,1,30dpd_6mob,2023-08-01
CUS_0x185e_2023_02_01,CUS_0x185e,1,30dpd_6mob,2023-08-01
CUS_0x1881_2023_02_01,CUS_0x1881,1,30dpd_6mob,2023-08-01
CUS_0x1899_2023_02_01,CUS_0x1899,1,30dpd_6mob,2023-08-01
CUS_0x18ac_2023_02_01,CUS_0x18ac,1,30dpd_6mob,2023-08-01
CUS_0x18d7_2023_02_01,CUS_0x18d7,0,30dpd_6mob,2023-08-01
CUS_0x1902_2023_02_01,CUS_0x1902,0,30dpd_6mob,2023-08-01
CUS_0x191b_2023_02_01,CUS_0x191b,1,30dpd_6mob,2023-08-01
CUS_0x1934_2023_02_01,CUS_0x1934,1,30dpd_6mob,2023-08-01
CUS_0x1993_2023_02_01,CUS_0x1993,0,30dpd_6mob,2023-08-01
CUS_0x19a8_2023_02_01,CUS_0x19a8,0,30dpd_6mob,2023-08-01
CUS_0x1a18_2023_02_01,CUS_0x1a18,0,30dpd_6mob,2023-08-01
CUS_0x1b9a_2023_02_01,CUS_0x1b9a,0,30dpd_6mob,2023-08-01
CUS_0x1c47_2023_02_01,CUS_0x1c47,0,30dpd_6mob,2023-08-01
CUS_0x1c61_2023_02_01,CUS_0x1c61,0,30dpd_6mob,2023-08-01
CUS_0x1dbd_2023_02_01,CUS_0x1dbd,1,30dpd_6mob,2023-08-01
CUS_0x1de6_2023_02_01,CUS_0x1de6,1,30dpd_6mob,2023-08-01
CUS_0x1e5e_2023_02_01,CUS_0x1e5e,0,30dpd_6mob,2023-08-01
CUS_0x1ef7_2023_02_01,CUS_0x1ef7,1,30dpd_6mob,2023-08-01
CUS_0x1eff_2023_02_01,CUS_0x1eff,0,30dpd_6mob,2023-08-01
CUS_0x1f3d_2023_02_01,CUS_0x1f3d,0,30dpd_6mob,2023-08-01
CUS_0x204a_2023_02_01,CUS_0x204a,0,30dpd_6mob,2023-08-01
CUS_0x2108_2023_02_01,CUS_0x2108,1,30dpd_6mob,2023-08-01
CUS_0x2168_2023_02_01,CUS_0x2168,0,30dpd_6mob,2023-08-01
CUS_0x2171_2023_02_01,CUS_0x2171,0,30dpd_6mob,2023-08-01
CUS_0x2174_2023_02_01,CUS_0x2174,0,30dpd_6mob,2023-08-01
CUS_0x21b6_2023_02_01,CUS_0x21b6,0,30dpd_6mob,2023-08-01
CUS_0x2216_2023_02_01,CUS_0x2216,0,30dpd_6mob,2023-08-01
CUS_0x2218_2023_02_01,CUS_0x2218,0,30dpd_6mob,2023-08-01
CUS_0x227e_2023_02_01,CUS_0x227e,0,30dpd_6mob,2023-08-01
CUS_0x229f_2023_02_01,CUS_0x229f,1,30dpd_6mob,2023-08-01
CUS_0x22bc_2023_02_01,CUS_0x22bc,1,30dpd_6mob,2023-08-01
CUS_0x2344_2023_02_01,CUS_0x2344,1,30dpd_6mob,2023-08-01
CUS_0x2363_2023_02_01,CUS_0x2363,1,30dpd_6mob,2023-08-01
CUS_0x236b_2023_02_01,CUS_0x236b,0,30dpd_6mob,2023-08-01
CUS_0x23c5_2023_02_01,CUS_0x23c5,0,30dpd_6mob,2023-08-01
CUS_0x24b2_2023_02_01,CUS_0x24b2,0,30dpd_6mob,2023-08-01
CUS_0x24d7_2023_02_01,CUS_0x24d7,0,30dpd_6mob,2023-08-01
CUS_0x25d8_2023_02_01,CUS_0x25d8,1,30dpd_6mob,2023-08-01
CUS_0x2602_2023_02_01,CUS_0x2602,0,30dpd_6mob,2023-08-01
CUS_0x2694_2023_02_01,CUS_0x2694,1,30dpd_6mob,2023-08-01
CUS_0x269b_2023_02_01,CUS_0x269b,1,30dpd_6mob,2023-08-01
CUS_0x269f_2023_02_01,CUS_0x269f,1,30dpd_6mob,2023-08-01
CUS_0x26e3_2023_02_01,CUS_0x26e3,0,30dpd_6mob,2023-08-01
CUS_0x26f8_2023_02_01,CUS_0x26f8,1,30dpd_6mob,2023-08-01
CUS_0x2742_2023_02_01,CUS_0x2742,1,30dpd_6mob,2023-08-01
CUS_0x27ae_2023_02_01,CUS_0x27ae,0,30dpd_6mob,2023-08-01
CUS_0x284f_2023_02_01,CUS_0x284f,0,30dpd_6mob,2023-08-01
CUS_0x287f_2023_02_01,CUS_0x287f,0,30dpd_6mob,2023-08-01
CUS_0x2951_2023_02_01,CUS_0x2951,0,30dpd_6mob,2023-08-01
CUS_0x2985_2023_02_01,CUS_0x2985,0,30dpd_6mob,2023-08-01
CUS_0x2a79_2023_02_01,CUS_0x2a79,0,30dpd_6mob,2023-08-01
CUS_0x2b3c_2023_02_01,CUS_0x2b3c,0,30dpd_6mob,2023-08-01
CUS_0x2bc8_2023_02_01,CUS_0x2bc8,0,30dpd_6mob,2023-08-01
CUS_0x2bc9_2023_02_01,CUS_0x2bc9,1,30dpd_6mob,2023-08-01
CUS_0x2bcb_2023_02_01,CUS_0x2bcb,0,30dpd_6mob,2023-08-01
CUS_0x2bfb_2023_02_01,CUS_0x2bfb,1,30dpd_6mob,2023-08-01
CUS_0x2cad_2023_02_01,CUS_0x2cad,0,30dpd_6mob,2023-08-01
CUS_0x2cc2_2023_02_01,CUS_0x2cc2,1,30dpd_6mob,2023-08-01
CUS_0x2d1e_2023_02_01,CUS_0x2d1e,0,30dpd_6mob,2023-08-01
CUS_0x2dbf_2023_02_01,CUS_0x2dbf,0,30dpd_6mob,2023-08-01
CUS_0x2dc0_2023_02_01,CUS_0x2dc0,1,30dpd_6mob,2023-08-01
CUS_0x2de3_2023_02_01,CUS_0x2de3,0,30dpd_6mob,2023-08-01
CUS_0x2e6e_2023_02_01,CUS_0x2e6e,1,30dpd_6mob,2023-08-01
CUS_0x2ed5_2023_02_01,CUS_0x2ed5,1,30dpd_6mob,2023-08-01
CUS_0x3033_2023_02_01,CUS_0x3033,0,30dpd_6mob,2023-08-01
CUS_0x3053_2023_02_01,CUS_0x3053,0,30dpd_6mob,2023-08-01
CUS_0x3061_2023_02_01,CUS_0x3061,0,30dpd_6mob,2023-08-01
CUS_0x30df_2023_02_01,CUS_0x30df,0,30dpd_6mob,2023-08-01
CUS_0x316e_2023_02_01,CUS_0x316e,1,30dpd_6mob,2023-08-01
CUS_0x3295_2023_02_01,CUS_0x3295,0,30dpd_6mob,2023-08-01
CUS_0x32dc_2023_02_01,CUS_0x32dc,0,30dpd_6mob,2023-08-01
CUS_0x32fb_2023_02_01,CUS_0x32fb,0,30dpd_6mob,2023-08-01
CUS_0x3393_2023_02_01,CUS_0x3393,0,30dpd_6mob,2023-08-01
CUS_0x33aa_2023_02_01,CUS_0x33aa,1,30dpd_6mob,2023-08-01
CUS_0x33de_2023_02_01,CUS_0x33de,0,30dpd_6mob,2023-08-01
CUS_0x33f9_2023_02_01,CUS_0x33f9,0,30dpd_6mob,2023-08-01
CUS_0x343d_2023_02_01,CUS_0x343d,0,30dpd_6mob,2023-08-01
CUS_0x34e9_2023_02_01,CUS_0x34e9,1,30dpd_6mob,2023-08-01
CUS_0x351f_2023_02_01,CUS_0x351f,0,30dpd_6mob,2023-08-01
CUS_0x353a_2023_02_01,CUS_0x353a,1,30dpd_6mob,2023-08-01
CUS_0x355c_2023_02_01,CUS_0x355c,0,30dpd_6mob,2023-08-01
CUS_0x365b_2023_02_01,CUS_0x365b,1,30dpd_6mob,2023-08-01
CUS_0x36a2_2023_02_01,CUS_0x36a2,0,30dpd_6mob,2023-08-01
CUS_0x3713_2023_02_01,CUS_0x3713,0,30dpd_6mob,2023-08-01
CUS_0x377b_2023_02_01,CUS_0x377b,0,30dpd_6mob,2023-08-01
CUS_0x37cd_2023_02_01,CUS_0x37cd,1,30dpd_6mob,2023-08-01
CUS_0x382f_2023_02_01,CUS_0x382f,1,30dpd_6mob,2023-08-01
CUS_0x38b0_2023_02_01,CUS_0x38b0,0,30dpd_6mob,2023-08-01
CUS_0x38e1_2023_02_01,CUS_0x38e1,0,30dpd_6mob,2023-08-01
CUS_0x3912_2023_02_01,CUS_0x3912,0,30dpd_6mob,2023-08-01
CUS_0x3925_2023_02_01,CUS_0x3925,0,30dpd_6mob,2023-08-01
CUS_0x3a28_2023_02_01,CUS_0x3a28,0,30dpd_6mob,2023-08-01
CUS_0x3a38_2023_02_01,CUS_0x3a38,1,30dpd_6mob,2023-08-01
CUS_0x3a40_2023_02_01,CUS_0x3a40,0,30dpd_6mob,2023-08-01
CUS_0x3a55_2023_02_01,CUS_0x3a55,0,30dpd_6mob,2023-08-01
CUS_0x3a7e_2023_02_01,CUS_0x3a7e,0,30dpd_6mob,2023-08-01
CUS_0x3a9e_2023_02_01,CUS_0x3a9e,0,30dpd_6mob,2023-08-01
CUS_0x3bfb_2023_02_01,CUS_0x3bfb,1,30dpd_6mob,2023-08-01
CUS_0x3c61_2023_02_01,CUS_0x3c61,0,30dpd_6mob,2023-08-01
CUS_0x3c82_2023_02_01,CUS_0x3c82,0,30dpd_6mob,2023-08-01
CUS_0x3cb7_2023_02_01,CUS_0x3cb7,1,30dpd_6mob,2023-08-01
CUS_0x3cc2_2023_02_01,CUS_0x3cc2,0,30dpd_6mob,2023-08-01
CUS_0x3cc6_2023_02_01,CUS_0x3cc6,1,30dpd_6mob,2023-08-01
CUS_0x3d58_2023_02_01,CUS_0x3d58,0,30dpd_6mob,2023-08-01
CUS_0x3d63_2023_02_01,CUS_0x3d63,0,30dpd_6mob,2023-08-01
CUS_0x3d99_2023_02_01,CUS_0x3d99,0,30dpd_6mob,2023-08-01
CUS_0x3dfa_2023_02_01,CUS_0x3dfa,0,30dpd_6mob,2023-08-01
CUS_0x3e17_2023_02_01,CUS_0x3e17,1,30dpd_6mob,2023-08-01
CUS_0x3e5c_2023_02_01,CUS_0x3e5c,0,30dpd_6mob,2023-08-01
CUS_0x3e68_2023_02_01,CUS_0x3e68,1,30dpd_6mob,2023-08-01
CUS_0x3ea3_2023_02_01,CUS_0x3ea3,1,30dpd_6mob,2023-08-01
CUS_0x3f1a_2023_02_01,CUS_0x3f1a,1,30dpd_6mob,2023-08-01
CUS_0x3f3e_2023_02_01,CUS_0x3f3e,1,30dpd_6mob,2023-08-01
CUS_0x3f41_2023_02_01,CUS_0x3f41,0,30dpd_6mob,2023-08-01
CUS_0x3f5_2023_02_01,CUS_0x3f5,1,30dpd_6mob,2023-08-01
CUS_0x4021_2023_02_01,CUS_0x4021,0,30dpd_6mob,2023-08-01
CUS_0x4029_2023_02_01,CUS_0x4029,1,30dpd_6mob,2023-08-01
CUS_0x411a_2023_02_01,CUS_0x411a,1,30dpd_6mob,2023-08-01
CUS_0x4236_2023_02_01,CUS_0x4236,0,30dpd_6mob,2023-08-01
CUS_0x432_2023_02_01,CUS_0x432,1,30dpd_6mob,2023-08-01
CUS_0x436d_2023_02_01,CUS_0x436d,0,30dpd_6mob,2023-08-01
CUS_0x43be_2023_02_01,CUS_0x43be,0,30dpd_6mob,2023-08-01
CUS_0x43fd_2023_02_01,CUS_0x43fd,0,30dpd_6mob,2023-08-01
CUS_0x4423_2023_02_01,CUS_0x4423,1,30dpd_6mob,2023-08-01
CUS_0x447f_2023_02_01,CUS_0x447f,1,30dpd_6mob,2023-08-01
CUS_0x44e8_2023_02_01,CUS_0x44e8,0,30dpd_6mob,2023-08-01
CUS_0x44fa_2023_02_01,CUS_0x44fa,0,30dpd_6mob,2023-08-01
CUS_0x452f_2023_02_01,CUS_0x452f,1,30dpd_6mob,2023-08-01
CUS_0x4555_2023_02_01,CUS_0x4555,1,30dpd_6mob,2023-08-01
CUS_0x45aa_2023_02_01,CUS_0x45aa,0,30dpd_6mob,2023-08-01
CUS_0x468a_2023_02_01,CUS_0x468a,0,30dpd_6mob,2023-08-01
CUS_0x46ce_2023_02_01,CUS_0x46ce,0,30dpd_6mob,2023-08-01
CUS_0x46ff_2023_02_01,CUS_0x46ff,0,30dpd_6mob,2023-08-01
CUS_0x470c_2023_02_01,CUS_0x470c,0,30dpd_6mob,2023-08-01
CUS_0x489b_2023_02_01,CUS_0x489b,0,30dpd_6mob,2023-08-01
CUS_0x48a4_2023_02_01,CUS_0x48a4,0,30dpd_6mob,2023-08-01
CUS_0x48e9_2023_02_01,CUS_0x48e9,0,30dpd_6mob,2023-08-01
CUS_0x49ae_2023_02_01,CUS_0x49ae,0,30dpd_6mob,2023-08-01
CUS_0x49c4_2023_02_01,CUS_0x49c4,0,30dpd_6mob,2023-08-01
CUS_0x49fd_2023_02_01,CUS_0x49fd,1,30dpd_6mob,2023-08-01
CUS_0x4a3d_2023_02_01,CUS_0x4a3d,0,30dpd_6mob,2023-08-01
CUS_0x4a5b_2023_02_01,CUS_0x4a5b,0,30dpd_6mob,2023-08-01
CUS_0x4a74_2023_02_01,CUS_0x4a74,0,30dpd_6mob,2023-08-01
CUS_0x4a97_2023_02_01,CUS_0x4a97,0,30dpd_6mob,2023-08-01
CUS_0x4adc_2023_02_01,CUS_0x4adc,1,30dpd_6mob,2023-08-01
CUS_0x4b19_2023_02_01,CUS_0x4b19,0,30dpd_6mob,2023-08-01
CUS_0x4b5e_2023_02_01,CUS_0x4b5e,1,30dpd_6mob,2023-08-01
CUS_0x4b67_2023_02_01,CUS_0x4b67,1,30dpd_6mob,2023-08-01
CUS_0x4b7f_2023_02_01,CUS_0x4b7f,0,30dpd_6mob,2023-08-01
CUS_0x4be5_2023_02_01,CUS_0x4be5,0,30dpd_6mob,2023-08-01
CUS_0x4bf4_2023_02_01,CUS_0x4bf4,0,30dpd_6mob,2023-08-01
CUS_0x4c5_2023_02_01,CUS_0x4c5,0,30dpd_6mob,2023-08-01
CUS_0x4c75_2023_02_01,CUS_0x4c75,0,30dpd_6mob,2023-08-01
CUS_0x4c8c_2023_02_01,CUS_0x4c8c,1,30dpd_6mob,2023-08-01
CUS_0x4c8d_2023_02_01,CUS_0x4c8d,0,30dpd_6mob,2023-08-01
CUS_0x4d35_2023_02_01,CUS_0x4d35,0,30dpd_6mob,2023-08-01
CUS_0x4d92_2023_02_01,CUS_0x4d92,0,30dpd_6mob,2023-08-01
CUS_0x4db7_2023_02_01,CUS_0x4db7,1,30dpd_6mob,2023-08-01
CUS_0x4de9_2023_02_01,CUS_0x4de9,0,30dpd_6mob,2023-08-01
CUS_0x4eae_2023_02_01,CUS_0x4eae,0,30dpd_6mob,2023-08-01
CUS_0x4ebf_2023_02_01,CUS_0x4ebf,1,30dpd_6mob,2023-08-01
CUS_0x4ee9_2023_02_01,CUS_0x4ee9,0,30dpd_6mob,2023-08-01
CUS_0x4f13_2023_02_01,CUS_0x4f13,0,30dpd_6mob,2023-08-01
CUS_0x4ff5_2023_02_01,CUS_0x4ff5,0,30dpd_6mob,2023-08-01
CUS_0x50ab_2023_02_01,CUS_0x50ab,1,30dpd_6mob,2023-08-01
CUS_0x5235_2023_02_01,CUS_0x5235,1,30dpd_6mob,2023-08-01
CUS_0x5247_2023_02_01,CUS_0x5247,0,30dpd_6mob,2023-08-01
CUS_0x5268_2023_02_01,CUS_0x5268,0,30dpd_6mob,2023-08-01
CUS_0x532d_2023_02_01,CUS_0x532d,0,30dpd_6mob,2023-08-01
CUS_0x53e0_2023_02_01,CUS_0x53e0,0,30dpd_6mob,2023-08-01
CUS_0x5417_2023_02_01,CUS_0x5417,0,30dpd_6mob,2023-08-01
CUS_0x5470_2023_02_01,CUS_0x5470,0,30dpd_6mob,2023-08-01
CUS_0x550b_2023_02_01,CUS_0x550b,1,30dpd_6mob,2023-08-01
CUS_0x560e_2023_02_01,CUS_0x560e,0,30dpd_6mob,2023-08-01
CUS_0x56ab_2023_02_01,CUS_0x56ab,0,30dpd_6mob,2023-08-01
CUS_0x5975_2023_02_01,CUS_0x5975,0,30dpd_6mob,2023-08-01
CUS_0x59eb_2023_02_01,CUS_0x59eb,1,30dpd_6mob,2023-08-01
CUS_0x5a4d_2023_02_01,CUS_0x5a4d,0,30dpd_6mob,2023-08-01
CUS_0x5a7d_2023_02_01,CUS_0x5a7d,0,30dpd_6mob,2023-08-01
CUS_0x5af2_2023_02_01,CUS_0x5af2,0,30dpd_6mob,2023-08-01
CUS_0x5b62_2023_02_01,CUS_0x5b62,0,30dpd_6mob,2023-08-01
CUS_0x5c6d_2023_02_01,CUS_0x5c6d,0,30dpd_6mob,2023-08-01
CUS_0x5cb9_2023_02_01,CUS_0x5cb9,0,30dpd_6mob,2023-08-01
CUS_0x5cc6_2023_02_01,CUS_0x5cc6,0,30dpd_6mob,2023-08-01
CUS_0x5cc8_2023_02_01,CUS_0x5cc8,0,30dpd_6mob,2023-08-01
CUS_0x5d4c_2023_02_01,CUS_0x5d4c,0,30dpd_6mob,2023-08-01
CUS_0x5d7c_2023_02_01,CUS_0x5d7c,0,30dpd_6mob,2023-08-01
CUS_0x5dd0_2023_02_01,CUS_0x5dd0,0,30dpd_6mob,2023-08-01
CUS_0x5e18_2023_02_01,CUS_0x5e18,0,30dpd_6mob,2023-08-01
CUS_0x5ec_2023_02_01,CUS_0x5ec,1,30dpd_6mob,2023-08-01
CUS_0x5edf_2023_02_01,CUS_0x5edf,0,30dpd_6mob,2023-08-01
CUS_0x5eef_2023_02_01,CUS_0x5eef,0,30dpd_6mob,2023-08-01
CUS_0x5ef2_2023_02_01,CUS_0x5ef2,0,30dpd_6mob,2023-08-01
CUS_0x5f8b_2023_02_01,CUS_0x5f8b,1,30dpd_6mob,2023-08-01
CUS_0x5fc_2023_02_01,CUS_0x5fc,0,30dpd_6mob,2023-08-01
CUS_0x6069_2023_02_01,CUS_0x6069,0,30dpd_6mob,2023-08-01
CUS_0x60f5_2023_02_01,CUS_0x60f5,0,30dpd_6mob,2023-08-01
CUS_0x610d_2023_02_01,CUS_0x610d,0,30dpd_6mob,2023-08-01
CUS_0x6116_2023_02_01,CUS_0x6116,0,30dpd_6mob,2023-08-01
CUS_0x61a6_2023_02_01,CUS_0x61a6,0,30dpd_6mob,2023-08-01
CUS_0x6203_2023_02_01,CUS_0x6203,0,30dpd_6mob,2023-08-01
CUS_0x6235_2023_02_01,CUS_0x6235,1,30dpd_6mob,2023-08-01
CUS_0x6276_2023_02_01,CUS_0x6276,0,30dpd_6mob,2023-08-01
CUS_0x627f_2023_02_01,CUS_0x627f,1,30dpd_6mob,2023-08-01
CUS_0x62d1_2023_02_01,CUS_0x62d1,0,30dpd_6mob,2023-08-01
CUS_0x632f_2023_02_01,CUS_0x632f,0,30dpd_6mob,2023-08-01
CUS_0x6398_2023_02_01,CUS_0x6398,1,30dpd_6mob,2023-08-01
CUS_0x63ac_2023_02_01,CUS_0x63ac,0,30dpd_6mob,2023-08-01
CUS_0x63d4_2023_02_01,CUS_0x63d4,0,30dpd_6mob,2023-08-01
CUS_0x644f_2023_02_01,CUS_0x644f,0,30dpd_6mob,2023-08-01
CUS_0x6473_2023_02_01,CUS_0x6473,0,30dpd_6mob,2023-08-01
CUS_0x64aa_2023_02_01,CUS_0x64aa,0,30dpd_6mob,2023-08-01
CUS_0x64e5_2023_02_01,CUS_0x64e5,0,30dpd_6mob,2023-08-01
CUS_0x6563_2023_02_01,CUS_0x6563,1,30dpd_6mob,2023-08-01
CUS_0x65aa_2023_02_01,CUS_0x65aa,0,30dpd_6mob,2023-08-01
CUS_0x6620_2023_02_01,CUS_0x6620,1,30dpd_6mob,2023-08-01
CUS_0x663d_2023_02_01,CUS_0x663d,1,30dpd_6mob,2023-08-01
CUS_0x6743_2023_02_01,CUS_0x6743,1,30dpd_6mob,2023-08-01
CUS_0x67cb_2023_02_01,CUS_0x67cb,0,30dpd_6mob,2023-08-01
CUS_0x687c_2023_02_01,CUS_0x687c,0,30dpd_6mob,2023-08-01
CUS_0x69a8_2023_02_01,CUS_0x69a8,0,30dpd_6mob,2023-08-01
CUS_0x6a4b_2023_02_01,CUS_0x6a4b,0,30dpd_6mob,2023-08-01
CUS_0x6a50_2023_02_01,CUS_0x6a50,0,30dpd_6mob,2023-08-01
CUS_0x6a9_2023_02_01,CUS_0x6a9,0,30dpd_6mob,2023-08-01
CUS_0x6a95_2023_02_01,CUS_0x6a95,0,30dpd_6mob,2023-08-01
CUS_0x6b04_2023_02_01,CUS_0x6b04,1,30dpd_6mob,2023-08-01
CUS_0x6b7_2023_02_01,CUS_0x6b7,0,30dpd_6mob,2023-08-01
CUS_0x6b7c_2023_02_01,CUS_0x6b7c,1,30dpd_6mob,2023-08-01
CUS_0x6b9_2023_02_01,CUS_0x6b9,0,30dpd_6mob,2023-08-01
CUS_0x6bf5_2023_02_01,CUS_0x6bf5,0,30dpd_6mob,2023-08-01
CUS_0x6c3b_2023_02_01,CUS_0x6c3b,0,30dpd_6mob,2023-08-01
CUS_0x6c5d_2023_02_01,CUS_0x6c5d,0,30dpd_6mob,2023-08-01
CUS_0x6c71_2023_02_01,CUS_0x6c71,1,30dpd_6mob,2023-08-01
CUS_0x6c8f_2023_02_01,CUS_0x6c8f,0,30dpd_6mob,2023-08-01
CUS_0x6cd1_2023_02_01,CUS_0x6cd1,1,30dpd_6mob,2023-08-01
CUS_0x6cfa_2023_02_01,CUS_0x6cfa,0,30dpd_6mob,2023-08-01
CUS_0x6d0e_2023_02_01,CUS_0x6d0e,0,30dpd_6mob,2023-08-01
CUS_0x6dec_2023_02_01,CUS_0x6dec,0,30dpd_6mob,2023-08-01
CUS_0x6e36_2023_02_01,CUS_0x6e36,0,30dpd_6mob,2023-08-01
CUS_0x6ebb_2023_02_01,CUS_0x6ebb,0,30dpd_6mob,2023-08-01
CUS_0x6ef_2023_02_01,CUS_0x6ef,0,30dpd_6mob,2023-08-01
CUS_0x6fa_2023_02_01,CUS_0x6fa,0,30dpd_6mob,2023-08-01
CUS_0x6ffa_2023_02_01,CUS_0x6ffa,0,30dpd_6mob,2023-08-01
CUS_0x705d_2023_02_01,CUS_0x705d,0,30dpd_6mob,2023-08-01
CUS_0x707a_2023_02_01,CUS_0x707a,0,30dpd_6mob,2023-08-01
CUS_0x70d8_2023_02_01,CUS_0x70d8,0,30dpd_6mob,2023-08-01
CUS_0x70f7_2023_02_01,CUS_0x70f7,0,30dpd_6mob,2023-08-01
CUS_0x7152_2023_02_01,CUS_0x7152,0,30dpd_6mob,2023-08-01
CUS_0x71d2_2023_02_01,CUS_0x71d2,0,30dpd_6mob,2023-08-01
CUS_0x71de_2023_02_01,CUS_0x71de,0,30dpd_6mob,2023-08-01
CUS_0x7251_2023_02_01,CUS_0x7251,0,30dpd_6mob,2023-08-01
CUS_0x7281_2023_02_01,CUS_0x7281,1,30dpd_6mob,2023-08-01
CUS_0x72a7_2023_02_01,CUS_0x72a7,0,30dpd_6mob,2023-08-01
CUS_0x72b2_2023_02_01,CUS_0x72b2,0,30dpd_6mob,2023-08-01
CUS_0x732b_2023_02_01,CUS_0x732b,0,30dpd_6mob,2023-08-01
CUS_0x739_2023_02_01,CUS_0x739,0,30dpd_6mob,2023-08-01
CUS_0x73c0_2023_02_01,CUS_0x73c0,1,30dpd_6mob,2023-08-01
CUS_0x73fb_2023_02_01,CUS_0x73fb,0,30dpd_6mob,2023-08-01
CUS_0x7405_2023_02_01,CUS_0x7405,0,30dpd_6mob,2023-08-01
CUS_0x7430_2023_02_01,CUS_0x7430,0,30dpd_6mob,2023-08-01
CUS_0x746c_2023_02_01,CUS_0x746c,1,30dpd_6mob,2023-08-01
CUS_0x7486_2023_02_01,CUS_0x7486,1,30dpd_6mob,2023-08-01
CUS_0x74d2_2023_02_01,CUS_0x74d2,1,30dpd_6mob,2023-08-01
CUS_0x7542_2023_02_01,CUS_0x7542,0,30dpd_6mob,2023-08-01
CUS_0x756d_2023_02_01,CUS_0x756d,0,30dpd_6mob,2023-08-01
CUS_0x75ca_2023_02_01,CUS_0x75ca,0,30dpd_6mob,2023-08-01
CUS_0x7659_2023_02_01,CUS_0x7659,0,30dpd_6mob,2023-08-01
CUS_0x7698_2023_02_01,CUS_0x7698,1,30dpd_6mob,2023-08-01
CUS_0x7806_2023_02_01,CUS_0x7806,0,30dpd_6mob,2023-08-01
CUS_0x7874_2023_02_01,CUS_0x7874,1,30dpd_6mob,2023-08-01
CUS_0x792b_2023_02_01,CUS_0x792b,0,30dpd_6mob,2023-08-01
CUS_0x7977_2023_02_01,CUS_0x7977,0,30dpd_6mob,2023-08-01
CUS_0x79dd_2023_02_01,CUS_0x79dd,0,30dpd_6mob,2023-08-01
CUS_0x7a1f_2023_02_01,CUS_0x7a1f,1,30dpd_6mob,2023-08-01
CUS_0x7a6f_2023_02_01,CUS_0x7a6f,1,30dpd_6mob,2023-08-01
CUS_0x7b58_2023_02_01,CUS_0x7b58,0,30dpd_6mob,2023-08-01
CUS_0x7b97_2023_02_01,CUS_0x7b97,1,30dpd_6mob,2023-08-01
CUS_0x7bb3_2023_02_01,CUS_0x7bb3,0,30dpd_6mob,2023-08-01
CUS_0x7be5_2023_02_01,CUS_0x7be5,0,30dpd_6mob,2023-08-01
CUS_0x7bf2_2023_02_01,CUS_0x7bf2,0,30dpd_6mob,2023-08-01
CUS_0x7c60_2023_02_01,CUS_0x7c60,0,30dpd_6mob,2023-08-01
CUS_0x7d17_2023_02_01,CUS_0x7d17,0,30dpd_6mob,2023-08-01
CUS_0x7d6_2023_02_01,CUS_0x7d6,0,30dpd_6mob,2023-08-01
CUS_0x7e0e_2023_02_01,CUS_0x7e0e,0,30dpd_6mob,2023-08-01
CUS_0x7e28_2023_02_01,CUS_0x7e28,0,30dpd_6mob,2023-08-01
CUS_0x7e8a_2023_02_01,CUS_0x7e8a,0,30dpd_6mob,2023-08-01
CUS_0x7fd3_2023_02_01,CUS_0x7fd3,0,30dpd_6mob,2023-08-01
CUS_0x7ff5_2023_02_01,CUS_0x7ff5,0,30dpd_6mob,2023-08-01
CUS_0x8083_2023_02_01,CUS_0x8083,0,30dpd_6mob,2023-08-01
CUS_0x80ca_2023_02_01,CUS_0x80ca,0,30dpd_6mob,2023-08-01
CUS_0x8135_2023_02_01,CUS_0x8135,0,30dpd_6mob,2023-08-01
CUS_0x81b8_2023_02_01,CUS_0x81b8,0,30dpd_6mob,2023-08-01
CUS_0x8208_2023_02_01,CUS_0x8208,0,30dpd_6mob,2023-08-01
CUS_0x8247_2023_02_01,CUS_0x8247,0,30dpd_6mob,2023-08-01
CUS_0x825e_2023_02_01,CUS_0x825e,1,30dpd_6mob,2023-08-01
CUS_0x8277_2023_02_01,CUS_0x8277,0,30dpd_6mob,2023-08-01
CUS_0x82a1_2023_02_01,CUS_0x82a1,0,30dpd_6mob,2023-08-01
CUS_0x82b6_2023_02_01,CUS_0x82b6,0,30dpd_6mob,2023-08-01
CUS_0x83cc_2023_02_01,CUS_0x83cc,0,30dpd_6mob,2023-08-01
CUS_0x8425_2023_02_01,CUS_0x8425,0,30dpd_6mob,2023-08-01
CUS_0x8432_2023_02_01,CUS_0x8432,1,30dpd_6mob,2023-08-01
CUS_0x8562_2023_02_01,CUS_0x8562,1,30dpd_6mob,2023-08-01
CUS_0x85fa_2023_02_01,CUS_0x85fa,0,30dpd_6mob,2023-08-01
CUS_0x87d8_2023_02_01,CUS_0x87d8,0,30dpd_6mob,2023-08-01
CUS_0x88ca_2023_02_01,CUS_0x88ca,0,30dpd_6mob,2023-08-01
CUS_0x893f_2023_02_01,CUS_0x893f,0,30dpd_6mob,2023-08-01
CUS_0x894e_2023_02_01,CUS_0x894e,0,30dpd_6mob,2023-08-01
CUS_0x8958_2023_02_01,CUS_0x8958,1,30dpd_6mob,2023-08-01
CUS_0x896e_2023_02_01,CUS_0x896e,0,30dpd_6mob,2023-08-01
CUS_0x898a_2023_02_01,CUS_0x898a,0,30dpd_6mob,2023-08-01
CUS_0x89b4_2023_02_01,CUS_0x89b4,1,30dpd_6mob,2023-08-01
CUS_0x8a40_2023_02_01,CUS_0x8a40,1,30dpd_6mob,2023-08-01
CUS_0x8a48_2023_02_01,CUS_0x8a48,0,30dpd_6mob,2023-08-01
CUS_0x8aa3_2023_02_01,CUS_0x8aa3,0,30dpd_6mob,2023-08-01
CUS_0x8abb_2023_02_01,CUS_0x8abb,0,30dpd_6mob,2023-08-01
CUS_0x8afa_2023_02_01,CUS_0x8afa,0,30dpd_6mob,2023-08-01
CUS_0x8b25_2023_02_01,CUS_0x8b25,0,30dpd_6mob,2023-08-01
CUS_0x8b66_2023_02_01,CUS_0x8b66,1,30dpd_6mob,2023-08-01
CUS_0x8bcf_2023_02_01,CUS_0x8bcf,0,30dpd_6mob,2023-08-01
CUS_0x8ca3_2023_02_01,CUS_0x8ca3,0,30dpd_6mob,2023-08-01
CUS_0x8cd3_2023_02_01,CUS_0x8cd3,0,30dpd_6mob,2023-08-01
CUS_0x8ce7_2023_02_01,CUS_0x8ce7,1,30dpd_6mob,2023-08-01
CUS_0x8cf2_2023_02_01,CUS_0x8cf2,0,30dpd_6mob,2023-08-01
CUS_0x8d7c_2023_02_01,CUS_0x8d7c,0,30dpd_6mob,2023-08-01
CUS_0x8df6_2023_02_01,CUS_0x8df6,0,30dpd_6mob,2023-08-01
CUS_0x8e81_2023_02_01,CUS_0x8e81,1,30dpd_6mob,2023-08-01
CUS_0x8e88_2023_02_01,CUS_0x8e88,0,30dpd_6mob,2023-08-01
CUS_0x8e9b_2023_02_01,CUS_0x8e9b,0,30dpd_6mob,2023-08-01
CUS_0x8eb0_2023_02_01,CUS_0x8eb0,0,30dpd_6mob,2023-08-01
CUS_0x8ec8_2023_02_01,CUS_0x8ec8,1,30dpd_6mob,2023-08-01
CUS_0x8f6b_2023_02_01,CUS_0x8f6b,0,30dpd_6mob,2023-08-01
CUS_0x90d8_2023_02_01,CUS_0x90d8,0,30dpd_6mob,2023-08-01
CUS_0x90e2_2023_02_01,CUS_0x90e2,0,30dpd_6mob,2023-08-01
CUS_0x9177_2023_02_01,CUS_0x9177,0,30dpd_6mob,2023-08-01
CUS_0x918c_2023_02_01,CUS_0x918c,0,30dpd_6mob,2023-08-01
CUS_0x919_2023_02_01,CUS_0x919,0,30dpd_6mob,2023-08-01
CUS_0x91e5_2023_02_01,CUS_0x91e5,0,30dpd_6mob,2023-08-01
CUS_0x933f_2023_02_01,CUS_0x933f,0,30dpd_6mob,2023-08-01
CUS_0x9368_2023_02_01,CUS_0x9368,0,30dpd_6mob,2023-08-01
CUS_0x9443_2023_02_01,CUS_0x9443,1,30dpd_6mob,2023-08-01
CUS_0x944f_2023_02_01,CUS_0x944f,0,30dpd_6mob,2023-08-01
CUS_0x946e_2023_02_01,CUS_0x946e,1,30dpd_6mob,2023-08-01
CUS_0x94ae_2023_02_01,CUS_0x94ae,0,30dpd_6mob,2023-08-01
CUS_0x94d5_2023_02_01,CUS_0x94d5,0,30dpd_6mob,2023-08-01
CUS_0x9647_2023_02_01,CUS_0x9647,1,30dpd_6mob,2023-08-01
CUS_0x966e_2023_02_01,CUS_0x966e,1,30dpd_6mob,2023-08-01
CUS_0x9686_2023_02_01,CUS_0x9686,0,30dpd_6mob,2023-08-01
CUS_0x96b3_2023_02_01,CUS_0x96b3,1,30dpd_6mob,2023-08-01
CUS_0x96d3_2023_02_01,CUS_0x96d3,0,30dpd_6mob,2023-08-01
CUS_0x9762_2023_02_01,CUS_0x9762,1,30dpd_6mob,2023-08-01
CUS_0x9764_2023_02_01,CUS_0x9764,1,30dpd_6mob,2023-08-01
CUS_0x97b5_2023_02_01,CUS_0x97b5,0,30dpd_6mob,2023-08-01
CUS_0x981a_2023_02_01,CUS_0x981a,0,30dpd_6mob,2023-08-01
CUS_0x990_2023_02_01,CUS_0x990,1,30dpd_6mob,2023-08-01
CUS_0x99cf_2023_02_01,CUS_0x99cf,0,30dpd_6mob,2023-08-01
CUS_0x9a84_2023_02_01,CUS_0x9a84,0,30dpd_6mob,2023-08-01
CUS_0x9b03_2023_02_01,CUS_0x9b03,1,30dpd_6mob,2023-08-01
CUS_0x9b38_2023_02_01,CUS_0x9b38,0,30dpd_6mob,2023-08-01
CUS_0x9c59_2023_02_01,CUS_0x9c59,1,30dpd_6mob,2023-08-01
CUS_0x9ccf_2023_02_01,CUS_0x9ccf,0,30dpd_6mob,2023-08-01
CUS_0x9d0b_2023_02_01,CUS_0x9d0b,0,30dpd_6mob,2023-08-01
CUS_0x9dc5_2023_02_01,CUS_0x9dc5,0,30dpd_6mob,2023-08-01
CUS_0x9dc6_2023_02_01,CUS_0x9dc6,0,30dpd_6mob,2023-08-01
CUS_0x9dff_2023_02_01,CUS_0x9dff,1,30dpd_6mob,2023-08-01
CUS_0x9e56_2023_02_01,CUS_0x9e56,0,30dpd_6mob,2023-08-01
CUS_0x9e9b_2023_02_01,CUS_0x9e9b,0,30dpd_6mob,2023-08-01
CUS_0x9ee5_2023_02_01,CUS_0x9ee5,1,30dpd_6mob,2023-08-01
CUS_0x9f23_2023_02_01,CUS_0x9f23,0,30dpd_6mob,2023-08-01
CUS_0x9f59_2023_02_01,CUS_0x9f59,0,30dpd_6mob,2023-08-01
CUS_0x9fcf_2023_02_01,CUS_0x9fcf,1,30dpd_6mob,2023-08-01
CUS_0xa094_2023_02_01,CUS_0xa094,1,30dpd_6mob,2023-08-01
CUS_0xa09c_2023_02_01,CUS_0xa09c,0,30dpd_6mob,2023-08-01
CUS_0xa0b8_2023_02_01,CUS_0xa0b8,1,30dpd_6mob,2023-08-01
CUS_0xa0c3_2023_02_01,CUS_0xa0c3,0,30dpd_6mob,2023-08-01
CUS_0xa127_2023_02_01,CUS_0xa127,1,30dpd_6mob,2023-08-01
CUS_0xa133_2023_02_01,CUS_0xa133,0,30dpd_6mob,2023-08-01
CUS_0xa138_2023_02_01,CUS_0xa138,1,30dpd_6mob,2023-08-01
CUS_0xa1d9_2023_02_01,CUS_0xa1d9,1,30dpd_6mob,2023-08-01
CUS_0xa230_2023_02_01,CUS_0xa230,0,30dpd_6mob,2023-08-01
CUS_0xa260_2023_02_01,CUS_0xa260,0,30dpd_6mob,2023-08-01
CUS_0xa27e_2023_02_01,CUS_0xa27e,0,30dpd_6mob,2023-08-01
CUS_0xa2af_2023_02_01,CUS_0xa2af,1,30dpd_6mob,2023-08-01
CUS_0xa384_2023_02_01,CUS_0xa384,0,30dpd_6mob,2023-08-01
CUS_0xa41e_2023_02_01,CUS_0xa41e,1,30dpd_6mob,2023-08-01
CUS_0xa455_2023_02_01,CUS_0xa455,0,30dpd_6mob,2023-08-01
CUS_0xa4e7_2023_02_01,CUS_0xa4e7,0,30dpd_6mob,2023-08-01
CUS_0xa540_2023_02_01,CUS_0xa540,1,30dpd_6mob,2023-08-01
CUS_0xa574_2023_02_01,CUS_0xa574,1,30dpd_6mob,2023-08-01
CUS_0xa68a_2023_02_01,CUS_0xa68a,0,30dpd_6mob,2023-08-01
CUS_0xa693_2023_02_01,CUS_0xa693,0,30dpd_6mob,2023-08-01
CUS_0xa69e_2023_02_01,CUS_0xa69e,0,30dpd_6mob,2023-08-01
CUS_0xa6a7_2023_02_01,CUS_0xa6a7,1,30dpd_6mob,2023-08-01
CUS_0xa6c1_2023_02_01,CUS_0xa6c1,1,30dpd_6mob,2023-08-01
CUS_0xa7e1_2023_02_01,CUS_0xa7e1,0,30dpd_6mob,2023-08-01
CUS_0xa806_2023_02_01,CUS_0xa806,0,30dpd_6mob,2023-08-01
CUS_0xa8b7_2023_02_01,CUS_0xa8b7,0,30dpd_6mob,2023-08-01
CUS_0xa8ce_2023_02_01,CUS_0xa8ce,0,30dpd_6mob,2023-08-01
CUS_0xa8e7_2023_02_01,CUS_0xa8e7,0,30dpd_6mob,2023-08-01
CUS_0xa962_2023_02_01,CUS_0xa962,0,30dpd_6mob,2023-08-01
CUS_0xa973_2023_02_01,CUS_0xa973,0,30dpd_6mob,2023-08-01
CUS_0xa980_2023_02_01,CUS_0xa980,0,30dpd_6mob,2023-08-01
CUS_0xa99c_2023_02_01,CUS_0xa99c,1,30dpd_6mob,2023-08-01
CUS_0xa9d2_2023_02_01,CUS_0xa9d2,0,30dpd_6mob,2023-08-01
CUS_0xaa3d_2023_02_01,CUS_0xaa3d,1,30dpd_6mob,2023-08-01
CUS_0xaa56_2023_02_01,CUS_0xaa56,1,30dpd_6mob,2023-08-01
CUS_0xaacd_2023_02_01,CUS_0xaacd,1,30dpd_6mob,2023-08-01
CUS_0xab3b_2023_02_01,CUS_0xab3b,0,30dpd_6mob,2023-08-01
CUS_0xabff_2023_02_01,CUS_0xabff,0,30dpd_6mob,2023-08-01
CUS_0xac14_2023_02_01,CUS_0xac14,0,30dpd_6mob,2023-08-01
CUS_0xac7e_2023_02_01,CUS_0xac7e,0,30dpd_6mob,2023-08-01
CUS_0xad9d_2023_02_01,CUS_0xad9d,0,30dpd_6mob,2023-08-01
CUS_0xadb7_2023_02_01,CUS_0xadb7,1,30dpd_6mob,2023-08-01
CUS_0xae09_2023_02_01,CUS_0xae09,1,30dpd_6mob,2023-08-01
CUS_0xae58_2023_02_01,CUS_0xae58,1,30dpd_6mob,2023-08-01
CUS_0xaedb_2023_02_01,CUS_0xaedb,0,30dpd_6mob,2023-08-01
CUS_0xaf67_2023_02_01,CUS_0xaf67,0,30dpd_6mob,2023-08-01
CUS_0xaf75_2023_02_01,CUS_0xaf75,1,30dpd_6mob,2023-08-01
CUS_0xafa8_2023_02_01,CUS_0xafa8,0,30dpd_6mob,2023-08-01
CUS_0xafd1_2023_02_01,CUS_0xafd1,1,30dpd_6mob,2023-08-01
CUS_0xb023_2023_02_01,CUS_0xb023,1,30dpd_6mob,2023-08-01
CUS_0xb05a_2023_02_01,CUS_0xb05a,0,30dpd_6mob,2023-08-01
CUS_0xb127_2023_02_01,CUS_0xb127,0,30dpd_6mob,2023-08-01
CUS_0xb144_2023_02_01,CUS_0xb144,0,30dpd_6mob,2023-08-01
CUS_0xb25e_2023_02_01,CUS_0xb25e,0,30dpd_6mob,2023-08-01
CUS_0xb264_2023_02_01,CUS_0xb264,0,30dpd_6mob,2023-08-01
CUS_0xb28a_2023_02_01,CUS_0xb28a,0,30dpd_6mob,2023-08-01
CUS_0xb32c_2023_02_01,CUS_0xb32c,0,30dpd_6mob,2023-08-01
CUS_0xb39_2023_02_01,CUS_0xb39,0,30dpd_6mob,2023-08-01
CUS_0xb428_2023_02_01,CUS_0xb428,1,30dpd_6mob,2023-08-01
CUS_0xb433_2023_02_01,CUS_0xb433,1,30dpd_6mob,2023-08-01
CUS_0xb4bc_2023_02_01,CUS_0xb4bc,0,30dpd_6mob,2023-08-01
CUS_0xb4c1_2023_02_01,CUS_0xb4c1,0,30dpd_6mob,2023-08-01
CUS_0xb548_2023_02_01,CUS_0xb548,0,30dpd_6mob,2023-08-01
CUS_0xb575_2023_02_01,CUS_0xb575,1,30dpd_6mob,2023-08-01
CUS_0xb61a_2023_02_01,CUS_0xb61a,0,30dpd_6mob,2023-08-01
CUS_0xb65f_2023_02_01,CUS_0xb65f,1,30dpd_6mob,2023-08-01
CUS_0xb6b_2023_02_01,CUS_0xb6b,0,30dpd_6mob,2023-08-01
CUS_0xb742_2023_02_01,CUS_0xb742,0,30dpd_6mob,2023-08-01
CUS_0xb749_2023_02_01,CUS_0xb749,1,30dpd_6mob,2023-08-01
CUS_0xb767_2023_02_01,CUS_0xb767,0,30dpd_6mob,2023-08-01
CUS_0xb786_2023_02_01,CUS_0xb786,1,30dpd_6mob,2023-08-01
CUS_0xb7df_2023_02_01,CUS_0xb7df,0,30dpd_6mob,2023-08-01
CUS_0xb8e_2023_02_01,CUS_0xb8e,1,30dpd_6mob,2023-08-01
CUS_0xb8f7_2023_02_01,CUS_0xb8f7,0,30dpd_6mob,2023-08-01
CUS_0xb936_2023_02_01,CUS_0xb936,1,30dpd_6mob,2023-08-01
CUS_0xba27_2023_02_01,CUS_0xba27,0,30dpd_6mob,2023-08-01
CUS_0xba5f_2023_02_01,CUS_0xba5f,1,30dpd_6mob,2023-08-01
CUS_0xba60_2023_02_01,CUS_0xba60,1,30dpd_6mob,2023-08-01
CUS_0xbaf4_2023_02_01,CUS_0xbaf4,0,30dpd_6mob,2023-08-01
CUS_0xbb37_2023_02_01,CUS_0xbb37,0,30dpd_6mob,2023-08-01
CUS_0xbb95_2023_02_01,CUS_0xbb95,0,30dpd_6mob,2023-08-01
CUS_0xbb9a_2023_02_01,CUS_0xbb9a,0,30dpd_6mob,2023-08-01
CUS_0xbbd3_2023_02_01,CUS_0xbbd3,1,30dpd_6mob,2023-08-01
CUS_0xbbf5_2023_02_01,CUS_0xbbf5,0,30dpd_6mob,2023-08-01
CUS_0xbc1e_2023_02_01,CUS_0xbc1e,1,30dpd_6mob,2023-08-01
CUS_0xbcc9_2023_02_01,CUS_0xbcc9,0,30dpd_6mob,2023-08-01
CUS_0xbdd9_2023_02_01,CUS_0xbdd9,0,30dpd_6mob,2023-08-01
CUS_0xbe12_2023_02_01,CUS_0xbe12,0,30dpd_6mob,2023-08-01
CUS_0xbf23_2023_02_01,CUS_0xbf23,0,30dpd_6mob,2023-08-01
CUS_0xbfd0_2023_02_01,CUS_0xbfd0,0,30dpd_6mob,2023-08-01
CUS_0xbff1_2023_02_01,CUS_0xbff1,0,30dpd_6mob,2023-08-01
CUS_0xc0a3_2023_02_01,CUS_0xc0a3,1,30dpd_6mob,2023-08-01
CUS_0xc0c6_2023_02_01,CUS_0xc0c6,0,30dpd_6mob,2023-08-01
CUS_0xc0d9_2023_02_01,CUS_0xc0d9,0,30dpd_6mob,2023-08-01
CUS_0xc13_2023_02_01,CUS_0xc13,1,30dpd_6mob,2023-08-01
CUS_0xc195_2023_02_01,CUS_0xc195,0,30dpd_6mob,2023-08-01
CUS_0xc1e8_2023_02_01,CUS_0xc1e8,0,30dpd_6mob,2023-08-01
CUS_0xc205_2023_02_01,CUS_0xc205,0,30dpd_6mob,2023-08-01
CUS_0xc2e8_2023_02_01,CUS_0xc2e8,1,30dpd_6mob,2023-08-01
CUS_0xc301_2023_02_01,CUS_0xc301,0,30dpd_6mob,2023-08-01
CUS_0xc3d_2023_02_01,CUS_0xc3d,1,30dpd_6mob,2023-08-01
CUS_0xc416_2023_02_01,CUS_0xc416,0,30dpd_6mob,2023-08-01
CUS_0xc442_2023_02_01,CUS_0xc442,0,30dpd_6mob,2023-08-01
CUS_0xc4bb_2023_02_01,CUS_0xc4bb,0,30dpd_6mob,2023-08-01
CUS_0xc59d_2023_02_01,CUS_0xc59d,0,30dpd_6mob,2023-08-01
CUS_0xc5b2_2023_02_01,CUS_0xc5b2,1,30dpd_6mob,2023-08-01
CUS_0xc6e_2023_02_01,CUS_0xc6e,0,30dpd_6mob,2023-08-01
CUS_0xc70d_2023_02_01,CUS_0xc70d,1,30dpd_6mob,2023-08-01
CUS_0xc90_2023_02_01,CUS_0xc90,0,30dpd_6mob,2023-08-01
CUS_0xcfc_2023_02_01,CUS_0xcfc,0,30dpd_6mob,2023-08-01
CUS_0xd33_2023_02_01,CUS_0xd33,1,30dpd_6mob,2023-08-01
CUS_0xd7c_2023_02_01,CUS_0xd7c,1,30dpd_6mob,2023-08-01
CUS_0xdbf_2023_02_01,CUS_0xdbf,0,30dpd_6mob,2023-08-01
CUS_0xdea_2023_02_01,CUS_0xdea,0,30dpd_6mob,2023-08-01
CUS_0xec8_2023_02_01,CUS_0xec8,0,30dpd_6mob,2023-08-01
CUS_0xfcc_2023_02_01,CUS_0xfcc,0,30dpd_6mob,2023-08-01
CUS_0x1011_2023_11_01,CUS_0x1011,0,30dpd_6mob,2024-05-01
CUS_0x1018_2023_11_01,CUS_0x1018,1,30dpd_6mob,2024-05-01
CUS_0x1041_2023_11_01,CUS_0x1041,0,30dpd_6mob,2024-05-01
CUS_0x105b_2023_11_01,CUS_0x105b,0,30dpd_6mob,2024-05-01
CUS_0x107c_2023_11_01,CUS_0x107c,0,30dpd_6mob,2024-05-01
CUS_0x1107_2023_11_01,CUS_0x1107,1,30dpd_6mob,2024-05-01
CUS_0x117f_2023_11_01,CUS_0x117f,0,30dpd_6mob,2024-05-01
CUS_0x11a4_2023_11_01,CUS_0x11a4,1,30dpd_6mob,2024-05-01
CUS_0x123d_2023_11_01,CUS_0x123d,1,30dpd_6mob,2024-05-01
CUS_0x1281_2023_11_01,CUS_0x1281,1,30dpd_6mob,2024-05-01
CUS_0x12fa_2023_11_01,CUS_0x12fa,0,30dpd_6mob,2024-05-01
CUS_0x1358_2023_11_01,CUS_0x1358,1,30dpd_6mob,2024-05-01
CUS_0x1367_2023_11_01,CUS_0x1367,1,30dpd_6mob,2024-05-01
CUS_0x13b2_2023_11_01,CUS_0x13b2,0,30dpd_6mob,2024-05-01
CUS_0x13bc_2023_11_01,CUS_0x13bc,0,30dpd_6mob,2024-05-01
CUS_0x1416_2023_11_01,CUS_0x1416,0,30dpd_6mob,2024-05-01
CUS_0x14c1_2023_11_01,CUS_0x14c1,0,30dpd_6mob,2024-05-01
CUS_0x14ea_2023_11_01,CUS_0x14ea,0,30dpd_6mob,2024-05-01
CUS_0x159f_2023_11_01,CUS_0x159f,0,30dpd_6mob,2024-05-01
CUS_0x1604_2023_11_01,CUS_0x1604,0,30dpd_6mob,2024-05-01
CUS_0x1807_2023_11_01,CUS_0x1807,0,30dpd_6mob,2024-05-01
CUS_0x181c_2023_11_01,CUS_0x181c,0,30dpd_6mob,2024-05-01
CUS_0x18ea_2023_11_01,CUS_0x18ea,0,30dpd_6mob,2024-05-01
CUS_0x18fa_2023_11_01,CUS_0x18fa,0,30dpd_6mob,2024-05-01
CUS_0x19de_2023_11_01,CUS_0x19de,0,30dpd_6mob,2024-05-01
CUS_0x1ab7_2023_11_01,CUS_0x1ab7,1,30dpd_6mob,2024-05-01
CUS_0x1ab8_2023_11_01,CUS_0x1ab8,0,30dpd_6mob,2024-05-01
CUS_0x1afd_2023_11_01,CUS_0x1afd,0,30dpd_6mob,2024-05-01
CUS_0x1c40_2023_11_01,CUS_0x1c40,0,30dpd_6mob,2024-05-01
CUS_0x1c65_2023_11_01,CUS_0x1c65,0,30dpd_6mob,2024-05-01
CUS_0x1c96_2023_11_01,CUS_0x1c96,1,30dpd_6mob,2024-05-01
CUS_0x1d72_2023_11_01,CUS_0x1d72,0,30dpd_6mob,2024-05-01
CUS_0x1d8f_2023_11_01,CUS_0x1d8f,1,30dpd_6mob,2024-05-01
CUS_0x1ed8_2023_11_01,CUS_0x1ed8,1,30dpd_6mob,2024-05-01
CUS_0x1f1a_2023_11_01,CUS_0x1f1a,1,30dpd_6mob,2024-05-01
CUS_0x1f36_2023_11_01,CUS_0x1f36,0,30dpd_6mob,2024-05-01
CUS_0x1f9b_2023_11_01,CUS_0x1f9b,0,30dpd_6mob,2024-05-01
CUS_0x1fb0_2023_11_01,CUS_0x1fb0,0,30dpd_6mob,2024-05-01
CUS_0x1fb5_2023_11_01,CUS_0x1fb5,0,30dpd_6mob,2024-05-01
CUS_0x1fef_2023_11_01,CUS_0x1fef,0,30dpd_6mob,2024-05-01
CUS_0x202e_2023_11_01,CUS_0x202e,1,30dpd_6mob,2024-05-01
CUS_0x205f_2023_11_01,CUS_0x205f,1,30dpd_6mob,2024-05-01
CUS_0x20a6_2023_11_01,CUS_0x20a6,0,30dpd_6mob,2024-05-01
CUS_0x20ba_2023_11_01,CUS_0x20ba,0,30dpd_6mob,2024-05-01
CUS_0x2206_2023_11_01,CUS_0x2206,1,30dpd_6mob,2024-05-01
CUS_0x229d_2023_11_01,CUS_0x229d,0,30dpd_6mob,2024-05-01
CUS_0x22be_2023_11_01,CUS_0x22be,0,30dpd_6mob,2024-05-01
CUS_0x22bf_2023_11_01,CUS_0x22bf,1,30dpd_6mob,2024-05-01
CUS_0x2599_2023_11_01,CUS_0x2599,0,30dpd_6mob,2024-05-01
CUS_0x264b_2023_11_01,CUS_0x264b,0,30dpd_6mob,2024-05-01
CUS_0x2708_2023_11_01,CUS_0x2708,0,30dpd_6mob,2024-05-01
CUS_0x2748_2023_11_01,CUS_0x2748,0,30dpd_6mob,2024-05-01
CUS_0x2800_2023_11_01,CUS_0x2800,0,30dpd_6mob,2024-05-01
CUS_0x2883_2023_11_01,CUS_0x2883,1,30dpd_6mob,2024-05-01
CUS_0x2912_2023_11_01,CUS_0x2912,0,30dpd_6mob,2024-05-01
CUS_0x2999_2023_11_01,CUS_0x2999,1,30dpd_6mob,2024-05-01
CUS_0x2a05_2023_11_01,CUS_0x2a05,0,30dpd_6mob,2024-05-01
CUS_0x2a09_2023_11_01,CUS_0x2a09,0,30dpd_6mob,2024-05-01
CUS_0x2a1b_2023_11_01,CUS_0x2a1b,0,30dpd_6mob,2024-05-01
CUS_0x2a4e_2023_11_01,CUS_0x2a4e,0,30dpd_6mob,2024-05-01
CUS_0x2a52_2023_11_01,CUS_0x2a52,0,30dpd_6mob,2024-05-01
CUS_0x2b15_2023_11_01,CUS_0x2b15,0,30dpd_6mob,2024-05-01
CUS_0x2b1a_2023_11_01,CUS_0x2b1a,0,30dpd_6mob,2024-05-01
CUS_0x2c06_2023_11_01,CUS_0x2c06,1,30dpd_6mob,2024-05-01
CUS_0x2c3e_2023_11_01,CUS_0x2c3e,0,30dpd_6mob,2024-05-01
CUS_0x2ca6_2023_11_01,CUS_0x2ca6,0,30dpd_6mob,2024-05-01
CUS_0x2d17_2023_11_01,CUS_0x2d17,0,30dpd_6mob,2024-05-01
CUS_0x2d25_2023_11_01,CUS_0x2d25,0,30dpd_6mob,2024-05-01
CUS_0x2dbc_2023_11_01,CUS_0x2dbc,0,30dpd_6mob,2024-05-01
CUS_0x2e28_2023_11_01,CUS_0x2e28,0,30dpd_6mob,2024-05-01
CUS_0x2e79_2023_11_01,CUS_0x2e79,0,30dpd_6mob,2024-05-01
CUS_0x2ef3_2023_11_01,CUS_0x2ef3,0,30dpd_6mob,2024-05-01
CUS_0x303b_2023_11_01,CUS_0x303b,1,30dpd_6mob,2024-05-01
CUS_0x30c8_2023_11_01,CUS_0x30c8,0,30dpd_6mob,2024-05-01
CUS_0x312c_2023_11_01,CUS_0x312c,1,30dpd_6mob,2024-05-01
CUS_0x3149_2023_11_01,CUS_0x3149,1,30dpd_6mob,2024-05-01
CUS_0x3188_2023_11_01,CUS_0x3188,0,30dpd_6mob,2024-05-01
CUS_0x31e3_2023_11_01,CUS_0x31e3,0,30dpd_6mob,2024-05-01
CUS_0x3260_2023_11_01,CUS_0x3260,0,30dpd_6mob,2024-05-01
CUS_0x328e_2023_11_01,CUS_0x328e,0,30dpd_6mob,2024-05-01
CUS_0x32ed_2023_11_01,CUS_0x32ed,0,30dpd_6mob,2024-05-01
CUS_0x3336_2023_11_01,CUS_0x3336,0,30dpd_6mob,2024-05-01
CUS_0x3352_2023_11_01,CUS_0x3352,0,30dpd_6mob,2024-05-01
CUS_0x33b4_2023_11_01,CUS_0x33b4,1,30dpd_6mob,2024-05-01
CUS_0x3434_2023_11_01,CUS_0x3434,1,30dpd_6mob,2024-05-01
CUS_0x348a_2023_11_01,CUS_0x348a,0,30dpd_6mob,2024-05-01
CUS_0x352f_2023_11_01,CUS_0x352f,0,30dpd_6mob,2024-05-01
CUS_0x3570_2023_11_01,CUS_0x3570,0,30dpd_6mob,2024-05-01
CUS_0x35a4_2023_11_01,CUS_0x35a4,0,30dpd_6mob,2024-05-01
CUS_0x3608_2023_11_01,CUS_0x3608,0,30dpd_6mob,2024-05-01
CUS_0x3621_2023_11_01,CUS_0x3621,0,30dpd_6mob,2024-05-01
CUS_0x3636_2023_11_01,CUS_0x3636,0,30dpd_6mob,2024-05-01
CUS_0x363d_2023_11_01,CUS_0x363d,0,30dpd_6mob,2024-05-01
CUS_0x3650_2023_11_01,CUS_0x3650,0,30dpd_6mob,2024-05-01
CUS_0x36c5_2023_11_01,CUS_0x36c5,1,30dpd_6mob,2024-05-01
CUS_0x3708_2023_11_01,CUS_0x3708,1,30dpd_6mob,2024-05-01
CUS_0x376b_2023_11_01,CUS_0x376b,1,30dpd_6mob,2024-05-01
CUS_0x3799_2023_11_01,CUS_0x3799,1,30dpd_6mob,2024-05-01
CUS_0x37e1_2023_11_01,CUS_0x37e1,0,30dpd_6mob,2024-05-01
CUS_0x391a_2023_11_01,CUS_0x391a,0,30dpd_6mob,2024-05-01
CUS_0x39ad_2023_11_01,CUS_0x39ad,0,30dpd_6mob,2024-05-01
CUS_0x3a41_2023_11_01,CUS_0x3a41,0,30dpd_6mob,2024-05-01
CUS_0x3a93_2023_11_01,CUS_0x3a93,1,30dpd_6mob,2024-05-01
CUS_0x3ace_2023_11_01,CUS_0x3ace,1,30dpd_6mob,2024-05-01
CUS_0x3ad0_2023_11_01,CUS_0x3ad0,0,30dpd_6mob,2024-05-01
CUS_0x3bad_2023_11_01,CUS_0x3bad,0,30dpd_6mob,2024-05-01
CUS_0x3bbe_2023_11_01,CUS_0x3bbe,0,30dpd_6mob,2024-05-01
CUS_0x3c6a_2023_11_01,CUS_0x3c6a,0,30dpd_6mob,2024-05-01
CUS_0x3c90_2023_11_01,CUS_0x3c90,0,30dpd_6mob,2024-05-01
CUS_0x3c9b_2023_11_01,CUS_0x3c9b,1,30dpd_6mob,2024-05-01
CUS_0x3e6b_2023_11_01,CUS_0x3e6b,0,30dpd_6mob,2024-05-01
CUS_0x3ee9_2023_11_01,CUS_0x3ee9,0,30dpd_6mob,2024-05-01
CUS_0x3ef_2023_11_01,CUS_0x3ef,1,30dpd_6mob,2024-05-01
CUS_0x3f12_2023_11_01,CUS_0x3f12,0,30dpd_6mob,2024-05-01
CUS_0x3f43_2023_11_01,CUS_0x3f43,0,30dpd_6mob,2024-05-01
CUS_0x3fcf_2023_11_01,CUS_0x3fcf,0,30dpd_6mob,2024-05-01
CUS_0x403a_2023_11_01,CUS_0x403a,0,30dpd_6mob,2024-05-01
CUS_0x406c_2023_11_01,CUS_0x406c,1,30dpd_6mob,2024-05-01
CUS_0x4075_2023_11_01,CUS_0x4075,0,30dpd_6mob,2024-05-01
CUS_0x40d7_2023_11_01,CUS_0x40d7,0,30dpd_6mob,2024-05-01
CUS_0x411e_2023_11_01,CUS_0x411e,0,30dpd_6mob,2024-05-01
CUS_0x41e4_2023_11_01,CUS_0x41e4,0,30dpd_6mob,2024-05-01
CUS_0x41e5_2023_11_01,CUS_0x41e5,0,30dpd_6mob,2024-05-01
CUS_0x42ac_2023_11_01,CUS_0x42ac,0,30dpd_6mob,2024-05-01
CUS_0x4329_2023_11_01,CUS_0x4329,1,30dpd_6mob,2024-05-01
CUS_0x442e_2023_11_01,CUS_0x442e,0,30dpd_6mob,2024-05-01
CUS_0x4488_2023_11_01,CUS_0x4488,0,30dpd_6mob,2024-05-01
CUS_0x448c_2023_11_01,CUS_0x448c,1,30dpd_6mob,2024-05-01
CUS_0x44f_2023_11_01,CUS_0x44f,0,30dpd_6mob,2024-05-01
CUS_0x451e_2023_11_01,CUS_0x451e,1,30dpd_6mob,2024-05-01
CUS_0x455e_2023_11_01,CUS_0x455e,1,30dpd_6mob,2024-05-01
CUS_0x4588_2023_11_01,CUS_0x4588,0,30dpd_6mob,2024-05-01
CUS_0x45df_2023_11_01,CUS_0x45df,0,30dpd_6mob,2024-05-01
CUS_0x465c_2023_11_01,CUS_0x465c,1,30dpd_6mob,2024-05-01
CUS_0x46dc_2023_11_01,CUS_0x46dc,0,30dpd_6mob,2024-05-01
CUS_0x4715_2023_11_01,CUS_0x4715,0,30dpd_6mob,2024-05-01
CUS_0x4795_2023_11_01,CUS_0x4795,0,30dpd_6mob,2024-05-01
CUS_0x4798_2023_11_01,CUS_0x4798,0,30dpd_6mob,2024-05-01
CUS_0x47bc_2023_11_01,CUS_0x47bc,0,30dpd_6mob,2024-05-01
CUS_0x4811_2023_11_01,CUS_0x4811,0,30dpd_6mob,2024-05-01
CUS_0x4843_2023_11_01,CUS_0x4843,1,30dpd_6mob,2024-05-01
CUS_0x489_2023_11_01,CUS_0x489,1,30dpd_6mob,2024-05-01
CUS_0x48a8_2023_11_01,CUS_0x48a8,1,30dpd_6mob,2024-05-01
CUS_0x48c0_2023_11_01,CUS_0x48c0,0,30dpd_6mob,2024-05-01
CUS_0x49bf_2023_11_01,CUS_0x49bf,0,30dpd_6mob,2024-05-01
CUS_0x4a7_2023_11_01,CUS_0x4a7,1,30dpd_6mob,2024-05-01
CUS_0x4a7a_2023_11_01,CUS_0x4a7a,0,30dpd_6mob,2024-05-01
CUS_0x4a9b_2023_11_01,CUS_0x4a9b,0,30dpd_6mob,2024-05-01
CUS_0x4af0_2023_11_01,CUS_0x4af0,0,30dpd_6mob,2024-05-01
CUS_0x4af1_2023_11_01,CUS_0x4af1,0,30dpd_6mob,2024-05-01
CUS_0x4b89_2023_11_01,CUS_0x4b89,0,30dpd_6mob,2024-05-01
CUS_0x4bcf_2023_11_01,CUS_0x4bcf,0,30dpd_6mob,2024-05-01
CUS_0x4c5a_2023_11_01,CUS_0x4c5a,1,30dpd_6mob,2024-05-01
CUS_0x4c76_2023_11_01,CUS_0x4c76,0,30dpd_6mob,2024-05-01
CUS_0x4c7e_2023_11_01,CUS_0x4c7e,0,30dpd_6mob,2024-05-01
CUS_0x4cd8_2023_11_01,CUS_0x4cd8,0,30dpd_6mob,2024-05-01
CUS_0x4de8_2023_11_01,CUS_0x4de8,0,30dpd_6mob,2024-05-01
CUS_0x4df6_2023_11_01,CUS_0x4df6,0,30dpd_6mob,2024-05-01
CUS_0x4e3_2023_11_01,CUS_0x4e3,1,30dpd_6mob,2024-05-01
CUS_0x4e55_2023_11_01,CUS_0x4e55,0,30dpd_6mob,2024-05-01
CUS_0x4f62_2023_11_01,CUS_0x4f62,0,30dpd_6mob,2024-05-01
CUS_0x4faf_2023_11_01,CUS_0x4faf,0,30dpd_6mob,2024-05-01
CUS_0x4fed_2023_11_01,CUS_0x4fed,1,30dpd_6mob,2024-05-01
CUS_0x5012_2023_11_01,CUS_0x5012,1,30dpd_6mob,2024-05-01
CUS_0x507a_2023_11_01,CUS_0x507a,0,30dpd_6mob,2024-05-01
CUS_0x5088_2023_11_01,CUS_0x5088,0,30dpd_6mob,2024-05-01
CUS_0x5204_2023_11_01,CUS_0x5204,1,30dpd_6mob,2024-05-01
CUS_0x5222_2023_11_01,CUS_0x5222,0,30dpd_6mob,2024-05-01
CUS_0x523b_2023_11_01,CUS_0x523b,0,30dpd_6mob,2024-05-01
CUS_0x5376_2023_11_01,CUS_0x5376,0,30dpd_6mob,2024-05-01
CUS_0x53fc_2023_11_01,CUS_0x53fc,1,30dpd_6mob,2024-05-01
CUS_0x549d_2023_11_01,CUS_0x549d,0,30dpd_6mob,2024-05-01
CUS_0x54c7_2023_11_01,CUS_0x54c7,0,30dpd_6mob,2024-05-01
CUS_0x5534_2023_11_01,CUS_0x5534,0,30dpd_6mob,2024-05-01
CUS_0x557_2023_11_01,CUS_0x557,0,30dpd_6mob,2024-05-01
CUS_0x56d7_2023_11_01,CUS_0x56d7,0,30dpd_6mob,2024-05-01
CUS_0x5718_2023_11_01,CUS_0x5718,0,30dpd_6mob,2024-05-01
CUS_0x575b_2023_11_01,CUS_0x575b,0,30dpd_6mob,2024-05-01
CUS_0x57a2_2023_11_01,CUS_0x57a2,0,30dpd_6mob,2024-05-01
CUS_0x57c6_2023_11_01,CUS_0x57c6,0,30dpd_6mob,2024-05-01
CUS_0x57ef_2023_11_01,CUS_0x57ef,0,30dpd_6mob,2024-05-01
CUS_0x588e_2023_11_01,CUS_0x588e,0,30dpd_6mob,2024-05-01
CUS_0x58b0_2023_11_01,CUS_0x58b0,0,30dpd_6mob,2024-05-01
CUS_0x58fb_2023_11_01,CUS_0x58fb,0,30dpd_6mob,2024-05-01
CUS_0x5937_2023_11_01,CUS_0x5937,0,30dpd_6mob,2024-05-01
CUS_0x59c7_2023_11_01,CUS_0x59c7,0,30dpd_6mob,2024-05-01
CUS_0x5a42_2023_11_01,CUS_0x5a42,1,30dpd_6mob,2024-05-01
CUS_0x5a5a_2023_11_01,CUS_0x5a5a,0,30dpd_6mob,2024-05-01
CUS_0x5a90_2023_11_01,CUS_0x5a90,0,30dpd_6mob,2024-05-01
CUS_0x5c2d_2023_11_01,CUS_0x5c2d,0,30dpd_6mob,2024-05-01
CUS_0x5c68_2023_11_01,CUS_0x5c68,0,30dpd_6mob,2024-05-01
CUS_0x5cdc_2023_11_01,CUS_0x5cdc,0,30dpd_6mob,2024-05-01
CUS_0x5cf2_2023_11_01,CUS_0x5cf2,0,30dpd_6mob,2024-05-01
CUS_0x5d94_2023_11_01,CUS_0x5d94,0,30dpd_6mob,2024-05-01
CUS_0x5db0_2023_11_01,CUS_0x5db0,1,30dpd_6mob,2024-05-01
CUS_0x5df7_2023_11_01,CUS_0x5df7,1,30dpd_6mob,2024-05-01
CUS_0x5e02_2023_11_01,CUS_0x5e02,0,30dpd_6mob,2024-05-01
CUS_0x5e28_2023_11_01,CUS_0x5e28,0,30dpd_6mob,2024-05-01
CUS_0x5e34_2023_11_01,CUS_0x5e34,0,30dpd_6mob,2024-05-01
CUS_0x5e8f_2023_11_01,CUS_0x5e8f,0,30dpd_6mob,2024-05-01
CUS_0x5f97_2023_11_01,CUS_0x5f97,0,30dpd_6mob,2024-05-01
CUS_0x5fca_2023_11_01,CUS_0x5fca,0,30dpd_6mob,2024-05-01
CUS_0x5fcd_2023_11_01,CUS_0x5fcd,0,30dpd_6mob,2024-05-01
CUS_0x5fd1_2023_11_01,CUS_0x5fd1,0,30dpd_6mob,2024-05-01
CUS_0x5ff9_2023_11_01,CUS_0x5ff9,0,30dpd_6mob,2024-05-01
CUS_0x6079_2023_11_01,CUS_0x6079,1,30dpd_6mob,2024-05-01
CUS_0x60a2_2023_11_01,CUS_0x60a2,0,30dpd_6mob,2024-05-01
CUS_0x60af_2023_11_01,CUS_0x60af,0,30dpd_6mob,2024-05-01
CUS_0x60ec_2023_11_01,CUS_0x60ec,0,30dpd_6mob,2024-05-01
CUS_0x60f1_2023_11_01,CUS_0x60f1,1,30dpd_6mob,2024-05-01
CUS_0x6136_2023_11_01,CUS_0x6136,0,30dpd_6mob,2024-05-01
CUS_0x613c_2023_11_01,CUS_0x613c,0,30dpd_6mob,2024-05-01
CUS_0x6172_2023_11_01,CUS_0x6172,1,30dpd_6mob,2024-05-01
CUS_0x621_2023_11_01,CUS_0x621,0,30dpd_6mob,2024-05-01
CUS_0x624b_2023_11_01,CUS_0x624b,1,30dpd_6mob,2024-05-01
CUS_0x6273_2023_11_01,CUS_0x6273,0,30dpd_6mob,2024-05-01
CUS_0x62d2_2023_11_01,CUS_0x62d2,0,30dpd_6mob,2024-05-01
CUS_0x62e9_2023_11_01,CUS_0x62e9,1,30dpd_6mob,2024-05-01
CUS_0x6324_2023_11_01,CUS_0x6324,0,30dpd_6mob,2024-05-01
CUS_0x6325_2023_11_01,CUS_0x6325,1,30dpd_6mob,2024-05-01
CUS_0x6331_2023_11_01,CUS_0x6331,0,30dpd_6mob,2024-05-01
CUS_0x63db_2023_11_01,CUS_0x63db,0,30dpd_6mob,2024-05-01
CUS_0x63dd_2023_11_01,CUS_0x63dd,1,30dpd_6mob,2024-05-01
CUS_0x644_2023_11_01,CUS_0x644,0,30dpd_6mob,2024-05-01
CUS_0x646_2023_11_01,CUS_0x646,1,30dpd_6mob,2024-05-01
CUS_0x64ce_2023_11_01,CUS_0x64ce,0,30dpd_6mob,2024-05-01
CUS_0x64d6_2023_11_01,CUS_0x64d6,1,30dpd_6mob,2024-05-01
CUS_0x650f_2023_11_01,CUS_0x650f,0,30dpd_6mob,2024-05-01
CUS_0x6540_2023_11_01,CUS_0x6540,0,30dpd_6mob,2024-05-01
CUS_0x65a9_2023_11_01,CUS_0x65a9,0,30dpd_6mob,2024-05-01
CUS_0x65d2_2023_11_01,CUS_0x65d2,0,30dpd_6mob,2024-05-01
CUS_0x66bb_2023_11_01,CUS_0x66bb,0,30dpd_6mob,2024-05-01
CUS_0x66d9_2023_11_01,CUS_0x66d9,1,30dpd_6mob,2024-05-01
CUS_0x6714_2023_11_01,CUS_0x6714,0,30dpd_6mob,2024-05-01
CUS_0x676b_2023_11_01,CUS_0x676b,1,30dpd_6mob,2024-05-01
CUS_0x67b0_2023_11_01,CUS_0x67b0,0,30dpd_6mob,2024-05-01
CUS_0x67c7_2023_11_01,CUS_0x67c7,1,30dpd_6mob,2024-05-01
CUS_0x68a7_2023_11_01,CUS_0x68a7,1,30dpd_6mob,2024-05-01
CUS_0x691c_2023_11_01,CUS_0x691c,0,30dpd_6mob,2024-05-01
CUS_0x6972_2023_11_01,CUS_0x6972,0,30dpd_6mob,2024-05-01
CUS_0x6992_2023_11_01,CUS_0x6992,0,30dpd_6mob,2024-05-01
CUS_0x6a74_2023_11_01,CUS_0x6a74,0,30dpd_6mob,2024-05-01
CUS_0x6acb_2023_11_01,CUS_0x6acb,1,30dpd_6mob,2024-05-01
CUS_0x6ae5_2023_11_01,CUS_0x6ae5,1,30dpd_6mob,2024-05-01
CUS_0x6b8_2023_11_01,CUS_0x6b8,0,30dpd_6mob,2024-05-01
CUS_0x6be3_2023_11_01,CUS_0x6be3,0,30dpd_6mob,2024-05-01
CUS_0x6c9e_2023_11_01,CUS_0x6c9e,1,30dpd_6mob,2024-05-01
CUS_0x6d41_2023_11_01,CUS_0x6d41,1,30dpd_6mob,2024-05-01
CUS_0x6dd6_2023_11_01,CUS_0x6dd6,0,30dpd_6mob,2024-05-01
CUS_0x6e05_2023_11_01,CUS_0x6e05,0,30dpd_6mob,2024-05-01
CUS_0x6e5d_2023_11_01,CUS_0x6e5d,1,30dpd_6mob,2024-05-01
CUS_0x6ec9_2023_11_01,CUS_0x6ec9,1,30dpd_6mob,2024-05-01
CUS_0x6eec_2023_11_01,CUS_0x6eec,0,30dpd_6mob,2024-05-01
CUS_0x6eee_2023_11_01,CUS_0x6eee,0,30dpd_6mob,2024-05-01
CUS_0x6f3e_2023_11_01,CUS_0x6f3e,1,30dpd_6mob,2024-05-01
CUS_0x6fca_2023_11_01,CUS_0x6fca,0,30dpd_6mob,2024-05-01
CUS_0x7007_2023_11_01,CUS_0x7007,1,30dpd_6mob,2024-05-01
CUS_0x7045_2023_11_01,CUS_0x7045,0,30dpd_6mob,2024-05-01
CUS_0x7071_2023_11_01,CUS_0x7071,1,30dpd_6mob,2024-05-01
CUS_0x709d_2023_11_01,CUS_0x709d,1,30dpd_6mob,2024-05-01
CUS_0x70c9_2023_11_01,CUS_0x70c9,0,30dpd_6mob,2024-05-01
CUS_0x70e_2023_11_01,CUS_0x70e,0,30dpd_6mob,2024-05-01
CUS_0x71dd_2023_11_01,CUS_0x71dd,0,30dpd_6mob,2024-05-01
CUS_0x720a_2023_11_01,CUS_0x720a,1,30dpd_6mob,2024-05-01
CUS_0x73e4_2023_11_01,CUS_0x73e4,0,30dpd_6mob,2024-05-01
CUS_0x7409_2023_11_01,CUS_0x7409,0,30dpd_6mob,2024-05-01
CUS_0x754e_2023_11_01,CUS_0x754e,1,30dpd_6mob,2024-05-01
CUS_0x756f_2023_11_01,CUS_0x756f,0,30dpd_6mob,2024-05-01
CUS_0x7595_2023_11_01,CUS_0x7595,0,30dpd_6mob,2024-05-01
CUS_0x75aa_2023_11_01,CUS_0x75aa,1,30dpd_6mob,2024-05-01
CUS_0x75b1_2023_11_01,CUS_0x75b1,0,30dpd_6mob,2024-05-01
CUS_0x75c6_2023_11_01,CUS_0x75c6,0,30dpd_6mob,2024-05-01
CUS_0x75ef_2023_11_01,CUS_0x75ef,0,30dpd_6mob,2024-05-01
CUS_0x761f_2023_11_01,CUS_0x761f,1,30dpd_6mob,2024-05-01
CUS_0x7623_2023_11_01,CUS_0x7623,0,30dpd_6mob,2024-05-01
CUS_0x769a_2023_11_01,CUS_0x769a,0,30dpd_6mob,2024-05-01
CUS_0x76c2_2023_11_01,CUS_0x76c2,0,30dpd_6mob,2024-05-01
CUS_0x76c4_2023_11_01,CUS_0x76c4,0,30dpd_6mob,2024-05-01
CUS_0x76fb_2023_11_01,CUS_0x76fb,0,30dpd_6mob,2024-05-01
CUS_0x787b_2023_11_01,CUS_0x787b,1,30dpd_6mob,2024-05-01
CUS_0x78eb_2023_11_01,CUS_0x78eb,0,30dpd_6mob,2024-05-01
CUS_0x7953_2023_11_01,CUS_0x7953,1,30dpd_6mob,2024-05-01
CUS_0x797a_2023_11_01,CUS_0x797a,0,30dpd_6mob,2024-05-01
CUS_0x79d7_2023_11_01,CUS_0x79d7,1,30dpd_6mob,2024-05-01
CUS_0x7a35_2023_11_01,CUS_0x7a35,1,30dpd_6mob,2024-05-01
CUS_0x7aa9_2023_11_01,CUS_0x7aa9,0,30dpd_6mob,2024-05-01
CUS_0x7aaa_2023_11_01,CUS_0x7aaa,0,30dpd_6mob,2024-05-01
CUS_0x7b5_2023_11_01,CUS_0x7b5,1,30dpd_6mob,2024-05-01
CUS_0x7b5a_2023_11_01,CUS_0x7b5a,0,30dpd_6mob,2024-05-01
CUS_0x7bbb_2023_11_01,CUS_0x7bbb,0,30dpd_6mob,2024-05-01
CUS_0x7bff_2023_11_01,CUS_0x7bff,1,30dpd_6mob,2024-05-01
CUS_0x7cac_2023_11_01,CUS_0x7cac,1,30dpd_6mob,2024-05-01
CUS_0x7d05_2023_11_01,CUS_0x7d05,0,30dpd_6mob,2024-05-01
CUS_0x7d43_2023_11_01,CUS_0x7d43,0,30dpd_6mob,2024-05-01
CUS_0x7d4b_2023_11_01,CUS_0x7d4b,1,30dpd_6mob,2024-05-01
CUS_0x7e09_2023_11_01,CUS_0x7e09,1,30dpd_6mob,2024-05-01
CUS_0x7e12_2023_11_01,CUS_0x7e12,0,30dpd_6mob,2024-05-01
CUS_0x7edf_2023_11_01,CUS_0x7edf,1,30dpd_6mob,2024-05-01
CUS_0x7eed_2023_11_01,CUS_0x7eed,0,30dpd_6mob,2024-05-01
CUS_0x7fb0_2023_11_01,CUS_0x7fb0,0,30dpd_6mob,2024-05-01
CUS_0x8090_2023_11_01,CUS_0x8090,0,30dpd_6mob,2024-05-01
CUS_0x80b4_2023_11_01,CUS_0x80b4,1,30dpd_6mob,2024-05-01
CUS_0x80ce_2023_11_01,CUS_0x80ce,0,30dpd_6mob,2024-05-01
CUS_0x820c_2023_11_01,CUS_0x820c,0,30dpd_6mob,2024-05-01
CUS_0x8281_2023_11_01,CUS_0x8281,1,30dpd_6mob,2024-05-01
CUS_0x82a6_2023_11_01,CUS_0x82a6,1,30dpd_6mob,2024-05-01
CUS_0x82bd_2023_11_01,CUS_0x82bd,0,30dpd_6mob,2024-05-01
CUS_0x831d_2023_11_01,CUS_0x831d,0,30dpd_6mob,2024-05-01
CUS_0x835_2023_11_01,CUS_0x835,0,30dpd_6mob,2024-05-01
CUS_0x836e_2023_11_01,CUS_0x836e,0,30dpd_6mob,2024-05-01
CUS_0x83ea_2023_11_01,CUS_0x83ea,0,30dpd_6mob,2024-05-01
CUS_0x841f_2023_11_01,CUS_0x841f,0,30dpd_6mob,2024-05-01
CUS_0x8448_2023_11_01,CUS_0x8448,0,30dpd_6mob,2024-05-01
CUS_0x84b4_2023_11_01,CUS_0x84b4,0,30dpd_6mob,2024-05-01
CUS_0x84cc_2023_11_01,CUS_0x84cc,0,30dpd_6mob,2024-05-01
CUS_0x85be_2023_11_01,CUS_0x85be,0,30dpd_6mob,2024-05-01
CUS_0x8672_2023_11_01,CUS_0x8672,1,30dpd_6mob,2024-05-01
CUS_0x867a_2023_11_01,CUS_0x867a,0,30dpd_6mob,2024-05-01
CUS_0x8763_2023_11_01,CUS_0x8763,1,30dpd_6mob,2024-05-01
CUS_0x8771_2023_11_01,CUS_0x8771,0,30dpd_6mob,2024-05-01
CUS_0x8773_2023_11_01,CUS_0x8773,0,30dpd_6mob,2024-05-01
CUS_0x87be_2023_11_01,CUS_0x87be,1,30dpd_6mob,2024-05-01
CUS_0x8907_2023_11_01,CUS_0x8907,0,30dpd_6mob,2024-05-01
CUS_0x8962_2023_11_01,CUS_0x8962,0,30dpd_6mob,2024-05-01
CUS_0x896f_2023_11_01,CUS_0x896f,1,30dpd_6mob,2024-05-01
CUS_0x897f_2023_11_01,CUS_0x897f,0,30dpd_6mob,2024-05-01
CUS_0x89e3_2023_11_01,CUS_0x89e3,0,30dpd_6mob,2024-05-01
CUS_0x8a1_2023_11_01,CUS_0x8a1,1,30dpd_6mob,2024-05-01
CUS_0x8a39_2023_11_01,CUS_0x8a39,0,30dpd_6mob,2024-05-01
CUS_0x8a45_2023_11_01,CUS_0x8a45,1,30dpd_6mob,2024-05-01
CUS_0x8a64_2023_11_01,CUS_0x8a64,1,30dpd_6mob,2024-05-01
CUS_0x8ae5_2023_11_01,CUS_0x8ae5,0,30dpd_6mob,2024-05-01
CUS_0x8b2c_2023_11_01,CUS_0x8b2c,1,30dpd_6mob,2024-05-01
CUS_0x8b9a_2023_11_01,CUS_0x8b9a,0,30dpd_6mob,2024-05-01
CUS_0x8bce_2023_11_01,CUS_0x8bce,0,30dpd_6mob,2024-05-01
CUS_0x8c1d_2023_11_01,CUS_0x8c1d,1,30dpd_6mob,2024-05-01
CUS_0x8d96_2023_11_01,CUS_0x8d96,1,30dpd_6mob,2024-05-01
CUS_0x8e28_2023_11_01,CUS_0x8e28,0,30dpd_6mob,2024-05-01
CUS_0x8e75_2023_11_01,CUS_0x8e75,1,30dpd_6mob,2024-05-01
CUS_0x8e7d_2023_11_01,CUS_0x8e7d,0,30dpd_6mob,2024-05-01
CUS_0x8e94_2023_11_01,CUS_0x8e94,0,30dpd_6mob,2024-05-01
CUS_0x8f84_2023_11_01,CUS_0x8f84,0,30dpd_6mob,2024-05-01
CUS_0x903b_2023_11_01,CUS_0x903b,0,30dpd_6mob,2024-05-01
CUS_0x9073_2023_11_01,CUS_0x9073,0,30dpd_6mob,2024-05-01
CUS_0x9079_2023_11_01,CUS_0x9079,0,30dpd_6mob,2024-05-01
CUS_0x91ac_2023_11_01,CUS_0x91ac,1,30dpd_6mob,2024-05-01
CUS_0x926b_2023_11_01,CUS_0x926b,0,30dpd_6mob,2024-05-01
CUS_0x92f9_2023_11_01,CUS_0x92f9,0,30dpd_6mob,2024-05-01
CUS_0x93d0_2023_11_01,CUS_0x93d0,0,30dpd_6mob,2024-05-01
CUS_0x949_2023_11_01,CUS_0x949,0,30dpd_6mob,2024-05-01
CUS_0x955b_2023_11_01,CUS_0x955b,0,30dpd_6mob,2024-05-01
CUS_0x9574_2023_11_01,CUS_0x9574,1,30dpd_6mob,2024-05-01
CUS_0x95ec_2023_11_01,CUS_0x95ec,0,30dpd_6mob,2024-05-01
CUS_0x961b_2023_11_01,CUS_0x961b,0,30dpd_6mob,2024-05-01
CUS_0x96b1_2023_11_01,CUS_0x96b1,0,30dpd_6mob,2024-05-01
CUS_0x96c8_2023_11_01,CUS_0x96c8,1,30dpd_6mob,2024-05-01
CUS_0x972f_2023_11_01,CUS_0x972f,0,30dpd_6mob,2024-05-01
CUS_0x9737_2023_11_01,CUS_0x9737,0,30dpd_6mob,2024-05-01
CUS_0x97a4_2023_11_01,CUS_0x97a4,1,30dpd_6mob,2024-05-01
CUS_0x9891_2023_11_01,CUS_0x9891,0,30dpd_6mob,2024-05-01
CUS_0x99a9_2023_11_01,CUS_0x99a9,0,30dpd_6mob,2024-05-01
CUS_0x99ba_2023_11_01,CUS_0x99ba,0,30dpd_6mob,2024-05-01
CUS_0x99bc_2023_11_01,CUS_0x99bc,1,30dpd_6mob,2024-05-01
CUS_0x99ca_2023_11_01,CUS_0x99ca,0,30dpd_6mob,2024-05-01
CUS_0x9ae_2023_11_01,CUS_0x9ae,1,30dpd_6mob,2024-05-01
CUS_0x9b60_2023_11_01,CUS_0x9b60,0,30dpd_6mob,2024-05-01
CUS_0x9bf4_2023_11_01,CUS_0x9bf4,0,30dpd_6mob,2024-05-01
CUS_0x9bfa_2023_11_01,CUS_0x9bfa,0,30dpd_6mob,2024-05-01
CUS_0x9c03_2023_11_01,CUS_0x9c03,1,30dpd_6mob,2024-05-01
CUS_0x9c19_2023_11_01,CUS_0x9c19,1,30dpd_6mob,2024-05-01
CUS_0x9c79_2023_11_01,CUS_0x9c79,0,30dpd_6mob,2024-05-01
CUS_0x9cdb_2023_11_01,CUS_0x9cdb,0,30dpd_6mob,2024-05-01
CUS_0x9d3_2023_11_01,CUS_0x9d3,0,30dpd_6mob,2024-05-01
CUS_0x9dc2_2023_11_01,CUS_0x9dc2,0,30dpd_6mob,2024-05-01
CUS_0x9e8d_2023_11_01,CUS_0x9e8d,0,30dpd_6mob,2024-05-01
CUS_0x9ed1_2023_11_01,CUS_0x9ed1,0,30dpd_6mob,2024-05-01
CUS_0x9f40_2023_11_01,CUS_0x9f40,0,30dpd_6mob,2024-05-01
CUS_0x9f5_2023_11_01,CUS_0x9f5,0,30dpd_6mob,2024-05-01
CUS_0x9f7a_2023_11_01,CUS_0x9f7a,0,30dpd_6mob,2024-05-01
CUS_0xa058_2023_11_01,CUS_0xa058,1,30dpd_6mob,2024-05-01
CUS_0xa1a0_2023_11_01,CUS_0xa1a0,0,30dpd_6mob,2024-05-01
CUS_0xa219_2023_11_01,CUS_0xa219,0,30dpd_6mob,2024-05-01
CUS_0xa250_2023_11_01,CUS_0xa250,0,30dpd_6mob,2024-05-01
CUS_0xa30f_2023_11_01,CUS_0xa30f,1,30dpd_6mob,2024-05-01
CUS_0xa31_2023_11_01,CUS_0xa31,0,30dpd_6mob,2024-05-01
CUS_0xa352_2023_11_01,CUS_0xa352,1,30dpd_6mob,2024-05-01
CUS_0xa3aa_2023_11_01,CUS_0xa3aa,0,30dpd_6mob,2024-05-01
CUS_0xa49c_2023_11_01,CUS_0xa49c,0,30dpd_6mob,2024-05-01
CUS_0xa4f3_2023_11_01,CUS_0xa4f3,1,30dpd_6mob,2024-05-01
CUS_0xa509_2023_11_01,CUS_0xa509,0,30dpd_6mob,2024-05-01
CUS_0xa587_2023_11_01,CUS_0xa587,1,30dpd_6mob,2024-05-01
CUS_0xa618_2023_11_01,CUS_0xa618,0,30dpd_6mob,2024-05-01
CUS_0xa65f_2023_11_01,CUS_0xa65f,0,30dpd_6mob,2024-05-01
CUS_0xa672_2023_11_01,CUS_0xa672,0,30dpd_6mob,2024-05-01
CUS_0xa67d_2023_11_01,CUS_0xa67d,0,30dpd_6mob,2024-05-01
CUS_0xa6d1_2023_11_01,CUS_0xa6d1,0,30dpd_6mob,2024-05-01
CUS_0xa729_2023_11_01,CUS_0xa729,1,30dpd_6mob,2024-05-01
CUS_0xa788_2023_11_01,CUS_0xa788,1,30dpd_6mob,2024-05-01
CUS_0xa7a3_2023_11_01,CUS_0xa7a3,1,30dpd_6mob,2024-05-01
CUS_0xa7ae_2023_11_01,CUS_0xa7ae,0,30dpd_6mob,2024-05-01
CUS_0xa7be_2023_11_01,CUS_0xa7be,0,30dpd_6mob,2024-05-01
CUS_0xa7d4_2023_11_01,CUS_0xa7d4,1,30dpd_6mob,2024-05-01
CUS_0xa7e9_2023_11_01,CUS_0xa7e9,0,30dpd_6mob,2024-05-01
CUS_0xa872_2023_11_01,CUS_0xa872,0,30dpd_6mob,2024-05-01
CUS_0xa90_2023_11_01,CUS_0xa90,0,30dpd_6mob,2024-05-01
CUS_0xa94f_2023_11_01,CUS_0xa94f,0,30dpd_6mob,2024-05-01
CUS_0xa98a_2023_11_01,CUS_0xa98a,0,30dpd_6mob,2024-05-01
CUS_0xa9ad_2023_11_01,CUS_0xa9ad,0,30dpd_6mob,2024-05-01
CUS_0xaa5a_2023_11_01,CUS_0xaa5a,0,30dpd_6mob,2024-05-01
CUS_0xabaf_2023_11_01,CUS_0xabaf,0,30dpd_6mob,2024-05-01
CUS_0xabd_2023_11_01,CUS_0xabd,0,30dpd_6mob,2024-05-01
CUS_0xac1_2023_11_01,CUS_0xac1,0,30dpd_6mob,2024-05-01
CUS_0xac5a_2023_11_01,CUS_0xac5a,0,30dpd_6mob,2024-05-01
CUS_0xace2_2023_11_01,CUS_0xace2,0,30dpd_6mob,2024-05-01
CUS_0xad3c_2023_11_01,CUS_0xad3c,0,30dpd_6mob,2024-05-01
CUS_0xae17_2023_11_01,CUS_0xae17,0,30dpd_6mob,2024-05-01
CUS_0xaf18_2023_11_01,CUS_0xaf18,1,30dpd_6mob,2024-05-01
CUS_0xaf3_2023_11_01,CUS_0xaf3,0,30dpd_6mob,2024-05-01
CUS_0xafb_2023_11_01,CUS_0xafb,0,30dpd_6mob,2024-05-01
CUS_0xaff8_2023_11_01,CUS_0xaff8,0,30dpd_6mob,2024-05-01
CUS_0xb096_2023_11_01,CUS_0xb096,0,30dpd_6mob,2024-05-01
CUS_0xb102_2023_11_01,CUS_0xb102,0,30dpd_6mob,2024-05-01
CUS_0xb132_2023_11_01,CUS_0xb132,1,30dpd_6mob,2024-05-01
CUS_0xb17a_2023_11_01,CUS_0xb17a,0,30dpd_6mob,2024-05-01
CUS_0xb18d_2023_11_01,CUS_0xb18d,0,30dpd_6mob,2024-05-01
CUS_0xb19c_2023_11_01,CUS_0xb19c,0,30dpd_6mob,2024-05-01
CUS_0xb24c_2023_11_01,CUS_0xb24c,1,30dpd_6mob,2024-05-01
CUS_0xb2d3_2023_11_01,CUS_0xb2d3,1,30dpd_6mob,2024-05-01
CUS_0xb329_2023_11_01,CUS_0xb329,0,30dpd_6mob,2024-05-01
CUS_0xb38b_2023_11_01,CUS_0xb38b,0,30dpd_6mob,2024-05-01
CUS_0xb3bd_2023_11_01,CUS_0xb3bd,0,30dpd_6mob,2024-05-01
CUS_0xb482_2023_11_01,CUS_0xb482,0,30dpd_6mob,2024-05-01
CUS_0xb49_2023_11_01,CUS_0xb49,0,30dpd_6mob,2024-05-01
CUS_0xb4c5_2023_11_01,CUS_0xb4c5,0,30dpd_6mob,2024-05-01
CUS_0xb4d6_2023_11_01,CUS_0xb4d6,0,30dpd_6mob,2024-05-01
CUS_0xb5f3_2023_11_01,CUS_0xb5f3,1,30dpd_6mob,2024-05-01
CUS_0xb6dd_2023_11_01,CUS_0xb6dd,1,30dpd_6mob,2024-05-01
CUS_0xb734_2023_11_01,CUS_0xb734,0,30dpd_6mob,2024-05-01
CUS_0xb743_2023_11_01,CUS_0xb743,0,30dpd_6mob,2024-05-01
CUS_0xb761_2023_11_01,CUS_0xb761,0,30dpd_6mob,2024-05-01
CUS_0xb78e_2023_11_01,CUS_0xb78e,1,30dpd_6mob,2024-05-01
CUS_0xb7eb_2023_11_01,CUS_0xb7eb,0,30dpd_6mob,2024-05-01
CUS_0xb811_2023_11_01,CUS_0xb811,0,30dpd_6mob,2024-05-01
CUS_0xb828_2023_11_01,CUS_0xb828,1,30dpd_6mob,2024-05-01
CUS_0xb85c_2023_11_01,CUS_0xb85c,1,30dpd_6mob,2024-05-01
CUS_0xb873_2023_11_01,CUS_0xb873,1,30dpd_6mob,2024-05-01
CUS_0xb8a7_2023_11_01,CUS_0xb8a7,0,30dpd_6mob,2024-05-01
CUS_0xb928_2023_11_01,CUS_0xb928,0,30dpd_6mob,2024-05-01
CUS_0xb970_2023_11_01,CUS_0xb970,0,30dpd_6mob,2024-05-01
CUS_0xb9bd_2023_11_01,CUS_0xb9bd,0,30dpd_6mob,2024-05-01
CUS_0xb9c7_2023_11_01,CUS_0xb9c7,1,30dpd_6mob,2024-05-01
CUS_0xb9d_2023_11_01,CUS_0xb9d,0,30dpd_6mob,2024-05-01
CUS_0xb9d5_2023_11_01,CUS_0xb9d5,0,30dpd_6mob,2024-05-01
CUS_0xb9d8_2023_11_01,CUS_0xb9d8,0,30dpd_6mob,2024-05-01
CUS_0xba18_2023_11_01,CUS_0xba18,0,30dpd_6mob,2024-05-01
CUS_0xba1c_2023_11_01,CUS_0xba1c,1,30dpd_6mob,2024-05-01
CUS_0xbab8_2023_11_01,CUS_0xbab8,1,30dpd_6mob,2024-05-01
CUS_0xbb23_2023_11_01,CUS_0xbb23,1,30dpd_6mob,2024-05-01
CUS_0xbc88_2023_11_01,CUS_0xbc88,0,30dpd_6mob,2024-05-01
CUS_0xbcfa_2023_11_01,CUS_0xbcfa,1,30dpd_6mob,2024-05-01
CUS_0xbdfe_2023_11_01,CUS_0xbdfe,0,30dpd_6mob,2024-05-01
CUS_0xbe32_2023_11_01,CUS_0xbe32,0,30dpd_6mob,2024-05-01
CUS_0xbe6f_2023_11_01,CUS_0xbe6f,1,30dpd_6mob,2024-05-01
CUS_0xbedd_2023_11_01,CUS_0xbedd,0,30dpd_6mob,2024-05-01
CUS_0xbef3_2023_11_01,CUS_0xbef3,0,30dpd_6mob,2024-05-01
CUS_0xbefe_2023_11_01,CUS_0xbefe,1,30dpd_6mob,2024-05-01
CUS_0xbf0b_2023_11_01,CUS_0xbf0b,0,30dpd_6mob,2024-05-01
CUS_0xc01a_2023_11_01,CUS_0xc01a,0,30dpd_6mob,2024-05-01
CUS_0xc03f_2023_11_01,CUS_0xc03f,0,30dpd_6mob,2024-05-01
CUS_0xc0f8_2023_11_01,CUS_0xc0f8,0,30dpd_6mob,2024-05-01
CUS_0xc106_2023_11_01,CUS_0xc106,0,30dpd_6mob,2024-05-01
CUS_0xc216_2023_11_01,CUS_0xc216,1,30dpd_6mob,2024-05-01
CUS_0xc23d_2023_11_01,CUS_0xc23d,0,30dpd_6mob,2024-05-01
CUS_0xc2a4_2023_11_01,CUS_0xc2a4,0,30dpd_6mob,2024-05-01
CUS_0xc3ae_2023_11_01,CUS_0xc3ae,0,30dpd_6mob,2024-05-01
CUS_0xc3cf_2023_11_01,CUS_0xc3cf,0,30dpd_6mob,2024-05-01
CUS_0xc4ad_2023_11_01,CUS_0xc4ad,1,30dpd_6mob,2024-05-01
CUS_0xc4f5_2023_11_01,CUS_0xc4f5,1,30dpd_6mob,2024-05-01
CUS_0xc594_2023_11_01,CUS_0xc594,0,30dpd_6mob,2024-05-01
CUS_0xc5a3_2023_11_01,CUS_0xc5a3,0,30dpd_6mob,2024-05-01
CUS_0xc669_2023_11_01,CUS_0xc669,0,30dpd_6mob,2024-05-01
CUS_0xc727_2023_11_01,CUS_0xc727,1,30dpd_6mob,2024-05-01
CUS_0xc74_2023_11_01,CUS_0xc74,0,30dpd_6mob,2024-05-01
CUS_0xd40_2023_11_01,CUS_0xd40,0,30dpd_6mob,2024-05-01
CUS_0xddf_2023_11_01,CUS_0xddf,0,30dpd_6mob,2024-05-01
CUS_0xe10_2023_11_01,CUS_0xe10,0,30dpd_6mob,2024-05-01
CUS_0xe57_2023_11_01,CUS_0xe57,1,30dpd_6mob,2024-05-01
CUS_0xeda_2023_11_01,CUS_0xeda,1,30dpd_6mob,2024-05-01
CUS_0xf19_2023_11_01,CUS_0xf19,0,30dpd_6mob,2024-05-01
CUS_0xf3e_2023_11_01,CUS_0xf3e,1,30dpd_6mob,2024-05-01
CUS_0xf50_2023_11_01,CUS_0xf50,0,30dpd_6mob,2024-05-01
CUS_0x1026_2023_10_01,CUS_0x1026,0,30dpd_6mob,2024-04-01
CUS_0x109b_2023_10_01,CUS_0x109b,1,30dpd_6mob,2024-04-01
CUS_0x10ff_2023_10_01,CUS_0x10ff,0,30dpd_6mob,2024-04-01
CUS_0x1100_2023_10_01,CUS_0x1100,1,30dpd_6mob,2024-04-01
CUS_0x112f_2023_10_01,CUS_0x112f,1,30dpd_6mob,2024-04-01
CUS_0x1134_2023_10_01,CUS_0x1134,0,30dpd_6mob,2024-04-01
CUS_0x1168_2023_10_01,CUS_0x1168,0,30dpd_6mob,2024-04-01
CUS_0x12e7_2023_10_01,CUS_0x12e7,1,30dpd_6mob,2024-04-01
CUS_0x138e_2023_10_01,CUS_0x138e,0,30dpd_6mob,2024-04-01
CUS_0x147c_2023_10_01,CUS_0x147c,1,30dpd_6mob,2024-04-01
CUS_0x1498_2023_10_01,CUS_0x1498,1,30dpd_6mob,2024-04-01
CUS_0x14f5_2023_10_01,CUS_0x14f5,1,30dpd_6mob,2024-04-01
CUS_0x16a5_2023_10_01,CUS_0x16a5,0,30dpd_6mob,2024-04-01
CUS_0x16d3_2023_10_01,CUS_0x16d3,1,30dpd_6mob,2024-04-01
CUS_0x1748_2023_10_01,CUS_0x1748,1,30dpd_6mob,2024-04-01
CUS_0x1773_2023_10_01,CUS_0x1773,0,30dpd_6mob,2024-04-01
CUS_0x188f_2023_10_01,CUS_0x188f,0,30dpd_6mob,2024-04-01
CUS_0x18af_2023_10_01,CUS_0x18af,1,30dpd_6mob,2024-04-01
CUS_0x1912_2023_10_01,CUS_0x1912,0,30dpd_6mob,2024-04-01
CUS_0x191f_2023_10_01,CUS_0x191f,0,30dpd_6mob,2024-04-01
CUS_0x193e_2023_10_01,CUS_0x193e,1,30dpd_6mob,2024-04-01
CUS_0x1979_2023_10_01,CUS_0x1979,0,30dpd_6mob,2024-04-01
CUS_0x19d4_2023_10_01,CUS_0x19d4,1,30dpd_6mob,2024-04-01
CUS_0x1aaf_2023_10_01,CUS_0x1aaf,0,30dpd_6mob,2024-04-01
CUS_0x1abb_2023_10_01,CUS_0x1abb,0,30dpd_6mob,2024-04-01
CUS_0x1b00_2023_10_01,CUS_0x1b00,0,30dpd_6mob,2024-04-01
CUS_0x1b6d_2023_10_01,CUS_0x1b6d,1,30dpd_6mob,2024-04-01
CUS_0x1b99_2023_10_01,CUS_0x1b99,0,30dpd_6mob,2024-04-01
CUS_0x1baf_2023_10_01,CUS_0x1baf,0,30dpd_6mob,2024-04-01
CUS_0x1be0_2023_10_01,CUS_0x1be0,1,30dpd_6mob,2024-04-01
CUS_0x1c1c_2023_10_01,CUS_0x1c1c,0,30dpd_6mob,2024-04-01
CUS_0x1c7d_2023_10_01,CUS_0x1c7d,0,30dpd_6mob,2024-04-01
CUS_0x1d1f_2023_10_01,CUS_0x1d1f,0,30dpd_6mob,2024-04-01
CUS_0x1d9e_2023_10_01,CUS_0x1d9e,0,30dpd_6mob,2024-04-01
CUS_0x1e06_2023_10_01,CUS_0x1e06,0,30dpd_6mob,2024-04-01
CUS_0x1e0f_2023_10_01,CUS_0x1e0f,0,30dpd_6mob,2024-04-01
CUS_0x1f24_2023_10_01,CUS_0x1f24,1,30dpd_6mob,2024-04-01
CUS_0x1f66_2023_10_01,CUS_0x1f66,0,30dpd_6mob,2024-04-01
CUS_0x1ffc_2023_10_01,CUS_0x1ffc,0,30dpd_6mob,2024-04-01
CUS_0x20e4_2023_10_01,CUS_0x20e4,0,30dpd_6mob,2024-04-01
CUS_0x215f_2023_10_01,CUS_0x215f,0,30dpd_6mob,2024-04-01
CUS_0x216a_2023_10_01,CUS_0x216a,1,30dpd_6mob,2024-04-01
CUS_0x22b3_2023_10_01,CUS_0x22b3,1,30dpd_6mob,2024-04-01
CUS_0x22e3_2023_10_01,CUS_0x22e3,1,30dpd_6mob,2024-04-01
CUS_0x2391_2023_10_01,CUS_0x2391,0,30dpd_6mob,2024-04-01
CUS_0x23a8_2023_10_01,CUS_0x23a8,0,30dpd_6mob,2024-04-01
CUS_0x23b5_2023_10_01,CUS_0x23b5,1,30dpd_6mob,2024-04-01
CUS_0x24b9_2023_10_01,CUS_0x24b9,1,30dpd_6mob,2024-04-01
CUS_0x24d4_2023_10_01,CUS_0x24d4,0,30dpd_6mob,2024-04-01
CUS_0x24df_2023_10_01,CUS_0x24df,0,30dpd_6mob,2024-04-01
CUS_0x253c_2023_10_01,CUS_0x253c,0,30dpd_6mob,2024-04-01
CUS_0x2594_2023_10_01,CUS_0x2594,1,30dpd_6mob,2024-04-01
CUS_0x2595_2023_10_01,CUS_0x2595,0,30dpd_6mob,2024-04-01
CUS_0x2671_2023_10_01,CUS_0x2671,0,30dpd_6mob,2024-04-01
CUS_0x26a1_2023_10_01,CUS_0x26a1,0,30dpd_6mob,2024-04-01
CUS_0x26e0_2023_10_01,CUS_0x26e0,1,30dpd_6mob,2024-04-01
CUS_0x272c_2023_10_01,CUS_0x272c,0,30dpd_6mob,2024-04-01
CUS_0x2734_2023_10_01,CUS_0x2734,0,30dpd_6mob,2024-04-01
CUS_0x275e_2023_10_01,CUS_0x275e,0,30dpd_6mob,2024-04-01
CUS_0x27d5_2023_10_01,CUS_0x27d5,0,30dpd_6mob,2024-04-01
CUS_0x2858_2023_10_01,CUS_0x2858,0,30dpd_6mob,2024-04-01
CUS_0x288d_2023_10_01,CUS_0x288d,0,30dpd_6mob,2024-04-01
CUS_0x289d_2023_10_01,CUS_0x289d,0,30dpd_6mob,2024-04-01
CUS_0x2924_2023_10_01,CUS_0x2924,0,30dpd_6mob,2024-04-01
CUS_0x2958_2023_10_01,CUS_0x2958,0,30dpd_6mob,2024-04-01
CUS_0x29e0_2023_10_01,CUS_0x29e0,0,30dpd_6mob,2024-04-01
CUS_0x2a03_2023_10_01,CUS_0x2a03,0,30dpd_6mob,2024-04-01
CUS_0x2a15_2023_10_01,CUS_0x2a15,1,30dpd_6mob,2024-04-01
CUS_0x2a66_2023_10_01,CUS_0x2a66,0,30dpd_6mob,2024-04-01
CUS_0x2a6b_2023_10_01,CUS_0x2a6b,0,30dpd_6mob,2024-04-01
CUS_0x2b2a_2023_10_01,CUS_0x2b2a,0,30dpd_6mob,2024-04-01
CUS_0x2b39_2023_10_01,CUS_0x2b39,0,30dpd_6mob,2024-04-01
CUS_0x2b61_2023_10_01,CUS_0x2b61,0,30dpd_6mob,2024-04-01
CUS_0x2bba_2023_10_01,CUS_0x2bba,0,30dpd_6mob,2024-04-01
CUS_0x2bd2_2023_10_01,CUS_0x2bd2,1,30dpd_6mob,2024-04-01
CUS_0x2ca8_2023_10_01,CUS_0x2ca8,0,30dpd_6mob,2024-04-01
CUS_0x2d03_2023_10_01,CUS_0x2d03,0,30dpd_6mob,2024-04-01
CUS_0x2d62_2023_10_01,CUS_0x2d62,0,30dpd_6mob,2024-04-01
CUS_0x2d88_2023_10_01,CUS_0x2d88,0,30dpd_6mob,2024-04-01
CUS_0x2de1_2023_10_01,CUS_0x2de1,0,30dpd_6mob,2024-04-01
CUS_0x2f31_2023_10_01,CUS_0x2f31,0,30dpd_6mob,2024-04-01
CUS_0x2f77_2023_10_01,CUS_0x2f77,0,30dpd_6mob,2024-04-01
CUS_0x2faa_2023_10_01,CUS_0x2faa,1,30dpd_6mob,2024-04-01
CUS_0x305e_2023_10_01,CUS_0x305e,0,30dpd_6mob,2024-04-01
CUS_0x30b7_2023_10_01,CUS_0x30b7,0,30dpd_6mob,2024-04-01
CUS_0x30b9_2023_10_01,CUS_0x30b9,0,30dpd_6mob,2024-04-01
CUS_0x30bd_2023_10_01,CUS_0x30bd,0,30dpd_6mob,2024-04-01
CUS_0x3108_2023_10_01,CUS_0x3108,0,30dpd_6mob,2024-04-01
CUS_0x312b_2023_10_01,CUS_0x312b,1,30dpd_6mob,2024-04-01
CUS_0x317a_2023_10_01,CUS_0x317a,0,30dpd_6mob,2024-04-01
CUS_0x3208_2023_10_01,CUS_0x3208,0,30dpd_6mob,2024-04-01
CUS_0x321c_2023_10_01,CUS_0x321c,0,30dpd_6mob,2024-04-01
CUS_0x32c7_2023_10_01,CUS_0x32c7,1,30dpd_6mob,2024-04-01
CUS_0x337b_2023_10_01,CUS_0x337b,0,30dpd_6mob,2024-04-01
CUS_0x33bc_2023_10_01,CUS_0x33bc,1,30dpd_6mob,2024-04-01
CUS_0x33ea_2023_10_01,CUS_0x33ea,0,30dpd_6mob,2024-04-01
CUS_0x340b_2023_10_01,CUS_0x340b,1,30dpd_6mob,2024-04-01
CUS_0x34b1_2023_10_01,CUS_0x34b1,0,30dpd_6mob,2024-04-01
CUS_0x3533_2023_10_01,CUS_0x3533,0,30dpd_6mob,2024-04-01
CUS_0x3752_2023_10_01,CUS_0x3752,0,30dpd_6mob,2024-04-01
CUS_0x38a0_2023_10_01,CUS_0x38a0,0,30dpd_6mob,2024-04-01
CUS_0x3934_2023_10_01,CUS_0x3934,0,30dpd_6mob,2024-04-01
CUS_0x39d3_2023_10_01,CUS_0x39d3,0,30dpd_6mob,2024-04-01
CUS_0x3a15_2023_10_01,CUS_0x3a15,0,30dpd_6mob,2024-04-01
CUS_0x3a9d_2023_10_01,CUS_0x3a9d,0,30dpd_6mob,2024-04-01
CUS_0x3aaa_2023_10_01,CUS_0x3aaa,0,30dpd_6mob,2024-04-01
CUS_0x3aab_2023_10_01,CUS_0x3aab,0,30dpd_6mob,2024-04-01
CUS_0x3b5d_2023_10_01,CUS_0x3b5d,0,30dpd_6mob,2024-04-01
CUS_0x3c0b_2023_10_01,CUS_0x3c0b,0,30dpd_6mob,2024-04-01
CUS_0x3ce7_2023_10_01,CUS_0x3ce7,1,30dpd_6mob,2024-04-01
CUS_0x3cfa_2023_10_01,CUS_0x3cfa,0,30dpd_6mob,2024-04-01
CUS_0x3d37_2023_10_01,CUS_0x3d37,0,30dpd_6mob,2024-04-01
CUS_0x3d60_2023_10_01,CUS_0x3d60,0,30dpd_6mob,2024-04-01
CUS_0x3d6e_2023_10_01,CUS_0x3d6e,1,30dpd_6mob,2024-04-01
CUS_0x3d7b_2023_10_01,CUS_0x3d7b,0,30dpd_6mob,2024-04-01
CUS_0x3ec6_2023_10_01,CUS_0x3ec6,0,30dpd_6mob,2024-04-01
CUS_0x4004_2023_10_01,CUS_0x4004,0,30dpd_6mob,2024-04-01
CUS_0x4057_2023_10_01,CUS_0x4057,0,30dpd_6mob,2024-04-01
CUS_0x40dd_2023_10_01,CUS_0x40dd,1,30dpd_6mob,2024-04-01
CUS_0x40fe_2023_10_01,CUS_0x40fe,0,30dpd_6mob,2024-04-01
CUS_0x4159_2023_10_01,CUS_0x4159,1,30dpd_6mob,2024-04-01
CUS_0x416a_2023_10_01,CUS_0x416a,1,30dpd_6mob,2024-04-01
CUS_0x41ae_2023_10_01,CUS_0x41ae,0,30dpd_6mob,2024-04-01
CUS_0x420f_2023_10_01,CUS_0x420f,0,30dpd_6mob,2024-04-01
CUS_0x435d_2023_10_01,CUS_0x435d,0,30dpd_6mob,2024-04-01
CUS_0x4398_2023_10_01,CUS_0x4398,0,30dpd_6mob,2024-04-01
CUS_0x442f_2023_10_01,CUS_0x442f,0,30dpd_6mob,2024-04-01
CUS_0x446a_2023_10_01,CUS_0x446a,0,30dpd_6mob,2024-04-01
CUS_0x449_2023_10_01,CUS_0x449,1,30dpd_6mob,2024-04-01
CUS_0x44e9_2023_10_01,CUS_0x44e9,1,30dpd_6mob,2024-04-01
CUS_0x4523_2023_10_01,CUS_0x4523,1,30dpd_6mob,2024-04-01
CUS_0x456d_2023_10_01,CUS_0x456d,0,30dpd_6mob,2024-04-01
CUS_0x45ea_2023_10_01,CUS_0x45ea,0,30dpd_6mob,2024-04-01
CUS_0x4672_2023_10_01,CUS_0x4672,0,30dpd_6mob,2024-04-01
CUS_0x469a_2023_10_01,CUS_0x469a,1,30dpd_6mob,2024-04-01
CUS_0x4717_2023_10_01,CUS_0x4717,0,30dpd_6mob,2024-04-01
CUS_0x471c_2023_10_01,CUS_0x471c,0,30dpd_6mob,2024-04-01
CUS_0x472e_2023_10_01,CUS_0x472e,0,30dpd_6mob,2024-04-01
CUS_0x485f_2023_10_01,CUS_0x485f,0,30dpd_6mob,2024-04-01
CUS_0x48e4_2023_10_01,CUS_0x48e4,0,30dpd_6mob,2024-04-01
CUS_0x49d5_2023_10_01,CUS_0x49d5,1,30dpd_6mob,2024-04-01
CUS_0x4ab2_2023_10_01,CUS_0x4ab2,0,30dpd_6mob,2024-04-01
CUS_0x4abd_2023_10_01,CUS_0x4abd,0,30dpd_6mob,2024-04-01
CUS_0x4acc_2023_10_01,CUS_0x4acc,0,30dpd_6mob,2024-04-01
CUS_0x4b6b_2023_10_01,CUS_0x4b6b,0,30dpd_6mob,2024-04-01
CUS_0x4c2_2023_10_01,CUS_0x4c2,0,30dpd_6mob,2024-04-01
CUS_0x4c2c_2023_10_01,CUS_0x4c2c,0,30dpd_6mob,2024-04-01
CUS_0x4cce_2023_10_01,CUS_0x4cce,1,30dpd_6mob,2024-04-01
CUS_0x4d2_2023_10_01,CUS_0x4d2,0,30dpd_6mob,2024-04-01
CUS_0x4db5_2023_10_01,CUS_0x4db5,1,30dpd_6mob,2024-04-01
CUS_0x4dbd_2023_10_01,CUS_0x4dbd,0,30dpd_6mob,2024-04-01
CUS_0x4e3c_2023_10_01,CUS_0x4e3c,0,30dpd_6mob,2024-04-01
CUS_0x4e5c_2023_10_01,CUS_0x4e5c,0,30dpd_6mob,2024-04-01
CUS_0x4e95_2023_10_01,CUS_0x4e95,0,30dpd_6mob,2024-04-01
CUS_0x4eb6_2023_10_01,CUS_0x4eb6,0,30dpd_6mob,2024-04-01
CUS_0x4ee4_2023_10_01,CUS_0x4ee4,1,30dpd_6mob,2024-04-01
CUS_0x4ef1_2023_10_01,CUS_0x4ef1,0,30dpd_6mob,2024-04-01
CUS_0x4f00_2023_10_01,CUS_0x4f00,1,30dpd_6mob,2024-04-01
CUS_0x4f05_2023_10_01,CUS_0x4f05,1,30dpd_6mob,2024-04-01
CUS_0x4fc1_2023_10_01,CUS_0x4fc1,0,30dpd_6mob,2024-04-01
CUS_0x4ff8_2023_10_01,CUS_0x4ff8,1,30dpd_6mob,2024-04-01
CUS_0x5055_2023_10_01,CUS_0x5055,0,30dpd_6mob,2024-04-01
CUS_0x511d_2023_10_01,CUS_0x511d,1,30dpd_6mob,2024-04-01
CUS_0x513a_2023_10_01,CUS_0x513a,1,30dpd_6mob,2024-04-01
CUS_0x5148_2023_10_01,CUS_0x5148,0,30dpd_6mob,2024-04-01
CUS_0x5180_2023_10_01,CUS_0x5180,0,30dpd_6mob,2024-04-01
CUS_0x51bf_2023_10_01,CUS_0x51bf,0,30dpd_6mob,2024-04-01
CUS_0x52cb_2023_10_01,CUS_0x52cb,0,30dpd_6mob,2024-04-01
CUS_0x5357_2023_10_01,CUS_0x5357,0,30dpd_6mob,2024-04-01
CUS_0x5369_2023_10_01,CUS_0x5369,0,30dpd_6mob,2024-04-01
CUS_0x5395_2023_10_01,CUS_0x5395,0,30dpd_6mob,2024-04-01
CUS_0x53f9_2023_10_01,CUS_0x53f9,0,30dpd_6mob,2024-04-01
CUS_0x5454_2023_10_01,CUS_0x5454,1,30dpd_6mob,2024-04-01
CUS_0x5474_2023_10_01,CUS_0x5474,0,30dpd_6mob,2024-04-01
CUS_0x5597_2023_10_01,CUS_0x5597,0,30dpd_6mob,2024-04-01
CUS_0x55e0_2023_10_01,CUS_0x55e0,1,30dpd_6mob,2024-04-01
CUS_0x55f6_2023_10_01,CUS_0x55f6,0,30dpd_6mob,2024-04-01
CUS_0x5625_2023_10_01,CUS_0x5625,1,30dpd_6mob,2024-04-01
CUS_0x562b_2023_10_01,CUS_0x562b,0,30dpd_6mob,2024-04-01
CUS_0x5665_2023_10_01,CUS_0x5665,0,30dpd_6mob,2024-04-01
CUS_0x56ad_2023_10_01,CUS_0x56ad,0,30dpd_6mob,2024-04-01
CUS_0x5709_2023_10_01,CUS_0x5709,0,30dpd_6mob,2024-04-01
CUS_0x5793_2023_10_01,CUS_0x5793,0,30dpd_6mob,2024-04-01
CUS_0x5815_2023_10_01,CUS_0x5815,1,30dpd_6mob,2024-04-01
CUS_0x5857_2023_10_01,CUS_0x5857,0,30dpd_6mob,2024-04-01
CUS_0x58f_2023_10_01,CUS_0x58f,0,30dpd_6mob,2024-04-01
CUS_0x5915_2023_10_01,CUS_0x5915,0,30dpd_6mob,2024-04-01
CUS_0x596a_2023_10_01,CUS_0x596a,0,30dpd_6mob,2024-04-01
CUS_0x5a1b_2023_10_01,CUS_0x5a1b,0,30dpd_6mob,2024-04-01
CUS_0x5ab7_2023_10_01,CUS_0x5ab7,0,30dpd_6mob,2024-04-01
CUS_0x5b70_2023_10_01,CUS_0x5b70,0,30dpd_6mob,2024-04-01
CUS_0x5ba1_2023_10_01,CUS_0x5ba1,0,30dpd_6mob,2024-04-01
CUS_0x5be9_2023_10_01,CUS_0x5be9,0,30dpd_6mob,2024-04-01
CUS_0x5c1f_2023_10_01,CUS_0x5c1f,0,30dpd_6mob,2024-04-01
CUS_0x5c94_2023_10_01,CUS_0x5c94,1,30dpd_6mob,2024-04-01
CUS_0x5cbb_2023_10_01,CUS_0x5cbb,0,30dpd_6mob,2024-04-01
CUS_0x5d42_2023_10_01,CUS_0x5d42,0,30dpd_6mob,2024-04-01
CUS_0x5d46_2023_10_01,CUS_0x5d46,0,30dpd_6mob,2024-04-01
CUS_0x5db7_2023_10_01,CUS_0x5db7,0,30dpd_6mob,2024-04-01
CUS_0x5e3b_2023_10_01,CUS_0x5e3b,1,30dpd_6mob,2024-04-01
CUS_0x5e70_2023_10_01,CUS_0x5e70,0,30dpd_6mob,2024-04-01
CUS_0x5ee7_2023_10_01,CUS_0x5ee7,1,30dpd_6mob,2024-04-01
CUS_0x5f64_2023_10_01,CUS_0x5f64,1,30dpd_6mob,2024-04-01
CUS_0x5f9_2023_10_01,CUS_0x5f9,1,30dpd_6mob,2024-04-01
CUS_0x5fd3_2023_10_01,CUS_0x5fd3,0,30dpd_6mob,2024-04-01
CUS_0x6032_2023_10_01,CUS_0x6032,1,30dpd_6mob,2024-04-01
CUS_0x60c0_2023_10_01,CUS_0x60c0,0,30dpd_6mob,2024-04-01
CUS_0x6142_2023_10_01,CUS_0x6142,0,30dpd_6mob,2024-04-01
CUS_0x6197_2023_10_01,CUS_0x6197,1,30dpd_6mob,2024-04-01
CUS_0x628_2023_10_01,CUS_0x628,0,30dpd_6mob,2024-04-01
CUS_0x6399_2023_10_01,CUS_0x6399,0,30dpd_6mob,2024-04-01
CUS_0x64f0_2023_10_01,CUS_0x64f0,0,30dpd_6mob,2024-04-01
CUS_0x6578_2023_10_01,CUS_0x6578,1,30dpd_6mob,2024-04-01
CUS_0x65c5_2023_10_01,CUS_0x65c5,0,30dpd_6mob,2024-04-01
CUS_0x65d0_2023_10_01,CUS_0x65d0,0,30dpd_6mob,2024-04-01
CUS_0x6612_2023_10_01,CUS_0x6612,0,30dpd_6mob,2024-04-01
CUS_0x663_2023_10_01,CUS_0x663,1,30dpd_6mob,2024-04-01
CUS_0x664c_2023_10_01,CUS_0x664c,0,30dpd_6mob,2024-04-01
CUS_0x66fc_2023_10_01,CUS_0x66fc,0,30dpd_6mob,2024-04-01
CUS_0x6749_2023_10_01,CUS_0x6749,1,30dpd_6mob,2024-04-01
CUS_0x67ec_2023_10_01,CUS_0x67ec,0,30dpd_6mob,2024-04-01
CUS_0x6819_2023_10_01,CUS_0x6819,0,30dpd_6mob,2024-04-01
CUS_0x681c_2023_10_01,CUS_0x681c,1,30dpd_6mob,2024-04-01
CUS_0x68ad_2023_10_01,CUS_0x68ad,0,30dpd_6mob,2024-04-01
CUS_0x68d9_2023_10_01,CUS_0x68d9,0,30dpd_6mob,2024-04-01
CUS_0x696c_2023_10_01,CUS_0x696c,0,30dpd_6mob,2024-04-01
CUS_0x69f0_2023_10_01,CUS_0x69f0,0,30dpd_6mob,2024-04-01
CUS_0x6a29_2023_10_01,CUS_0x6a29,0,30dpd_6mob,2024-04-01
CUS_0x6a5f_2023_10_01,CUS_0x6a5f,0,30dpd_6mob,2024-04-01
CUS_0x6b0b_2023_10_01,CUS_0x6b0b,1,30dpd_6mob,2024-04-01
CUS_0x6c27_2023_10_01,CUS_0x6c27,1,30dpd_6mob,2024-04-01
CUS_0x6c83_2023_10_01,CUS_0x6c83,0,30dpd_6mob,2024-04-01
CUS_0x6c88_2023_10_01,CUS_0x6c88,0,30dpd_6mob,2024-04-01
CUS_0x6d04_2023_10_01,CUS_0x6d04,0,30dpd_6mob,2024-04-01
CUS_0x6d17_2023_10_01,CUS_0x6d17,0,30dpd_6mob,2024-04-01
CUS_0x6d1e_2023_10_01,CUS_0x6d1e,1,30dpd_6mob,2024-04-01
CUS_0x6d22_2023_10_01,CUS_0x6d22,0,30dpd_6mob,2024-04-01
CUS_0x6d94_2023_10_01,CUS_0x6d94,0,30dpd_6mob,2024-04-01
CUS_0x6e23_2023_10_01,CUS_0x6e23,1,30dpd_6mob,2024-04-01
CUS_0x6e2b_2023_10_01,CUS_0x6e2b,0,30dpd_6mob,2024-04-01
CUS_0x6e47_2023_10_01,CUS_0x6e47,0,30dpd_6mob,2024-04-01
CUS_0x6f40_2023_10_01,CUS_0x6f40,0,30dpd_6mob,2024-04-01
CUS_0x6f8b_2023_10_01,CUS_0x6f8b,0,30dpd_6mob,2024-04-01
CUS_0x7084_2023_10_01,CUS_0x7084,0,30dpd_6mob,2024-04-01
CUS_0x70e8_2023_10_01,CUS_0x70e8,0,30dpd_6mob,2024-04-01
CUS_0x710e_2023_10_01,CUS_0x710e,0,30dpd_6mob,2024-04-01
CUS_0x71b8_2023_10_01,CUS_0x71b8,0,30dpd_6mob,2024-04-01
CUS_0x71ba_2023_10_01,CUS_0x71ba,1,30dpd_6mob,2024-04-01
CUS_0x71bf_2023_10_01,CUS_0x71bf,0,30dpd_6mob,2024-04-01
CUS_0x7324_2023_10_01,CUS_0x7324,0,30dpd_6mob,2024-04-01
CUS_0x734a_2023_10_01,CUS_0x734a,1,30dpd_6mob,2024-04-01
CUS_0x742c_2023_10_01,CUS_0x742c,0,30dpd_6mob,2024-04-01
CUS_0x744c_2023_10_01,CUS_0x744c,0,30dpd_6mob,2024-04-01
CUS_0x748e_2023_10_01,CUS_0x748e,1,30dpd_6mob,2024-04-01
CUS_0x749e_2023_10_01,CUS_0x749e,0,30dpd_6mob,2024-04-01
CUS_0x74d5_2023_10_01,CUS_0x74d5,1,30dpd_6mob,2024-04-01
CUS_0x754d_2023_10_01,CUS_0x754d,0,30dpd_6mob,2024-04-01
CUS_0x75e8_2023_10_01,CUS_0x75e8,0,30dpd_6mob,2024-04-01
CUS_0x7641_2023_10_01,CUS_0x7641,0,30dpd_6mob,2024-04-01
CUS_0x7699_2023_10_01,CUS_0x7699,0,30dpd_6mob,2024-04-01
CUS_0x76a9_2023_10_01,CUS_0x76a9,0,30dpd_6mob,2024-04-01
CUS_0x7703_2023_10_01,CUS_0x7703,0,30dpd_6mob,2024-04-01
CUS_0x77ec_2023_10_01,CUS_0x77ec,1,30dpd_6mob,2024-04-01
CUS_0x78cd_2023_10_01,CUS_0x78cd,1,30dpd_6mob,2024-04-01
CUS_0x797d_2023_10_01,CUS_0x797d,0,30dpd_6mob,2024-04-01
CUS_0x7a8d_2023_10_01,CUS_0x7a8d,0,30dpd_6mob,2024-04-01
CUS_0x7ace_2023_10_01,CUS_0x7ace,0,30dpd_6mob,2024-04-01
CUS_0x7ba0_2023_10_01,CUS_0x7ba0,0,30dpd_6mob,2024-04-01
CUS_0x7d0b_2023_10_01,CUS_0x7d0b,1,30dpd_6mob,2024-04-01
CUS_0x7d57_2023_10_01,CUS_0x7d57,0,30dpd_6mob,2024-04-01
CUS_0x7dd_2023_10_01,CUS_0x7dd,0,30dpd_6mob,2024-04-01
CUS_0x7df6_2023_10_01,CUS_0x7df6,0,30dpd_6mob,2024-04-01
CUS_0x7e10_2023_10_01,CUS_0x7e10,1,30dpd_6mob,2024-04-01
CUS_0x7e3e_2023_10_01,CUS_0x7e3e,1,30dpd_6mob,2024-04-01
CUS_0x7ea2_2023_10_01,CUS_0x7ea2,0,30dpd_6mob,2024-04-01
CUS_0x7ea4_2023_10_01,CUS_0x7ea4,0,30dpd_6mob,2024-04-01
CUS_0x7efe_2023_10_01,CUS_0x7efe,0,30dpd_6mob,2024-04-01
CUS_0x7fc7_2023_10_01,CUS_0x7fc7,0,30dpd_6mob,2024-04-01
CUS_0x7feb_2023_10_01,CUS_0x7feb,0,30dpd_6mob,2024-04-01
CUS_0x8033_2023_10_01,CUS_0x8033,0,30dpd_6mob,2024-04-01
CUS_0x803c_2023_10_01,CUS_0x803c,0,30dpd_6mob,2024-04-01
CUS_0x8081_2023_10_01,CUS_0x8081,1,30dpd_6mob,2024-04-01
CUS_0x80d7_2023_10_01,CUS_0x80d7,0,30dpd_6mob,2024-04-01
CUS_0x80d8_2023_10_01,CUS_0x80d8,0,30dpd_6mob,2024-04-01
CUS_0x8132_2023_10_01,CUS_0x8132,0,30dpd_6mob,2024-04-01
CUS_0x8144_2023_10_01,CUS_0x8144,0,30dpd_6mob,2024-04-01
CUS_0x8293_2023_10_01,CUS_0x8293,0,30dpd_6mob,2024-04-01
CUS_0x82db_2023_10_01,CUS_0x82db,1,30dpd_6mob,2024-04-01
CUS_0x82fd_2023_10_01,CUS_0x82fd,0,30dpd_6mob,2024-04-01
CUS_0x840a_2023_10_01,CUS_0x840a,0,30dpd_6mob,2024-04-01
CUS_0x84af_2023_10_01,CUS_0x84af,1,30dpd_6mob,2024-04-01
CUS_0x8533_2023_10_01,CUS_0x8533,0,30dpd_6mob,2024-04-01
CUS_0x85e7_2023_10_01,CUS_0x85e7,0,30dpd_6mob,2024-04-01
CUS_0x85e9_2023_10_01,CUS_0x85e9,0,30dpd_6mob,2024-04-01
CUS_0x8718_2023_10_01,CUS_0x8718,0,30dpd_6mob,2024-04-01
CUS_0x8752_2023_10_01,CUS_0x8752,0,30dpd_6mob,2024-04-01
CUS_0x878c_2023_10_01,CUS_0x878c,1,30dpd_6mob,2024-04-01
CUS_0x8793_2023_10_01,CUS_0x8793,0,30dpd_6mob,2024-04-01
CUS_0x87db_2023_10_01,CUS_0x87db,0,30dpd_6mob,2024-04-01
CUS_0x880b_2023_10_01,CUS_0x880b,1,30dpd_6mob,2024-04-01
CUS_0x8974_2023_10_01,CUS_0x8974,0,30dpd_6mob,2024-04-01
CUS_0x89b9_2023_10_01,CUS_0x89b9,0,30dpd_6mob,2024-04-01
CUS_0x8a2b_2023_10_01,CUS_0x8a2b,0,30dpd_6mob,2024-04-01
CUS_0x8b91_2023_10_01,CUS_0x8b91,0,30dpd_6mob,2024-04-01
CUS_0x8bd2_2023_10_01,CUS_0x8bd2,0,30dpd_6mob,2024-04-01
CUS_0x8bd3_2023_10_01,CUS_0x8bd3,1,30dpd_6mob,2024-04-01
CUS_0x8bda_2023_10_01,CUS_0x8bda,0,30dpd_6mob,2024-04-01
CUS_0x8c7c_2023_10_01,CUS_0x8c7c,0,30dpd_6mob,2024-04-01
CUS_0x8d84_2023_10_01,CUS_0x8d84,1,30dpd_6mob,2024-04-01
CUS_0x8da5_2023_10_01,CUS_0x8da5,0,30dpd_6mob,2024-04-01
CUS_0x8e1a_2023_10_01,CUS_0x8e1a,0,30dpd_6mob,2024-04-01
CUS_0x8f19_2023_10_01,CUS_0x8f19,1,30dpd_6mob,2024-04-01
CUS_0x8f86_2023_10_01,CUS_0x8f86,1,30dpd_6mob,2024-04-01
CUS_0x8fd9_2023_10_01,CUS_0x8fd9,1,30dpd_6mob,2024-04-01
CUS_0x9027_2023_10_01,CUS_0x9027,0,30dpd_6mob,2024-04-01
CUS_0x9038_2023_10_01,CUS_0x9038,0,30dpd_6mob,2024-04-01
CUS_0x9074_2023_10_01,CUS_0x9074,0,30dpd_6mob,2024-04-01
CUS_0x9076_2023_10_01,CUS_0x9076,0,30dpd_6mob,2024-04-01
CUS_0x9095_2023_10_01,CUS_0x9095,1,30dpd_6mob,2024-04-01
CUS_0x9151_2023_10_01,CUS_0x9151,0,30dpd_6mob,2024-04-01
CUS_0x9167_2023_10_01,CUS_0x9167,0,30dpd_6mob,2024-04-01
CUS_0x924e_2023_10_01,CUS_0x924e,0,30dpd_6mob,2024-04-01
CUS_0x932_2023_10_01,CUS_0x932,0,30dpd_6mob,2024-04-01
CUS_0x9348_2023_10_01,CUS_0x9348,0,30dpd_6mob,2024-04-01
CUS_0x9352_2023_10_01,CUS_0x9352,0,30dpd_6mob,2024-04-01
CUS_0x93e_2023_10_01,CUS_0x93e,0,30dpd_6mob,2024-04-01
CUS_0x940d_2023_10_01,CUS_0x940d,0,30dpd_6mob,2024-04-01
CUS_0x9412_2023_10_01,CUS_0x9412,1,30dpd_6mob,2024-04-01
CUS_0x9448_2023_10_01,CUS_0x9448,0,30dpd_6mob,2024-04-01
CUS_0x944e_2023_10_01,CUS_0x944e,0,30dpd_6mob,2024-04-01
CUS_0x9486_2023_10_01,CUS_0x9486,1,30dpd_6mob,2024-04-01
CUS_0x94c5_2023_10_01,CUS_0x94c5,0,30dpd_6mob,2024-04-01
CUS_0x958e_2023_10_01,CUS_0x958e,0,30dpd_6mob,2024-04-01
CUS_0x95e7_2023_10_01,CUS_0x95e7,1,30dpd_6mob,2024-04-01
CUS_0x95eb_2023_10_01,CUS_0x95eb,0,30dpd_6mob,2024-04-01
CUS_0x963e_2023_10_01,CUS_0x963e,0,30dpd_6mob,2024-04-01
CUS_0x96a6_2023_10_01,CUS_0x96a6,0,30dpd_6mob,2024-04-01
CUS_0x96da_2023_10_01,CUS_0x96da,0,30dpd_6mob,2024-04-01
CUS_0x9754_2023_10_01,CUS_0x9754,0,30dpd_6mob,2024-04-01
CUS_0x975d_2023_10_01,CUS_0x975d,1,30dpd_6mob,2024-04-01
CUS_0x97a_2023_10_01,CUS_0x97a,0,30dpd_6mob,2024-04-01
CUS_0x97d1_2023_10_01,CUS_0x97d1,1,30dpd_6mob,2024-04-01
CUS_0x97da_2023_10_01,CUS_0x97da,1,30dpd_6mob,2024-04-01
CUS_0x97e1_2023_10_01,CUS_0x97e1,1,30dpd_6mob,2024-04-01
CUS_0x9828_2023_10_01,CUS_0x9828,1,30dpd_6mob,2024-04-01
CUS_0x9860_2023_10_01,CUS_0x9860,1,30dpd_6mob,2024-04-01
CUS_0x98e7_2023_10_01,CUS_0x98e7,1,30dpd_6mob,2024-04-01
CUS_0x995b_2023_10_01,CUS_0x995b,0,30dpd_6mob,2024-04-01
CUS_0x9970_2023_10_01,CUS_0x9970,0,30dpd_6mob,2024-04-01
CUS_0x99c6_2023_10_01,CUS_0x99c6,0,30dpd_6mob,2024-04-01
CUS_0x9a51_2023_10_01,CUS_0x9a51,0,30dpd_6mob,2024-04-01
CUS_0x9ae8_2023_10_01,CUS_0x9ae8,0,30dpd_6mob,2024-04-01
CUS_0x9aef_2023_10_01,CUS_0x9aef,0,30dpd_6mob,2024-04-01
CUS_0x9b9e_2023_10_01,CUS_0x9b9e,0,30dpd_6mob,2024-04-01
CUS_0x9ba5_2023_10_01,CUS_0x9ba5,0,30dpd_6mob,2024-04-01
CUS_0x9bc1_2023_10_01,CUS_0x9bc1,0,30dpd_6mob,2024-04-01
CUS_0x9c09_2023_10_01,CUS_0x9c09,0,30dpd_6mob,2024-04-01
CUS_0x9d73_2023_10_01,CUS_0x9d73,0,30dpd_6mob,2024-04-01
CUS_0x9df0_2023_10_01,CUS_0x9df0,0,30dpd_6mob,2024-04-01
CUS_0x9e95_2023_10_01,CUS_0x9e95,0,30dpd_6mob,2024-04-01
CUS_0x9eec_2023_10_01,CUS_0x9eec,0,30dpd_6mob,2024-04-01
CUS_0xa0a6_2023_10_01,CUS_0xa0a6,0,30dpd_6mob,2024-04-01
CUS_0xa106_2023_10_01,CUS_0xa106,0,30dpd_6mob,2024-04-01
CUS_0xa18f_2023_10_01,CUS_0xa18f,1,30dpd_6mob,2024-04-01
CUS_0xa19_2023_10_01,CUS_0xa19,0,30dpd_6mob,2024-04-01
CUS_0xa226_2023_10_01,CUS_0xa226,0,30dpd_6mob,2024-04-01
CUS_0xa2ca_2023_10_01,CUS_0xa2ca,0,30dpd_6mob,2024-04-01
CUS_0xa2f5_2023_10_01,CUS_0xa2f5,0,30dpd_6mob,2024-04-01
CUS_0xa335_2023_10_01,CUS_0xa335,1,30dpd_6mob,2024-04-01
CUS_0xa439_2023_10_01,CUS_0xa439,0,30dpd_6mob,2024-04-01
CUS_0xa447_2023_10_01,CUS_0xa447,0,30dpd_6mob,2024-04-01
CUS_0xa4b6_2023_10_01,CUS_0xa4b6,0,30dpd_6mob,2024-04-01
CUS_0xa4f9_2023_10_01,CUS_0xa4f9,0,30dpd_6mob,2024-04-01
CUS_0xa630_2023_10_01,CUS_0xa630,0,30dpd_6mob,2024-04-01
CUS_0xa6d5_2023_10_01,CUS_0xa6d5,0,30dpd_6mob,2024-04-01
CUS_0xa6db_2023_10_01,CUS_0xa6db,0,30dpd_6mob,2024-04-01
CUS_0xa6f6_2023_10_01,CUS_0xa6f6,0,30dpd_6mob,2024-04-01
CUS_0xa6f9_2023_10_01,CUS_0xa6f9,0,30dpd_6mob,2024-04-01
CUS_0xa7d0_2023_10_01,CUS_0xa7d0,0,30dpd_6mob,2024-04-01
CUS_0xa814_2023_10_01,CUS_0xa814,0,30dpd_6mob,2024-04-01
CUS_0xa82c_2023_10_01,CUS_0xa82c,0,30dpd_6mob,2024-04-01
CUS_0xa8c_2023_10_01,CUS_0xa8c,0,30dpd_6mob,2024-04-01
CUS_0xa8ed_2023_10_01,CUS_0xa8ed,1,30dpd_6mob,2024-04-01
CUS_0xa940_2023_10_01,CUS_0xa940,0,30dpd_6mob,2024-04-01
CUS_0xa95d_2023_10_01,CUS_0xa95d,0,30dpd_6mob,2024-04-01
CUS_0xa9d1_2023_10_01,CUS_0xa9d1,1,30dpd_6mob,2024-04-01
CUS_0xaad9_2023_10_01,CUS_0xaad9,0,30dpd_6mob,2024-04-01
CUS_0xaadf_2023_10_01,CUS_0xaadf,0,30dpd_6mob,2024-04-01
CUS_0xab3a_2023_10_01,CUS_0xab3a,0,30dpd_6mob,2024-04-01
CUS_0xab9e_2023_10_01,CUS_0xab9e,0,30dpd_6mob,2024-04-01
CUS_0xabb5_2023_10_01,CUS_0xabb5,0,30dpd_6mob,2024-04-01
CUS_0xac3b_2023_10_01,CUS_0xac3b,0,30dpd_6mob,2024-04-01
CUS_0xac54_2023_10_01,CUS_0xac54,0,30dpd_6mob,2024-04-01
CUS_0xae93_2023_10_01,CUS_0xae93,1,30dpd_6mob,2024-04-01
CUS_0xaf1b_2023_10_01,CUS_0xaf1b,1,30dpd_6mob,2024-04-01
CUS_0xaf81_2023_10_01,CUS_0xaf81,1,30dpd_6mob,2024-04-01
CUS_0xafc3_2023_10_01,CUS_0xafc3,0,30dpd_6mob,2024-04-01
CUS_0xafce_2023_10_01,CUS_0xafce,0,30dpd_6mob,2024-04-01
CUS_0xb004_2023_10_01,CUS_0xb004,0,30dpd_6mob,2024-04-01
CUS_0xb013_2023_10_01,CUS_0xb013,0,30dpd_6mob,2024-04-01
CUS_0xb014_2023_10_01,CUS_0xb014,0,30dpd_6mob,2024-04-01
CUS_0xb021_2023_10_01,CUS_0xb021,1,30dpd_6mob,2024-04-01
CUS_0xb037_2023_10_01,CUS_0xb037,0,30dpd_6mob,2024-04-01
CUS_0xb03b_2023_10_01,CUS_0xb03b,1,30dpd_6mob,2024-04-01
CUS_0xb079_2023_10_01,CUS_0xb079,1,30dpd_6mob,2024-04-01
CUS_0xb091_2023_10_01,CUS_0xb091,1,30dpd_6mob,2024-04-01
CUS_0xb122_2023_10_01,CUS_0xb122,0,30dpd_6mob,2024-04-01
CUS_0xb131_2023_10_01,CUS_0xb131,1,30dpd_6mob,2024-04-01
CUS_0xb13e_2023_10_01,CUS_0xb13e,0,30dpd_6mob,2024-04-01
CUS_0xb16c_2023_10_01,CUS_0xb16c,0,30dpd_6mob,2024-04-01
CUS_0xb1da_2023_10_01,CUS_0xb1da,0,30dpd_6mob,2024-04-01
CUS_0xb20f_2023_10_01,CUS_0xb20f,0,30dpd_6mob,2024-04-01
CUS_0xb22_2023_10_01,CUS_0xb22,0,30dpd_6mob,2024-04-01
CUS_0xb2a1_2023_10_01,CUS_0xb2a1,0,30dpd_6mob,2024-04-01
CUS_0xb2bf_2023_10_01,CUS_0xb2bf,0,30dpd_6mob,2024-04-01
CUS_0xb333_2023_10_01,CUS_0xb333,1,30dpd_6mob,2024-04-01
CUS_0xb339_2023_10_01,CUS_0xb339,1,30dpd_6mob,2024-04-01
CUS_0xb3b_2023_10_01,CUS_0xb3b,1,30dpd_6mob,2024-04-01
CUS_0xb443_2023_10_01,CUS_0xb443,0,30dpd_6mob,2024-04-01
CUS_0xb450_2023_10_01,CUS_0xb450,0,30dpd_6mob,2024-04-01
CUS_0xb47f_2023_10_01,CUS_0xb47f,0,30dpd_6mob,2024-04-01
CUS_0xb4b4_2023_10_01,CUS_0xb4b4,1,30dpd_6mob,2024-04-01
CUS_0xb4ca_2023_10_01,CUS_0xb4ca,1,30dpd_6mob,2024-04-01
CUS_0xb55e_2023_10_01,CUS_0xb55e,0,30dpd_6mob,2024-04-01
CUS_0xb59a_2023_10_01,CUS_0xb59a,0,30dpd_6mob,2024-04-01
CUS_0xb5af_2023_10_01,CUS_0xb5af,0,30dpd_6mob,2024-04-01
CUS_0xb5bd_2023_10_01,CUS_0xb5bd,1,30dpd_6mob,2024-04-01
CUS_0xb61d_2023_10_01,CUS_0xb61d,0,30dpd_6mob,2024-04-01
CUS_0xb6e6_2023_10_01,CUS_0xb6e6,0,30dpd_6mob,2024-04-01
CUS_0xb725_2023_10_01,CUS_0xb725,1,30dpd_6mob,2024-04-01
CUS_0xb736_2023_10_01,CUS_0xb736,0,30dpd_6mob,2024-04-01
CUS_0xb76f_2023_10_01,CUS_0xb76f,0,30dpd_6mob,2024-04-01
CUS_0xb772_2023_10_01,CUS_0xb772,0,30dpd_6mob,2024-04-01
CUS_0xb79c_2023_10_01,CUS_0xb79c,0,30dpd_6mob,2024-04-01
CUS_0xb7a5_2023_10_01,CUS_0xb7a5,0,30dpd_6mob,2024-04-01
CUS_0xb7bb_2023_10_01,CUS_0xb7bb,0,30dpd_6mob,2024-04-01
CUS_0xb832_2023_10_01,CUS_0xb832,1,30dpd_6mob,2024-04-01
CUS_0xb863_2023_10_01,CUS_0xb863,0,30dpd_6mob,2024-04-01
CUS_0xb867_2023_10_01,CUS_0xb867,0,30dpd_6mob,2024-04-01
CUS_0xb882_2023_10_01,CUS_0xb882,0,30dpd_6mob,2024-04-01
CUS_0xb88a_2023_10_01,CUS_0xb88a,0,30dpd_6mob,2024-04-01
CUS_0xb8c2_2023_10_01,CUS_0xb8c2,0,30dpd_6mob,2024-04-01
CUS_0xb8e9_2023_10_01,CUS_0xb8e9,0,30dpd_6mob,2024-04-01
CUS_0xb932_2023_10_01,CUS_0xb932,0,30dpd_6mob,2024-04-01
CUS_0xb986_2023_10_01,CUS_0xb986,0,30dpd_6mob,2024-04-01
CUS_0xb9e5_2023_10_01,CUS_0xb9e5,0,30dpd_6mob,2024-04-01
CUS_0xba01_2023_10_01,CUS_0xba01,0,30dpd_6mob,2024-04-01
CUS_0xba63_2023_10_01,CUS_0xba63,0,30dpd_6mob,2024-04-01
CUS_0xbb0b_2023_10_01,CUS_0xbb0b,0,30dpd_6mob,2024-04-01
CUS_0xbbdd_2023_10_01,CUS_0xbbdd,0,30dpd_6mob,2024-04-01
CUS_0xbbf6_2023_10_01,CUS_0xbbf6,1,30dpd_6mob,2024-04-01
CUS_0xbc4c_2023_10_01,CUS_0xbc4c,0,30dpd_6mob,2024-04-01
CUS_0xbc51_2023_10_01,CUS_0xbc51,0,30dpd_6mob,2024-04-01
CUS_0xbc5e_2023_10_01,CUS_0xbc5e,0,30dpd_6mob,2024-04-01
CUS_0xbd8c_2023_10_01,CUS_0xbd8c,0,30dpd_6mob,2024-04-01
CUS_0xbec2_2023_10_01,CUS_0xbec2,0,30dpd_6mob,2024-04-01
CUS_0xbf19_2023_10_01,CUS_0xbf19,0,30dpd_6mob,2024-04-01
CUS_0xbf4c_2023_10_01,CUS_0xbf4c,0,30dpd_6mob,2024-04-01
CUS_0xbf5c_2023_10_01,CUS_0xbf5c,0,30dpd_6mob,2024-04-01
CUS_0xc096_2023_10_01,CUS_0xc096,0,30dpd_6mob,2024-04-01
CUS_0xc18e_2023_10_01,CUS_0xc18e,0,30dpd_6mob,2024-04-01
CUS_0xc1f_2023_10_01,CUS_0xc1f,1,30dpd_6mob,2024-04-01
CUS_0xc203_2023_10_01,CUS_0xc203,0,30dpd_6mob,2024-04-01
CUS_0xc28c_2023_10_01,CUS_0xc28c,1,30dpd_6mob,2024-04-01
CUS_0xc30b_2023_10_01,CUS_0xc30b,0,30dpd_6mob,2024-04-01
CUS_0xc341_2023_10_01,CUS_0xc341,0,30dpd_6mob,2024-04-01
CUS_0xc36d_2023_10_01,CUS_0xc36d,0,30dpd_6mob,2024-04-01
CUS_0xc47c_2023_10_01,CUS_0xc47c,0,30dpd_6mob,2024-04-01
CUS_0xc4b6_2023_10_01,CUS_0xc4b6,0,30dpd_6mob,2024-04-01
CUS_0xc4e7_2023_10_01,CUS_0xc4e7,0,30dpd_6mob,2024-04-01
CUS_0xc506_2023_10_01,CUS_0xc506,0,30dpd_6mob,2024-04-01
CUS_0xc51c_2023_10_01,CUS_0xc51c,0,30dpd_6mob,2024-04-01
CUS_0xc54a_2023_10_01,CUS_0xc54a,0,30dpd_6mob,2024-04-01
CUS_0xc56c_2023_10_01,CUS_0xc56c,0,30dpd_6mob,2024-04-01
CUS_0xc600_2023_10_01,CUS_0xc600,1,30dpd_6mob,2024-04-01
CUS_0xc636_2023_10_01,CUS_0xc636,0,30dpd_6mob,2024-04-01
CUS_0xc653_2023_10_01,CUS_0xc653,0,30dpd_6mob,2024-04-01
CUS_0xc6c3_2023_10_01,CUS_0xc6c3,1,30dpd_6mob,2024-04-01
CUS_0xc6cc_2023_10_01,CUS_0xc6cc,1,30dpd_6mob,2024-04-01
CUS_0xc71f_2023_10_01,CUS_0xc71f,1,30dpd_6mob,2024-04-01
CUS_0xd46_2023_10_01,CUS_0xd46,0,30dpd_6mob,2024-04-01
CUS_0xdc2_2023_10_01,CUS_0xdc2,0,30dpd_6mob,2024-04-01
CUS_0xdc8_2023_10_01,CUS_0xdc8,0,30dpd_6mob,2024-04-01
CUS_0xe7e_2023_10_01,CUS_0xe7e,1,30dpd_6mob,2024-04-01
CUS_0xedb_2023_10_01,CUS_0xedb,1,30dpd_6mob,2024-04-01
CUS_0xfdd_2023_10_01,CUS_0xfdd,0,30dpd_6mob,2024-04-01
CUS_0xfea_2023_10_01,CUS_0xfea,0,30dpd_6mob,2024-04-01
CUS_0x1013_2023_12_01,CUS_0x1013,0,30dpd_6mob,2024-06-01
CUS_0x104a_2023_12_01,CUS_0x104a,0,30dpd_6mob,2024-06-01
CUS_0x1063_2023_12_01,CUS_0x1063,0,30dpd_6mob,2024-06-01
CUS_0x10d7_2023_12_01,CUS_0x10d7,1,30dpd_6mob,2024-06-01
CUS_0x10fd_2023_12_01,CUS_0x10fd,1,30dpd_6mob,2024-06-01
CUS_0x1139_2023_12_01,CUS_0x1139,0,30dpd_6mob,2024-06-01
CUS_0x1207_2023_12_01,CUS_0x1207,1,30dpd_6mob,2024-06-01
CUS_0x1250_2023_12_01,CUS_0x1250,0,30dpd_6mob,2024-06-01
CUS_0x12f2_2023_12_01,CUS_0x12f2,1,30dpd_6mob,2024-06-01
CUS_0x1348_2023_12_01,CUS_0x1348,0,30dpd_6mob,2024-06-01
CUS_0x1355_2023_12_01,CUS_0x1355,1,30dpd_6mob,2024-06-01
CUS_0x138b_2023_12_01,CUS_0x138b,1,30dpd_6mob,2024-06-01
CUS_0x13db_2023_12_01,CUS_0x13db,0,30dpd_6mob,2024-06-01
CUS_0x13e3_2023_12_01,CUS_0x13e3,0,30dpd_6mob,2024-06-01
CUS_0x1439_2023_12_01,CUS_0x1439,0,30dpd_6mob,2024-06-01
CUS_0x1441_2023_12_01,CUS_0x1441,0,30dpd_6mob,2024-06-01
CUS_0x1488_2023_12_01,CUS_0x1488,0,30dpd_6mob,2024-06-01
CUS_0x14d3_2023_12_01,CUS_0x14d3,0,30dpd_6mob,2024-06-01
CUS_0x16a6_2023_12_01,CUS_0x16a6,0,30dpd_6mob,2024-06-01
CUS_0x17d3_2023_12_01,CUS_0x17d3,1,30dpd_6mob,2024-06-01
CUS_0x187e_2023_12_01,CUS_0x187e,1,30dpd_6mob,2024-06-01
CUS_0x189e_2023_12_01,CUS_0x189e,0,30dpd_6mob,2024-06-01
CUS_0x1915_2023_12_01,CUS_0x1915,0,30dpd_6mob,2024-06-01
CUS_0x1916_2023_12_01,CUS_0x1916,0,30dpd_6mob,2024-06-01
CUS_0x1956_2023_12_01,CUS_0x1956,0,30dpd_6mob,2024-06-01
CUS_0x1971_2023_12_01,CUS_0x1971,0,30dpd_6mob,2024-06-01
CUS_0x1a4d_2023_12_01,CUS_0x1a4d,0,30dpd_6mob,2024-06-01
CUS_0x1a59_2023_12_01,CUS_0x1a59,0,30dpd_6mob,2024-06-01
CUS_0x1af1_2023_12_01,CUS_0x1af1,1,30dpd_6mob,2024-06-01
CUS_0x1b29_2023_12_01,CUS_0x1b29,0,30dpd_6mob,2024-06-01
CUS_0x1cab_2023_12_01,CUS_0x1cab,1,30dpd_6mob,2024-06-01
CUS_0x1cee_2023_12_01,CUS_0x1cee,0,30dpd_6mob,2024-06-01
CUS_0x1cfd_2023_12_01,CUS_0x1cfd,0,30dpd_6mob,2024-06-01
CUS_0x1dda_2023_12_01,CUS_0x1dda,0,30dpd_6mob,2024-06-01
CUS_0x1de5_2023_12_01,CUS_0x1de5,1,30dpd_6mob,2024-06-01
CUS_0x1e3e_2023_12_01,CUS_0x1e3e,0,30dpd_6mob,2024-06-01
CUS_0x1e87_2023_12_01,CUS_0x1e87,0,30dpd_6mob,2024-06-01
CUS_0x1e8c_2023_12_01,CUS_0x1e8c,1,30dpd_6mob,2024-06-01
CUS_0x1e9c_2023_12_01,CUS_0x1e9c,0,30dpd_6mob,2024-06-01
CUS_0x1ed3_2023_12_01,CUS_0x1ed3,0,30dpd_6mob,2024-06-01
CUS_0x1f88_2023_12_01,CUS_0x1f88,0,30dpd_6mob,2024-06-01
CUS_0x1fae_2023_12_01,CUS_0x1fae,0,30dpd_6mob,2024-06-01
CUS_0x1ffb_2023_12_01,CUS_0x1ffb,1,30dpd_6mob,2024-06-01
CUS_0x2000_2023_12_01,CUS_0x2000,1,30dpd_6mob,2024-06-01
CUS_0x20f8_2023_12_01,CUS_0x20f8,0,30dpd_6mob,2024-06-01
CUS_0x2142_2023_12_01,CUS_0x2142,0,30dpd_6mob,2024-06-01
CUS_0x219b_2023_12_01,CUS_0x219b,1,30dpd_6mob,2024-06-01
CUS_0x21ce_2023_12_01,CUS_0x21ce,0,30dpd_6mob,2024-06-01
CUS_0x21f9_2023_12_01,CUS_0x21f9,0,30dpd_6mob,2024-06-01
CUS_0x2314_2023_12_01,CUS_0x2314,0,30dpd_6mob,2024-06-01
CUS_0x2378_2023_12_01,CUS_0x2378,1,30dpd_6mob,2024-06-01
CUS_0x2390_2023_12_01,CUS_0x2390,0,30dpd_6mob,2024-06-01
CUS_0x242a_2023_12_01,CUS_0x242a,0,30dpd_6mob,2024-06-01
CUS_0x2451_2023_12_01,CUS_0x2451,1,30dpd_6mob,2024-06-01
CUS_0x24f9_2023_12_01,CUS_0x24f9,0,30dpd_6mob,2024-06-01
CUS_0x2526_2023_12_01,CUS_0x2526,0,30dpd_6mob,2024-06-01
CUS_0x2541_2023_12_01,CUS_0x2541,0,30dpd_6mob,2024-06-01
CUS_0x257e_2023_12_01,CUS_0x257e,0,30dpd_6mob,2024-06-01
CUS_0x25c0_2023_12_01,CUS_0x25c0,1,30dpd_6mob,2024-06-01
CUS_0x25fd_2023_12_01,CUS_0x25fd,0,30dpd_6mob,2024-06-01
CUS_0x261d_2023_12_01,CUS_0x261d,0,30dpd_6mob,2024-06-01
CUS_0x2659_2023_12_01,CUS_0x2659,1,30dpd_6mob,2024-06-01
CUS_0x269d_2023_12_01,CUS_0x269d,0,30dpd_6mob,2024-06-01
CUS_0x26a5_2023_12_01,CUS_0x26a5,0,30dpd_6mob,2024-06-01
CUS_0x26c6_2023_12_01,CUS_0x26c6,1,30dpd_6mob,2024-06-01
CUS_0x279c_2023_12_01,CUS_0x279c,0,30dpd_6mob,2024-06-01
CUS_0x27e2_2023_12_01,CUS_0x27e2,1,30dpd_6mob,2024-06-01
CUS_0x286a_2023_12_01,CUS_0x286a,0,30dpd_6mob,2024-06-01
CUS_0x2878_2023_12_01,CUS_0x2878,0,30dpd_6mob,2024-06-01
CUS_0x28de_2023_12_01,CUS_0x28de,1,30dpd_6mob,2024-06-01
CUS_0x28ec_2023_12_01,CUS_0x28ec,1,30dpd_6mob,2024-06-01
CUS_0x29cd_2023_12_01,CUS_0x29cd,0,30dpd_6mob,2024-06-01
CUS_0x2a47_2023_12_01,CUS_0x2a47,0,30dpd_6mob,2024-06-01
CUS_0x2a5c_2023_12_01,CUS_0x2a5c,0,30dpd_6mob,2024-06-01
CUS_0x2ad5_2023_12_01,CUS_0x2ad5,0,30dpd_6mob,2024-06-01
CUS_0x2b5d_2023_12_01,CUS_0x2b5d,1,30dpd_6mob,2024-06-01
CUS_0x2b99_2023_12_01,CUS_0x2b99,1,30dpd_6mob,2024-06-01
CUS_0x2b9f_2023_12_01,CUS_0x2b9f,1,30dpd_6mob,2024-06-01
CUS_0x2c2d_2023_12_01,CUS_0x2c2d,0,30dpd_6mob,2024-06-01
CUS_0x2c34_2023_12_01,CUS_0x2c34,0,30dpd_6mob,2024-06-01
CUS_0x2c55_2023_12_01,CUS_0x2c55,0,30dpd_6mob,2024-06-01
CUS_0x2cab_2023_12_01,CUS_0x2cab,1,30dpd_6mob,2024-06-01
CUS_0x2ce9_2023_12_01,CUS_0x2ce9,0,30dpd_6mob,2024-06-01
CUS_0x2d27_2023_12_01,CUS_0x2d27,0,30dpd_6mob,2024-06-01
CUS_0x2da4_2023_12_01,CUS_0x2da4,0,30dpd_6mob,2024-06-01
CUS_0x2dc9_2023_12_01,CUS_0x2dc9,0,30dpd_6mob,2024-06-01
CUS_0x2ddd_2023_12_01,CUS_0x2ddd,0,30dpd_6mob,2024-06-01
CUS_0x2e7f_2023_12_01,CUS_0x2e7f,0,30dpd_6mob,2024-06-01
CUS_0x2e90_2023_12_01,CUS_0x2e90,0,30dpd_6mob,2024-06-01
CUS_0x2ef8_2023_12_01,CUS_0x2ef8,0,30dpd_6mob,2024-06-01
CUS_0x2f02_2023_12_01,CUS_0x2f02,0,30dpd_6mob,2024-06-01
CUS_0x2f08_2023_12_01,CUS_0x2f08,0,30dpd_6mob,2024-06-01
CUS_0x2f56_2023_12_01,CUS_0x2f56,0,30dpd_6mob,2024-06-01
CUS_0x3048_2023_12_01,CUS_0x3048,1,30dpd_6mob,2024-06-01
CUS_0x30ae_2023_12_01,CUS_0x30ae,1,30dpd_6mob,2024-06-01
CUS_0x3117_2023_12_01,CUS_0x3117,1,30dpd_6mob,2024-06-01
CUS_0x311a_2023_12_01,CUS_0x311a,0,30dpd_6mob,2024-06-01
CUS_0x320f_2023_12_01,CUS_0x320f,0,30dpd_6mob,2024-06-01
CUS_0x33d6_2023_12_01,CUS_0x33d6,0,30dpd_6mob,2024-06-01
CUS_0x3404_2023_12_01,CUS_0x3404,0,30dpd_6mob,2024-06-01
CUS_0x3513_2023_12_01,CUS_0x3513,1,30dpd_6mob,2024-06-01
CUS_0x368f_2023_12_01,CUS_0x368f,0,30dpd_6mob,2024-06-01
CUS_0x36a0_2023_12_01,CUS_0x36a0,0,30dpd_6mob,2024-06-01
CUS_0x3720_2023_12_01,CUS_0x3720,1,30dpd_6mob,2024-06-01
CUS_0x3763_2023_12_01,CUS_0x3763,0,30dpd_6mob,2024-06-01
CUS_0x3767_2023_12_01,CUS_0x3767,0,30dpd_6mob,2024-06-01
CUS_0x3793_2023_12_01,CUS_0x3793,0,30dpd_6mob,2024-06-01
CUS_0x3870_2023_12_01,CUS_0x3870,1,30dpd_6mob,2024-06-01
CUS_0x390d_2023_12_01,CUS_0x390d,0,30dpd_6mob,2024-06-01
CUS_0x3948_2023_12_01,CUS_0x3948,0,30dpd_6mob,2024-06-01
CUS_0x3a94_2023_12_01,CUS_0x3a94,0,30dpd_6mob,2024-06-01
CUS_0x3abe_2023_12_01,CUS_0x3abe,1,30dpd_6mob,2024-06-01
CUS_0x3ae1_2023_12_01,CUS_0x3ae1,1,30dpd_6mob,2024-06-01
CUS_0x3b7e_2023_12_01,CUS_0x3b7e,0,30dpd_6mob,2024-06-01
CUS_0x3b85_2023_12_01,CUS_0x3b85,0,30dpd_6mob,2024-06-01
CUS_0x3baf_2023_12_01,CUS_0x3baf,0,30dpd_6mob,2024-06-01
CUS_0x3bf3_2023_12_01,CUS_0x3bf3,0,30dpd_6mob,2024-06-01
CUS_0x3c72_2023_12_01,CUS_0x3c72,0,30dpd_6mob,2024-06-01
CUS_0x3cb1_2023_12_01,CUS_0x3cb1,0,30dpd_6mob,2024-06-01
CUS_0x3d82_2023_12_01,CUS_0x3d82,0,30dpd_6mob,2024-06-01
CUS_0x3dc3_2023_12_01,CUS_0x3dc3,0,30dpd_6mob,2024-06-01
CUS_0x3e32_2023_12_01,CUS_0x3e32,0,30dpd_6mob,2024-06-01
CUS_0x3e40_2023_12_01,CUS_0x3e40,0,30dpd_6mob,2024-06-01
CUS_0x3e8c_2023_12_01,CUS_0x3e8c,0,30dpd_6mob,2024-06-01
CUS_0x3ec1_2023_12_01,CUS_0x3ec1,0,30dpd_6mob,2024-06-01
CUS_0x3ee_2023_12_01,CUS_0x3ee,1,30dpd_6mob,2024-06-01
CUS_0x3f35_2023_12_01,CUS_0x3f35,0,30dpd_6mob,2024-06-01
CUS_0x3f85_2023_12_01,CUS_0x3f85,0,30dpd_6mob,2024-06-01
CUS_0x3fce_2023_12_01,CUS_0x3fce,0,30dpd_6mob,2024-06-01
CUS_0x3ff9_2023_12_01,CUS_0x3ff9,0,30dpd_6mob,2024-06-01
CUS_0x4036_2023_12_01,CUS_0x4036,0,30dpd_6mob,2024-06-01
CUS_0x409e_2023_12_01,CUS_0x409e,0,30dpd_6mob,2024-06-01
CUS_0x40f_2023_12_01,CUS_0x40f,0,30dpd_6mob,2024-06-01
CUS_0x40f9_2023_12_01,CUS_0x40f9,0,30dpd_6mob,2024-06-01
CUS_0x41f4_2023_12_01,CUS_0x41f4,1,30dpd_6mob,2024-06-01
CUS_0x4206_2023_12_01,CUS_0x4206,1,30dpd_6mob,2024-06-01
CUS_0x42fb_2023_12_01,CUS_0x42fb,0,30dpd_6mob,2024-06-01
CUS_0x43a3_2023_12_01,CUS_0x43a3,1,30dpd_6mob,2024-06-01
CUS_0x43d0_2023_12_01,CUS_0x43d0,1,30dpd_6mob,2024-06-01
CUS_0x43d1_2023_12_01,CUS_0x43d1,0,30dpd_6mob,2024-06-01
CUS_0x446f_2023_12_01,CUS_0x446f,0,30dpd_6mob,2024-06-01
CUS_0x4475_2023_12_01,CUS_0x4475,1,30dpd_6mob,2024-06-01
CUS_0x44cb_2023_12_01,CUS_0x44cb,0,30dpd_6mob,2024-06-01
CUS_0x456f_2023_12_01,CUS_0x456f,1,30dpd_6mob,2024-06-01
CUS_0x45cb_2023_12_01,CUS_0x45cb,1,30dpd_6mob,2024-06-01
CUS_0x467f_2023_12_01,CUS_0x467f,1,30dpd_6mob,2024-06-01
CUS_0x46d_2023_12_01,CUS_0x46d,0,30dpd_6mob,2024-06-01
CUS_0x46d5_2023_12_01,CUS_0x46d5,0,30dpd_6mob,2024-06-01
CUS_0x46e8_2023_12_01,CUS_0x46e8,0,30dpd_6mob,2024-06-01
CUS_0x4728_2023_12_01,CUS_0x4728,1,30dpd_6mob,2024-06-01
CUS_0x47da_2023_12_01,CUS_0x47da,1,30dpd_6mob,2024-06-01
CUS_0x4892_2023_12_01,CUS_0x4892,0,30dpd_6mob,2024-06-01
CUS_0x4948_2023_12_01,CUS_0x4948,0,30dpd_6mob,2024-06-01
CUS_0x496e_2023_12_01,CUS_0x496e,0,30dpd_6mob,2024-06-01
CUS_0x49a9_2023_12_01,CUS_0x49a9,1,30dpd_6mob,2024-06-01
CUS_0x4aa6_2023_12_01,CUS_0x4aa6,0,30dpd_6mob,2024-06-01
CUS_0x4af2_2023_12_01,CUS_0x4af2,0,30dpd_6mob,2024-06-01
CUS_0x4b09_2023_12_01,CUS_0x4b09,0,30dpd_6mob,2024-06-01
CUS_0x4bde_2023_12_01,CUS_0x4bde,1,30dpd_6mob,2024-06-01
CUS_0x4bfb_2023_12_01,CUS_0x4bfb,0,30dpd_6mob,2024-06-01
CUS_0x4cc2_2023_12_01,CUS_0x4cc2,0,30dpd_6mob,2024-06-01
CUS_0x4cd5_2023_12_01,CUS_0x4cd5,0,30dpd_6mob,2024-06-01
CUS_0x4ce7_2023_12_01,CUS_0x4ce7,0,30dpd_6mob,2024-06-01
CUS_0x4d09_2023_12_01,CUS_0x4d09,1,30dpd_6mob,2024-06-01
CUS_0x4dc5_2023_12_01,CUS_0x4dc5,0,30dpd_6mob,2024-06-01
CUS_0x4df2_2023_12_01,CUS_0x4df2,0,30dpd_6mob,2024-06-01
CUS_0x4e8c_2023_12_01,CUS_0x4e8c,0,30dpd_6mob,2024-06-01
CUS_0x4e94_2023_12_01,CUS_0x4e94,0,30dpd_6mob,2024-06-01
CUS_0x4eab_2023_12_01,CUS_0x4eab,0,30dpd_6mob,2024-06-01
CUS_0x4edb_2023_12_01,CUS_0x4edb,0,30dpd_6mob,2024-06-01
CUS_0x4fb5_2023_12_01,CUS_0x4fb5,1,30dpd_6mob,2024-06-01
CUS_0x5035_2023_12_01,CUS_0x5035,0,30dpd_6mob,2024-06-01
CUS_0x5131_2023_12_01,CUS_0x5131,0,30dpd_6mob,2024-06-01
CUS_0x5135_2023_12_01,CUS_0x5135,1,30dpd_6mob,2024-06-01
CUS_0x5182_2023_12_01,CUS_0x5182,1,30dpd_6mob,2024-06-01
CUS_0x5239_2023_12_01,CUS_0x5239,1,30dpd_6mob,2024-06-01
CUS_0x5262_2023_12_01,CUS_0x5262,0,30dpd_6mob,2024-06-01
CUS_0x5280_2023_12_01,CUS_0x5280,0,30dpd_6mob,2024-06-01
CUS_0x5344_2023_12_01,CUS_0x5344,0,30dpd_6mob,2024-06-01
CUS_0x535d_2023_12_01,CUS_0x535d,0,30dpd_6mob,2024-06-01
CUS_0x5426_2023_12_01,CUS_0x5426,1,30dpd_6mob,2024-06-01
CUS_0x5495_2023_12_01,CUS_0x5495,0,30dpd_6mob,2024-06-01
CUS_0x54a7_2023_12_01,CUS_0x54a7,0,30dpd_6mob,2024-06-01
CUS_0x54b2_2023_12_01,CUS_0x54b2,0,30dpd_6mob,2024-06-01
CUS_0x54c6_2023_12_01,CUS_0x54c6,0,30dpd_6mob,2024-06-01
CUS_0x5572_2023_12_01,CUS_0x5572,0,30dpd_6mob,2024-06-01
CUS_0x55f_2023_12_01,CUS_0x55f,0,30dpd_6mob,2024-06-01
CUS_0x5629_2023_12_01,CUS_0x5629,1,30dpd_6mob,2024-06-01
CUS_0x5761_2023_12_01,CUS_0x5761,1,30dpd_6mob,2024-06-01
CUS_0x5840_2023_12_01,CUS_0x5840,0,30dpd_6mob,2024-06-01
CUS_0x584a_2023_12_01,CUS_0x584a,1,30dpd_6mob,2024-06-01
CUS_0x589c_2023_12_01,CUS_0x589c,0,30dpd_6mob,2024-06-01
CUS_0x59dd_2023_12_01,CUS_0x59dd,0,30dpd_6mob,2024-06-01
CUS_0x5a03_2023_12_01,CUS_0x5a03,0,30dpd_6mob,2024-06-01
CUS_0x5a0c_2023_12_01,CUS_0x5a0c,1,30dpd_6mob,2024-06-01
CUS_0x5a58_2023_12_01,CUS_0x5a58,1,30dpd_6mob,2024-06-01
CUS_0x5a7b_2023_12_01,CUS_0x5a7b,1,30dpd_6mob,2024-06-01
CUS_0x5a95_2023_12_01,CUS_0x5a95,0,30dpd_6mob,2024-06-01
CUS_0x5aa1_2023_12_01,CUS_0x5aa1,0,30dpd_6mob,2024-06-01
CUS_0x5b57_2023_12_01,CUS_0x5b57,0,30dpd_6mob,2024-06-01
CUS_0x5b9c_2023_12_01,CUS_0x5b9c,0,30dpd_6mob,2024-06-01
CUS_0x5bf8_2023_12_01,CUS_0x5bf8,0,30dpd_6mob,2024-06-01
CUS_0x5bff_2023_12_01,CUS_0x5bff,0,30dpd_6mob,2024-06-01
CUS_0x5cb8_2023_12_01,CUS_0x5cb8,0,30dpd_6mob,2024-06-01
CUS_0x5ccb_2023_12_01,CUS_0x5ccb,1,30dpd_6mob,2024-06-01
CUS_0x5d1c_2023_12_01,CUS_0x5d1c,0,30dpd_6mob,2024-06-01
CUS_0x5d6d_2023_12_01,CUS_0x5d6d,0,30dpd_6mob,2024-06-01
CUS_0x5df_2023_12_01,CUS_0x5df,0,30dpd_6mob,2024-06-01
CUS_0x5e06_2023_12_01,CUS_0x5e06,0,30dpd_6mob,2024-06-01
CUS_0x5e3e_2023_12_01,CUS_0x5e3e,1,30dpd_6mob,2024-06-01
CUS_0x5f2f_2023_12_01,CUS_0x5f2f,0,30dpd_6mob,2024-06-01
CUS_0x5f34_2023_12_01,CUS_0x5f34,0,30dpd_6mob,2024-06-01
CUS_0x5f86_2023_12_01,CUS_0x5f86,0,30dpd_6mob,2024-06-01
CUS_0x5f90_2023_12_01,CUS_0x5f90,1,30dpd_6mob,2024-06-01
CUS_0x5f92_2023_12_01,CUS_0x5f92,1,30dpd_6mob,2024-06-01
CUS_0x5fc2_2023_12_01,CUS_0x5fc2,1,30dpd_6mob,2024-06-01
CUS_0x6068_2023_12_01,CUS_0x6068,0,30dpd_6mob,2024-06-01
CUS_0x60b6_2023_12_01,CUS_0x60b6,0,30dpd_6mob,2024-06-01
CUS_0x6109_2023_12_01,CUS_0x6109,0,30dpd_6mob,2024-06-01
CUS_0x6119_2023_12_01,CUS_0x6119,0,30dpd_6mob,2024-06-01
CUS_0x618b_2023_12_01,CUS_0x618b,1,30dpd_6mob,2024-06-01
CUS_0x6213_2023_12_01,CUS_0x6213,0,30dpd_6mob,2024-06-01
CUS_0x62ec_2023_12_01,CUS_0x62ec,0,30dpd_6mob,2024-06-01
CUS_0x632_2023_12_01,CUS_0x632,1,30dpd_6mob,2024-06-01
CUS_0x6428_2023_12_01,CUS_0x6428,0,30dpd_6mob,2024-06-01
CUS_0x6590_2023_12_01,CUS_0x6590,0,30dpd_6mob,2024-06-01
CUS_0x65ca_2023_12_01,CUS_0x65ca,0,30dpd_6mob,2024-06-01
CUS_0x65f6_2023_12_01,CUS_0x65f6,0,30dpd_6mob,2024-06-01
CUS_0x65fc_2023_12_01,CUS_0x65fc,0,30dpd_6mob,2024-06-01
CUS_0x66a1_2023_12_01,CUS_0x66a1,0,30dpd_6mob,2024-06-01
CUS_0x66f5_2023_12_01,CUS_0x66f5,1,30dpd_6mob,2024-06-01
CUS_0x6735_2023_12_01,CUS_0x6735,0,30dpd_6mob,2024-06-01
CUS_0x67a4_2023_12_01,CUS_0x67a4,1,30dpd_6mob,2024-06-01
CUS_0x67cd_2023_12_01,CUS_0x67cd,0,30dpd_6mob,2024-06-01
CUS_0x67e5_2023_12_01,CUS_0x67e5,1,30dpd_6mob,2024-06-01
CUS_0x6894_2023_12_01,CUS_0x6894,0,30dpd_6mob,2024-06-01
CUS_0x6901_2023_12_01,CUS_0x6901,0,30dpd_6mob,2024-06-01
CUS_0x692a_2023_12_01,CUS_0x692a,1,30dpd_6mob,2024-06-01
CUS_0x698b_2023_12_01,CUS_0x698b,0,30dpd_6mob,2024-06-01
CUS_0x6993_2023_12_01,CUS_0x6993,0,30dpd_6mob,2024-06-01
CUS_0x6a11_2023_12_01,CUS_0x6a11,0,30dpd_6mob,2024-06-01
CUS_0x6a14_2023_12_01,CUS_0x6a14,0,30dpd_6mob,2024-06-01
CUS_0x6a61_2023_12_01,CUS_0x6a61,0,30dpd_6mob,2024-06-01
CUS_0x6aca_2023_12_01,CUS_0x6aca,0,30dpd_6mob,2024-06-01
CUS_0x6acc_2023_12_01,CUS_0x6acc,0,30dpd_6mob,2024-06-01
CUS_0x6b44_2023_12_01,CUS_0x6b44,0,30dpd_6mob,2024-06-01
CUS_0x6c49_2023_12_01,CUS_0x6c49,1,30dpd_6mob,2024-06-01
CUS_0x6c91_2023_12_01,CUS_0x6c91,0,30dpd_6mob,2024-06-01
CUS_0x6cce_2023_12_01,CUS_0x6cce,1,30dpd_6mob,2024-06-01
CUS_0x6d1a_2023_12_01,CUS_0x6d1a,1,30dpd_6mob,2024-06-01
CUS_0x6d35_2023_12_01,CUS_0x6d35,0,30dpd_6mob,2024-06-01
CUS_0x6d6e_2023_12_01,CUS_0x6d6e,0,30dpd_6mob,2024-06-01
CUS_0x6e19_2023_12_01,CUS_0x6e19,1,30dpd_6mob,2024-06-01
CUS_0x6e91_2023_12_01,CUS_0x6e91,1,30dpd_6mob,2024-06-01
CUS_0x6f0f_2023_12_01,CUS_0x6f0f,0,30dpd_6mob,2024-06-01
CUS_0x6f9_2023_12_01,CUS_0x6f9,1,30dpd_6mob,2024-06-01
CUS_0x6f93_2023_12_01,CUS_0x6f93,0,30dpd_6mob,2024-06-01
CUS_0x7081_2023_12_01,CUS_0x7081,0,30dpd_6mob,2024-06-01
CUS_0x709_2023_12_01,CUS_0x709,0,30dpd_6mob,2024-06-01
CUS_0x710a_2023_12_01,CUS_0x710a,1,30dpd_6mob,2024-06-01
CUS_0x71ab_2023_12_01,CUS_0x71ab,0,30dpd_6mob,2024-06-01
CUS_0x71e2_2023_12_01,CUS_0x71e2,0,30dpd_6mob,2024-06-01
CUS_0x7312_2023_12_01,CUS_0x7312,0,30dpd_6mob,2024-06-01
CUS_0x732d_2023_12_01,CUS_0x732d,0,30dpd_6mob,2024-06-01
CUS_0x73a6_2023_12_01,CUS_0x73a6,1,30dpd_6mob,2024-06-01
CUS_0x743f_2023_12_01,CUS_0x743f,0,30dpd_6mob,2024-06-01
CUS_0x744f_2023_12_01,CUS_0x744f,0,30dpd_6mob,2024-06-01
CUS_0x74e8_2023_12_01,CUS_0x74e8,1,30dpd_6mob,2024-06-01
CUS_0x758f_2023_12_01,CUS_0x758f,0,30dpd_6mob,2024-06-01
CUS_0x7671_2023_12_01,CUS_0x7671,1,30dpd_6mob,2024-06-01
CUS_0x769d_2023_12_01,CUS_0x769d,1,30dpd_6mob,2024-06-01
CUS_0x786d_2023_12_01,CUS_0x786d,0,30dpd_6mob,2024-06-01
CUS_0x78ca_2023_12_01,CUS_0x78ca,0,30dpd_6mob,2024-06-01
CUS_0x78e8_2023_12_01,CUS_0x78e8,1,30dpd_6mob,2024-06-01
CUS_0x7906_2023_12_01,CUS_0x7906,1,30dpd_6mob,2024-06-01
CUS_0x7974_2023_12_01,CUS_0x7974,0,30dpd_6mob,2024-06-01
CUS_0x79c0_2023_12_01,CUS_0x79c0,1,30dpd_6mob,2024-06-01
CUS_0x7a14_2023_12_01,CUS_0x7a14,0,30dpd_6mob,2024-06-01
CUS_0x7a22_2023_12_01,CUS_0x7a22,0,30dpd_6mob,2024-06-01
CUS_0x7a26_2023_12_01,CUS_0x7a26,0,30dpd_6mob,2024-06-01
CUS_0x7a32_2023_12_01,CUS_0x7a32,0,30dpd_6mob,2024-06-01
CUS_0x7a7f_2023_12_01,CUS_0x7a7f,0,30dpd_6mob,2024-06-01
CUS_0x7a8e_2023_12_01,CUS_0x7a8e,0,30dpd_6mob,2024-06-01
CUS_0x7ab3_2023_12_01,CUS_0x7ab3,0,30dpd_6mob,2024-06-01
CUS_0x7af8_2023_12_01,CUS_0x7af8,0,30dpd_6mob,2024-06-01
CUS_0x7b38_2023_12_01,CUS_0x7b38,1,30dpd_6mob,2024-06-01
CUS_0x7c0d_2023_12_01,CUS_0x7c0d,1,30dpd_6mob,2024-06-01
CUS_0x7c79_2023_12_01,CUS_0x7c79,0,30dpd_6mob,2024-06-01
CUS_0x7c88_2023_12_01,CUS_0x7c88,0,30dpd_6mob,2024-06-01
CUS_0x7d66_2023_12_01,CUS_0x7d66,0,30dpd_6mob,2024-06-01
CUS_0x7d6e_2023_12_01,CUS_0x7d6e,0,30dpd_6mob,2024-06-01
CUS_0x7dab_2023_12_01,CUS_0x7dab,0,30dpd_6mob,2024-06-01
CUS_0x7de1_2023_12_01,CUS_0x7de1,1,30dpd_6mob,2024-06-01
CUS_0x7de5_2023_12_01,CUS_0x7de5,1,30dpd_6mob,2024-06-01
CUS_0x7e6c_2023_12_01,CUS_0x7e6c,0,30dpd_6mob,2024-06-01
CUS_0x7ef5_2023_12_01,CUS_0x7ef5,0,30dpd_6mob,2024-06-01
CUS_0x7efc_2023_12_01,CUS_0x7efc,0,30dpd_6mob,2024-06-01
CUS_0x7f3f_2023_12_01,CUS_0x7f3f,0,30dpd_6mob,2024-06-01
CUS_0x7f6c_2023_12_01,CUS_0x7f6c,0,30dpd_6mob,2024-06-01
CUS_0x7f73_2023_12_01,CUS_0x7f73,0,30dpd_6mob,2024-06-01
CUS_0x7fa8_2023_12_01,CUS_0x7fa8,1,30dpd_6mob,2024-06-01
CUS_0x804d_2023_12_01,CUS_0x804d,0,30dpd_6mob,2024-06-01
CUS_0x80fd_2023_12_01,CUS_0x80fd,1,30dpd_6mob,2024-06-01
CUS_0x812c_2023_12_01,CUS_0x812c,0,30dpd_6mob,2024-06-01
CUS_0x8138_2023_12_01,CUS_0x8138,0,30dpd_6mob,2024-06-01
CUS_0x81d_2023_12_01,CUS_0x81d,0,30dpd_6mob,2024-06-01
CUS_0x81d7_2023_12_01,CUS_0x81d7,0,30dpd_6mob,2024-06-01
CUS_0x827f_2023_12_01,CUS_0x827f,0,30dpd_6mob,2024-06-01
CUS_0x8304_2023_12_01,CUS_0x8304,0,30dpd_6mob,2024-06-01
CUS_0x837_2023_12_01,CUS_0x837,1,30dpd_6mob,2024-06-01
CUS_0x8391_2023_12_01,CUS_0x8391,0,30dpd_6mob,2024-06-01
CUS_0x839b_2023_12_01,CUS_0x839b,0,30dpd_6mob,2024-06-01
CUS_0x83c3_2023_12_01,CUS_0x83c3,1,30dpd_6mob,2024-06-01
CUS_0x83e8_2023_12_01,CUS_0x83e8,0,30dpd_6mob,2024-06-01
CUS_0x8440_2023_12_01,CUS_0x8440,0,30dpd_6mob,2024-06-01
CUS_0x8442_2023_12_01,CUS_0x8442,0,30dpd_6mob,2024-06-01
CUS_0x84a8_2023_12_01,CUS_0x84a8,0,30dpd_6mob,2024-06-01
CUS_0x867d_2023_12_01,CUS_0x867d,0,30dpd_6mob,2024-06-01
CUS_0x868_2023_12_01,CUS_0x868,1,30dpd_6mob,2024-06-01
CUS_0x86d9_2023_12_01,CUS_0x86d9,0,30dpd_6mob,2024-06-01
CUS_0x8766_2023_12_01,CUS_0x8766,0,30dpd_6mob,2024-06-01
CUS_0x87a4_2023_12_01,CUS_0x87a4,0,30dpd_6mob,2024-06-01
CUS_0x8804_2023_12_01,CUS_0x8804,1,30dpd_6mob,2024-06-01
CUS_0x881c_2023_12_01,CUS_0x881c,1,30dpd_6mob,2024-06-01
CUS_0x8822_2023_12_01,CUS_0x8822,0,30dpd_6mob,2024-06-01
CUS_0x8927_2023_12_01,CUS_0x8927,0,30dpd_6mob,2024-06-01
CUS_0x8990_2023_12_01,CUS_0x8990,0,30dpd_6mob,2024-06-01
CUS_0x89a6_2023_12_01,CUS_0x89a6,0,30dpd_6mob,2024-06-01
CUS_0x89bd_2023_12_01,CUS_0x89bd,1,30dpd_6mob,2024-06-01
CUS_0x89cb_2023_12_01,CUS_0x89cb,0,30dpd_6mob,2024-06-01
CUS_0x89e_2023_12_01,CUS_0x89e,0,30dpd_6mob,2024-06-01
CUS_0x8af0_2023_12_01,CUS_0x8af0,1,30dpd_6mob,2024-06-01
CUS_0x8b11_2023_12_01,CUS_0x8b11,0,30dpd_6mob,2024-06-01
CUS_0x8c47_2023_12_01,CUS_0x8c47,1,30dpd_6mob,2024-06-01
CUS_0x8c7b_2023_12_01,CUS_0x8c7b,1,30dpd_6mob,2024-06-01
CUS_0x8cf9_2023_12_01,CUS_0x8cf9,1,30dpd_6mob,2024-06-01
CUS_0x8d12_2023_12_01,CUS_0x8d12,0,30dpd_6mob,2024-06-01
CUS_0x8d7b_2023_12_01,CUS_0x8d7b,0,30dpd_6mob,2024-06-01
CUS_0x8d91_2023_12_01,CUS_0x8d91,1,30dpd_6mob,2024-06-01
CUS_0x8d9a_2023_12_01,CUS_0x8d9a,0,30dpd_6mob,2024-06-01
CUS_0x8dbe_2023_12_01,CUS_0x8dbe,0,30dpd_6mob,2024-06-01
CUS_0x8dc4_2023_12_01,CUS_0x8dc4,1,30dpd_6mob,2024-06-01
CUS_0x8e71_2023_12_01,CUS_0x8e71,0,30dpd_6mob,2024-06-01
CUS_0x8ee1_2023_12_01,CUS_0x8ee1,0,30dpd_6mob,2024-06-01
CUS_0x8ee3_2023_12_01,CUS_0x8ee3,0,30dpd_6mob,2024-06-01
CUS_0x8f20_2023_12_01,CUS_0x8f20,0,30dpd_6mob,2024-06-01
CUS_0x8f4f_2023_12_01,CUS_0x8f4f,1,30dpd_6mob,2024-06-01
CUS_0x8fa9_2023_12_01,CUS_0x8fa9,1,30dpd_6mob,2024-06-01
CUS_0x8fee_2023_12_01,CUS_0x8fee,0,30dpd_6mob,2024-06-01
CUS_0x909d_2023_12_01,CUS_0x909d,1,30dpd_6mob,2024-06-01
CUS_0x9165_2023_12_01,CUS_0x9165,0,30dpd_6mob,2024-06-01
CUS_0x9173_2023_12_01,CUS_0x9173,0,30dpd_6mob,2024-06-01
CUS_0x9192_2023_12_01,CUS_0x9192,0,30dpd_6mob,2024-06-01
CUS_0x91dd_2023_12_01,CUS_0x91dd,0,30dpd_6mob,2024-06-01
CUS_0x91fe_2023_12_01,CUS_0x91fe,0,30dpd_6mob,2024-06-01
CUS_0x9214_2023_12_01,CUS_0x9214,1,30dpd_6mob,2024-06-01
CUS_0x9281_2023_12_01,CUS_0x9281,1,30dpd_6mob,2024-06-01
CUS_0x92df_2023_12_01,CUS_0x92df,0,30dpd_6mob,2024-06-01
CUS_0x9423_2023_12_01,CUS_0x9423,0,30dpd_6mob,2024-06-01
CUS_0x94aa_2023_12_01,CUS_0x94aa,0,30dpd_6mob,2024-06-01
CUS_0x9595_2023_12_01,CUS_0x9595,0,30dpd_6mob,2024-06-01
CUS_0x960f_2023_12_01,CUS_0x960f,1,30dpd_6mob,2024-06-01
CUS_0x961d_2023_12_01,CUS_0x961d,1,30dpd_6mob,2024-06-01
CUS_0x965e_2023_12_01,CUS_0x965e,0,30dpd_6mob,2024-06-01
CUS_0x96b5_2023_12_01,CUS_0x96b5,0,30dpd_6mob,2024-06-01
CUS_0x9741_2023_12_01,CUS_0x9741,1,30dpd_6mob,2024-06-01
CUS_0x9761_2023_12_01,CUS_0x9761,0,30dpd_6mob,2024-06-01
CUS_0x9815_2023_12_01,CUS_0x9815,1,30dpd_6mob,2024-06-01
CUS_0x98f5_2023_12_01,CUS_0x98f5,1,30dpd_6mob,2024-06-01
CUS_0x997_2023_12_01,CUS_0x997,0,30dpd_6mob,2024-06-01
CUS_0x99be_2023_12_01,CUS_0x99be,0,30dpd_6mob,2024-06-01
CUS_0x99dc_2023_12_01,CUS_0x99dc,1,30dpd_6mob,2024-06-01
CUS_0x9a6b_2023_12_01,CUS_0x9a6b,0,30dpd_6mob,2024-06-01
CUS_0x9adc_2023_12_01,CUS_0x9adc,0,30dpd_6mob,2024-06-01
CUS_0x9afb_2023_12_01,CUS_0x9afb,1,30dpd_6mob,2024-06-01
CUS_0x9bbd_2023_12_01,CUS_0x9bbd,0,30dpd_6mob,2024-06-01
CUS_0x9c34_2023_12_01,CUS_0x9c34,1,30dpd_6mob,2024-06-01
CUS_0x9cdf_2023_12_01,CUS_0x9cdf,0,30dpd_6mob,2024-06-01
CUS_0x9ce9_2023_12_01,CUS_0x9ce9,0,30dpd_6mob,2024-06-01
CUS_0x9d89_2023_12_01,CUS_0x9d89,0,30dpd_6mob,2024-06-01
CUS_0x9dc1_2023_12_01,CUS_0x9dc1,1,30dpd_6mob,2024-06-01
CUS_0x9de2_2023_12_01,CUS_0x9de2,0,30dpd_6mob,2024-06-01
CUS_0x9e26_2023_12_01,CUS_0x9e26,1,30dpd_6mob,2024-06-01
CUS_0x9f25_2023_12_01,CUS_0x9f25,1,30dpd_6mob,2024-06-01
CUS_0xa03a_2023_12_01,CUS_0xa03a,0,30dpd_6mob,2024-06-01
CUS_0xa040_2023_12_01,CUS_0xa040,0,30dpd_6mob,2024-06-01
CUS_0xa05d_2023_12_01,CUS_0xa05d,0,30dpd_6mob,2024-06-01
CUS_0xa080_2023_12_01,CUS_0xa080,0,30dpd_6mob,2024-06-01
CUS_0xa08b_2023_12_01,CUS_0xa08b,0,30dpd_6mob,2024-06-01
CUS_0xa0d_2023_12_01,CUS_0xa0d,0,30dpd_6mob,2024-06-01
CUS_0xa1b_2023_12_01,CUS_0xa1b,0,30dpd_6mob,2024-06-01
CUS_0xa1bd_2023_12_01,CUS_0xa1bd,1,30dpd_6mob,2024-06-01
CUS_0xa1f1_2023_12_01,CUS_0xa1f1,1,30dpd_6mob,2024-06-01
CUS_0xa23e_2023_12_01,CUS_0xa23e,0,30dpd_6mob,2024-06-01
CUS_0xa282_2023_12_01,CUS_0xa282,0,30dpd_6mob,2024-06-01
CUS_0xa2ac_2023_12_01,CUS_0xa2ac,1,30dpd_6mob,2024-06-01
CUS_0xa2b_2023_12_01,CUS_0xa2b,0,30dpd_6mob,2024-06-01
CUS_0xa301_2023_12_01,CUS_0xa301,0,30dpd_6mob,2024-06-01
CUS_0xa350_2023_12_01,CUS_0xa350,0,30dpd_6mob,2024-06-01
CUS_0xa36e_2023_12_01,CUS_0xa36e,0,30dpd_6mob,2024-06-01
CUS_0xa3bf_2023_12_01,CUS_0xa3bf,1,30dpd_6mob,2024-06-01
CUS_0xa465_2023_12_01,CUS_0xa465,0,30dpd_6mob,2024-06-01
CUS_0xa46f_2023_12_01,CUS_0xa46f,0,30dpd_6mob,2024-06-01
CUS_0xa47_2023_12_01,CUS_0xa47,1,30dpd_6mob,2024-06-01
CUS_0xa4f2_2023_12_01,CUS_0xa4f2,0,30dpd_6mob,2024-06-01
CUS_0xa530_2023_12_01,CUS_0xa530,1,30dpd_6mob,2024-06-01
CUS_0xa54b_2023_12_01,CUS_0xa54b,0,30dpd_6mob,2024-06-01
CUS_0xa585_2023_12_01,CUS_0xa585,1,30dpd_6mob,2024-06-01
CUS_0xa648_2023_12_01,CUS_0xa648,0,30dpd_6mob,2024-06-01
CUS_0xa66c_2023_12_01,CUS_0xa66c,0,30dpd_6mob,2024-06-01
CUS_0xa741_2023_12_01,CUS_0xa741,0,30dpd_6mob,2024-06-01
CUS_0xa766_2023_12_01,CUS_0xa766,0,30dpd_6mob,2024-06-01
CUS_0xa773_2023_12_01,CUS_0xa773,1,30dpd_6mob,2024-06-01
CUS_0xa781_2023_12_01,CUS_0xa781,0,30dpd_6mob,2024-06-01
CUS_0xa8a_2023_12_01,CUS_0xa8a,1,30dpd_6mob,2024-06-01
CUS_0xa964_2023_12_01,CUS_0xa964,0,30dpd_6mob,2024-06-01
CUS_0xa9a2_2023_12_01,CUS_0xa9a2,1,30dpd_6mob,2024-06-01
CUS_0xaa80_2023_12_01,CUS_0xaa80,0,30dpd_6mob,2024-06-01
CUS_0xab9c_2023_12_01,CUS_0xab9c,0,30dpd_6mob,2024-06-01
CUS_0xabd9_2023_12_01,CUS_0xabd9,0,30dpd_6mob,2024-06-01
CUS_0xac2d_2023_12_01,CUS_0xac2d,0,30dpd_6mob,2024-06-01
CUS_0xac4a_2023_12_01,CUS_0xac4a,0,30dpd_6mob,2024-06-01
CUS_0xacb2_2023_12_01,CUS_0xacb2,1,30dpd_6mob,2024-06-01
CUS_0xacec_2023_12_01,CUS_0xacec,0,30dpd_6mob,2024-06-01
CUS_0xad0e_2023_12_01,CUS_0xad0e,1,30dpd_6mob,2024-06-01
CUS_0xad11_2023_12_01,CUS_0xad11,0,30dpd_6mob,2024-06-01
CUS_0xad3f_2023_12_01,CUS_0xad3f,0,30dpd_6mob,2024-06-01
CUS_0xad4f_2023_12_01,CUS_0xad4f,1,30dpd_6mob,2024-06-01
CUS_0xad97_2023_12_01,CUS_0xad97,1,30dpd_6mob,2024-06-01
CUS_0xada3_2023_12_01,CUS_0xada3,0,30dpd_6mob,2024-06-01
CUS_0xadf5_2023_12_01,CUS_0xadf5,0,30dpd_6mob,2024-06-01
CUS_0xae42_2023_12_01,CUS_0xae42,0,30dpd_6mob,2024-06-01
CUS_0xae4f_2023_12_01,CUS_0xae4f,1,30dpd_6mob,2024-06-01
CUS_0xb024_2023_12_01,CUS_0xb024,0,30dpd_6mob,2024-06-01
CUS_0xb066_2023_12_01,CUS_0xb066,0,30dpd_6mob,2024-06-01
CUS_0xb14d_2023_12_01,CUS_0xb14d,0,30dpd_6mob,2024-06-01
CUS_0xb15e_2023_12_01,CUS_0xb15e,0,30dpd_6mob,2024-06-01
CUS_0xb160_2023_12_01,CUS_0xb160,0,30dpd_6mob,2024-06-01
CUS_0xb1c2_2023_12_01,CUS_0xb1c2,1,30dpd_6mob,2024-06-01
CUS_0xb1e7_2023_12_01,CUS_0xb1e7,1,30dpd_6mob,2024-06-01
CUS_0xb2d2_2023_12_01,CUS_0xb2d2,1,30dpd_6mob,2024-06-01
CUS_0xb3f2_2023_12_01,CUS_0xb3f2,0,30dpd_6mob,2024-06-01
CUS_0xb460_2023_12_01,CUS_0xb460,0,30dpd_6mob,2024-06-01
CUS_0xb607_2023_12_01,CUS_0xb607,0,30dpd_6mob,2024-06-01
CUS_0xb637_2023_12_01,CUS_0xb637,0,30dpd_6mob,2024-06-01
CUS_0xb648_2023_12_01,CUS_0xb648,0,30dpd_6mob,2024-06-01
CUS_0xb658_2023_12_01,CUS_0xb658,0,30dpd_6mob,2024-06-01
CUS_0xb68e_2023_12_01,CUS_0xb68e,0,30dpd_6mob,2024-06-01
CUS_0xb6eb_2023_12_01,CUS_0xb6eb,1,30dpd_6mob,2024-06-01
CUS_0xb756_2023_12_01,CUS_0xb756,0,30dpd_6mob,2024-06-01
CUS_0xb7c4_2023_12_01,CUS_0xb7c4,1,30dpd_6mob,2024-06-01
CUS_0xb7d0_2023_12_01,CUS_0xb7d0,0,30dpd_6mob,2024-06-01
CUS_0xb83d_2023_12_01,CUS_0xb83d,0,30dpd_6mob,2024-06-01
CUS_0xb89_2023_12_01,CUS_0xb89,1,30dpd_6mob,2024-06-01
CUS_0xb8a1_2023_12_01,CUS_0xb8a1,1,30dpd_6mob,2024-06-01
CUS_0xb98d_2023_12_01,CUS_0xb98d,0,30dpd_6mob,2024-06-01
CUS_0xb9d2_2023_12_01,CUS_0xb9d2,0,30dpd_6mob,2024-06-01
CUS_0xba5_2023_12_01,CUS_0xba5,0,30dpd_6mob,2024-06-01
CUS_0xba68_2023_12_01,CUS_0xba68,1,30dpd_6mob,2024-06-01
CUS_0xba6c_2023_12_01,CUS_0xba6c,1,30dpd_6mob,2024-06-01
CUS_0xba96_2023_12_01,CUS_0xba96,0,30dpd_6mob,2024-06-01
CUS_0xbb6c_2023_12_01,CUS_0xbb6c,1,30dpd_6mob,2024-06-01
CUS_0xbc06_2023_12_01,CUS_0xbc06,1,30dpd_6mob,2024-06-01
CUS_0xbd23_2023_12_01,CUS_0xbd23,0,30dpd_6mob,2024-06-01
CUS_0xbd89_2023_12_01,CUS_0xbd89,0,30dpd_6mob,2024-06-01
CUS_0xbe89_2023_12_01,CUS_0xbe89,0,30dpd_6mob,2024-06-01
CUS_0xbeef_2023_12_01,CUS_0xbeef,0,30dpd_6mob,2024-06-01
CUS_0xbf1d_2023_12_01,CUS_0xbf1d,0,30dpd_6mob,2024-06-01
CUS_0xbf8f_2023_12_01,CUS_0xbf8f,0,30dpd_6mob,2024-06-01
CUS_0xc11e_2023_12_01,CUS_0xc11e,0,30dpd_6mob,2024-06-01
CUS_0xc166_2023_12_01,CUS_0xc166,0,30dpd_6mob,2024-06-01
CUS_0xc181_2023_12_01,CUS_0xc181,0,30dpd_6mob,2024-06-01
CUS_0xc18f_2023_12_01,CUS_0xc18f,0,30dpd_6mob,2024-06-01
CUS_0xc1dc_2023_12_01,CUS_0xc1dc,0,30dpd_6mob,2024-06-01
CUS_0xc331_2023_12_01,CUS_0xc331,1,30dpd_6mob,2024-06-01
CUS_0xc3cc_2023_12_01,CUS_0xc3cc,0,30dpd_6mob,2024-06-01
CUS_0xc48b_2023_12_01,CUS_0xc48b,1,30dpd_6mob,2024-06-01
CUS_0xc52c_2023_12_01,CUS_0xc52c,0,30dpd_6mob,2024-06-01
CUS_0xc5f9_2023_12_01,CUS_0xc5f9,0,30dpd_6mob,2024-06-01
CUS_0xc664_2023_12_01,CUS_0xc664,1,30dpd_6mob,2024-06-01
CUS_0xc680_2023_12_01,CUS_0xc680,1,30dpd_6mob,2024-06-01
CUS_0xc70e_2023_12_01,CUS_0xc70e,0,30dpd_6mob,2024-06-01
CUS_0xc9f_2023_12_01,CUS_0xc9f,0,30dpd_6mob,2024-06-01
CUS_0xd61_2023_12_01,CUS_0xd61,0,30dpd_6mob,2024-06-01
CUS_0xde7_2023_12_01,CUS_0xde7,0,30dpd_6mob,2024-06-01
CUS_0xe32_2023_12_01,CUS_0xe32,0,30dpd_6mob,2024-06-01
CUS_0xe42_2023_12_01,CUS_0xe42,1,30dpd_6mob,2024-06-01
CUS_0xedf_2023_12_01,CUS_0xedf,1,30dpd_6mob,2024-06-01
CUS_0xfb4_2023_12_01,CUS_0xfb4,0,30dpd_6mob,2024-06-01
CUS_0x102d_2024_01_01,CUS_0x102d,0,30dpd_6mob,2024-07-01
CUS_0x1051_2024_01_01,CUS_0x1051,0,30dpd_6mob,2024-07-01
CUS_0x1269_2024_01_01,CUS_0x1269,0,30dpd_6mob,2024-07-01
CUS_0x1290_2024_01_01,CUS_0x1290,0,30dpd_6mob,2024-07-01
CUS_0x12d1_2024_01_01,CUS_0x12d1,0,30dpd_6mob,2024-07-01
CUS_0x12d5_2024_01_01,CUS_0x12d5,0,30dpd_6mob,2024-07-01
CUS_0x133e_2024_01_01,CUS_0x133e,0,30dpd_6mob,2024-07-01
CUS_0x1383_2024_01_01,CUS_0x1383,0,30dpd_6mob,2024-07-01
CUS_0x143c_2024_01_01,CUS_0x143c,0,30dpd_6mob,2024-07-01
CUS_0x14d0_2024_01_01,CUS_0x14d0,0,30dpd_6mob,2024-07-01
CUS_0x150d_2024_01_01,CUS_0x150d,1,30dpd_6mob,2024-07-01
CUS_0x1550_2024_01_01,CUS_0x1550,0,30dpd_6mob,2024-07-01
CUS_0x1589_2024_01_01,CUS_0x1589,0,30dpd_6mob,2024-07-01
CUS_0x1668_2024_01_01,CUS_0x1668,0,30dpd_6mob,2024-07-01
CUS_0x167a_2024_01_01,CUS_0x167a,0,30dpd_6mob,2024-07-01
CUS_0x1688_2024_01_01,CUS_0x1688,0,30dpd_6mob,2024-07-01
CUS_0x1718_2024_01_01,CUS_0x1718,1,30dpd_6mob,2024-07-01
CUS_0x1758_2024_01_01,CUS_0x1758,0,30dpd_6mob,2024-07-01
CUS_0x1764_2024_01_01,CUS_0x1764,0,30dpd_6mob,2024-07-01
CUS_0x17e3_2024_01_01,CUS_0x17e3,1,30dpd_6mob,2024-07-01
CUS_0x18cb_2024_01_01,CUS_0x18cb,1,30dpd_6mob,2024-07-01
CUS_0x1942_2024_01_01,CUS_0x1942,1,30dpd_6mob,2024-07-01
CUS_0x198e_2024_01_01,CUS_0x198e,1,30dpd_6mob,2024-07-01
CUS_0x19a7_2024_01_01,CUS_0x19a7,1,30dpd_6mob,2024-07-01
CUS_0x19b5_2024_01_01,CUS_0x19b5,1,30dpd_6mob,2024-07-01
CUS_0x1b09_2024_01_01,CUS_0x1b09,0,30dpd_6mob,2024-07-01
CUS_0x1bff_2024_01_01,CUS_0x1bff,0,30dpd_6mob,2024-07-01
CUS_0x1c12_2024_01_01,CUS_0x1c12,0,30dpd_6mob,2024-07-01
CUS_0x1c1f_2024_01_01,CUS_0x1c1f,1,30dpd_6mob,2024-07-01
CUS_0x1c7e_2024_01_01,CUS_0x1c7e,0,30dpd_6mob,2024-07-01
CUS_0x1cc4_2024_01_01,CUS_0x1cc4,0,30dpd_6mob,2024-07-01
CUS_0x1cce_2024_01_01,CUS_0x1cce,1,30dpd_6mob,2024-07-01
CUS_0x1d1b_2024_01_01,CUS_0x1d1b,1,30dpd_6mob,2024-07-01
CUS_0x1d33_2024_01_01,CUS_0x1d33,1,30dpd_6mob,2024-07-01
CUS_0x1d9a_2024_01_01,CUS_0x1d9a,0,30dpd_6mob,2024-07-01
CUS_0x1e2d_2024_01_01,CUS_0x1e2d,0,30dpd_6mob,2024-07-01
CUS_0x1e72_2024_01_01,CUS_0x1e72,0,30dpd_6mob,2024-07-01
CUS_0x1eee_2024_01_01,CUS_0x1eee,0,30dpd_6mob,2024-07-01
CUS_0x1efd_2024_01_01,CUS_0x1efd,0,30dpd_6mob,2024-07-01
CUS_0x1f43_2024_01_01,CUS_0x1f43,0,30dpd_6mob,2024-07-01
CUS_0x1f74_2024_01_01,CUS_0x1f74,0,30dpd_6mob,2024-07-01
CUS_0x1feb_2024_01_01,CUS_0x1feb,0,30dpd_6mob,2024-07-01
CUS_0x2005_2024_01_01,CUS_0x2005,0,30dpd_6mob,2024-07-01
CUS_0x2059_2024_01_01,CUS_0x2059,0,30dpd_6mob,2024-07-01
CUS_0x2095_2024_01_01,CUS_0x2095,0,30dpd_6mob,2024-07-01
CUS_0x20ff_2024_01_01,CUS_0x20ff,1,30dpd_6mob,2024-07-01
CUS_0x211a_2024_01_01,CUS_0x211a,0,30dpd_6mob,2024-07-01
CUS_0x211f_2024_01_01,CUS_0x211f,0,30dpd_6mob,2024-07-01
CUS_0x214c_2024_01_01,CUS_0x214c,0,30dpd_6mob,2024-07-01
CUS_0x2189_2024_01_01,CUS_0x2189,0,30dpd_6mob,2024-07-01
CUS_0x2311_2024_01_01,CUS_0x2311,0,30dpd_6mob,2024-07-01
CUS_0x237b_2024_01_01,CUS_0x237b,1,30dpd_6mob,2024-07-01
CUS_0x239e_2024_01_01,CUS_0x239e,0,30dpd_6mob,2024-07-01
CUS_0x2416_2024_01_01,CUS_0x2416,0,30dpd_6mob,2024-07-01
CUS_0x242e_2024_01_01,CUS_0x242e,0,30dpd_6mob,2024-07-01
CUS_0x2444_2024_01_01,CUS_0x2444,1,30dpd_6mob,2024-07-01
CUS_0x247c_2024_01_01,CUS_0x247c,0,30dpd_6mob,2024-07-01
CUS_0x2499_2024_01_01,CUS_0x2499,0,30dpd_6mob,2024-07-01
CUS_0x24d9_2024_01_01,CUS_0x24d9,0,30dpd_6mob,2024-07-01
CUS_0x2547_2024_01_01,CUS_0x2547,0,30dpd_6mob,2024-07-01
CUS_0x25ca_2024_01_01,CUS_0x25ca,0,30dpd_6mob,2024-07-01
CUS_0x2767_2024_01_01,CUS_0x2767,0,30dpd_6mob,2024-07-01
CUS_0x27c2_2024_01_01,CUS_0x27c2,0,30dpd_6mob,2024-07-01
CUS_0x286c_2024_01_01,CUS_0x286c,0,30dpd_6mob,2024-07-01
CUS_0x2954_2024_01_01,CUS_0x2954,0,30dpd_6mob,2024-07-01
CUS_0x2982_2024_01_01,CUS_0x2982,0,30dpd_6mob,2024-07-01
CUS_0x2a06_2024_01_01,CUS_0x2a06,1,30dpd_6mob,2024-07-01
CUS_0x2a23_2024_01_01,CUS_0x2a23,0,30dpd_6mob,2024-07-01
CUS_0x2a70_2024_01_01,CUS_0x2a70,1,30dpd_6mob,2024-07-01
CUS_0x2a75_2024_01_01,CUS_0x2a75,0,30dpd_6mob,2024-07-01
CUS_0x2a8b_2024_01_01,CUS_0x2a8b,0,30dpd_6mob,2024-07-01
CUS_0x2af3_2024_01_01,CUS_0x2af3,0,30dpd_6mob,2024-07-01
CUS_0x2b05_2024_01_01,CUS_0x2b05,0,30dpd_6mob,2024-07-01
CUS_0x2b52_2024_01_01,CUS_0x2b52,0,30dpd_6mob,2024-07-01
CUS_0x2b59_2024_01_01,CUS_0x2b59,0,30dpd_6mob,2024-07-01
CUS_0x2bed_2024_01_01,CUS_0x2bed,1,30dpd_6mob,2024-07-01
CUS_0x2bfc_2024_01_01,CUS_0x2bfc,0,30dpd_6mob,2024-07-01
CUS_0x2c08_2024_01_01,CUS_0x2c08,1,30dpd_6mob,2024-07-01
CUS_0x2d14_2024_01_01,CUS_0x2d14,0,30dpd_6mob,2024-07-01
CUS_0x2e16_2024_01_01,CUS_0x2e16,0,30dpd_6mob,2024-07-01
CUS_0x2e1a_2024_01_01,CUS_0x2e1a,0,30dpd_6mob,2024-07-01
CUS_0x2e8d_2024_01_01,CUS_0x2e8d,0,30dpd_6mob,2024-07-01
CUS_0x2ee4_2024_01_01,CUS_0x2ee4,1,30dpd_6mob,2024-07-01
CUS_0x2fa7_2024_01_01,CUS_0x2fa7,1,30dpd_6mob,2024-07-01
CUS_0x2fc5_2024_01_01,CUS_0x2fc5,1,30dpd_6mob,2024-07-01
CUS_0x2ff7_2024_01_01,CUS_0x2ff7,0,30dpd_6mob,2024-07-01
CUS_0x303a_2024_01_01,CUS_0x303a,1,30dpd_6mob,2024-07-01
CUS_0x305c_2024_01_01,CUS_0x305c,0,30dpd_6mob,2024-07-01
CUS_0x3082_2024_01_01,CUS_0x3082,1,30dpd_6mob,2024-07-01
CUS_0x308d_2024_01_01,CUS_0x308d,0,30dpd_6mob,2024-07-01
CUS_0x3101_2024_01_01,CUS_0x3101,0,30dpd_6mob,2024-07-01
CUS_0x3127_2024_01_01,CUS_0x3127,0,30dpd_6mob,2024-07-01
CUS_0x3161_2024_01_01,CUS_0x3161,0,30dpd_6mob,2024-07-01
CUS_0x3187_2024_01_01,CUS_0x3187,0,30dpd_6mob,2024-07-01
CUS_0x31b8_2024_01_01,CUS_0x31b8,0,30dpd_6mob,2024-07-01
CUS_0x31c0_2024_01_01,CUS_0x31c0,1,30dpd_6mob,2024-07-01
CUS_0x3214_2024_01_01,CUS_0x3214,0,30dpd_6mob,2024-07-01
CUS_0x323f_2024_01_01,CUS_0x323f,1,30dpd_6mob,2024-07-01
CUS_0x332e_2024_01_01,CUS_0x332e,0,30dpd_6mob,2024-07-01
CUS_0x3389_2024_01_01,CUS_0x3389,0,30dpd_6mob,2024-07-01
CUS_0x33b7_2024_01_01,CUS_0x33b7,0,30dpd_6mob,2024-07-01
CUS_0x33cd_2024_01_01,CUS_0x33cd,0,30dpd_6mob,2024-07-01
CUS_0x33d2_2024_01_01,CUS_0x33d2,0,30dpd_6mob,2024-07-01
CUS_0x3410_2024_01_01,CUS_0x3410,1,30dpd_6mob,2024-07-01
CUS_0x35ca_2024_01_01,CUS_0x35ca,0,30dpd_6mob,2024-07-01
CUS_0x368d_2024_01_01,CUS_0x368d,0,30dpd_6mob,2024-07-01
CUS_0x36c2_2024_01_01,CUS_0x36c2,0,30dpd_6mob,2024-07-01
CUS_0x3731_2024_01_01,CUS_0x3731,1,30dpd_6mob,2024-07-01
CUS_0x3806_2024_01_01,CUS_0x3806,0,30dpd_6mob,2024-07-01
CUS_0x387c_2024_01_01,CUS_0x387c,1,30dpd_6mob,2024-07-01
CUS_0x38ce_2024_01_01,CUS_0x38ce,1,30dpd_6mob,2024-07-01
CUS_0x38cf_2024_01_01,CUS_0x38cf,0,30dpd_6mob,2024-07-01
CUS_0x38e0_2024_01_01,CUS_0x38e0,0,30dpd_6mob,2024-07-01
CUS_0x3af9_2024_01_01,CUS_0x3af9,0,30dpd_6mob,2024-07-01
CUS_0x3b04_2024_01_01,CUS_0x3b04,0,30dpd_6mob,2024-07-01
CUS_0x3b15_2024_01_01,CUS_0x3b15,0,30dpd_6mob,2024-07-01
CUS_0x3b7d_2024_01_01,CUS_0x3b7d,0,30dpd_6mob,2024-07-01
CUS_0x3ce3_2024_01_01,CUS_0x3ce3,0,30dpd_6mob,2024-07-01
CUS_0x3d3f_2024_01_01,CUS_0x3d3f,0,30dpd_6mob,2024-07-01
CUS_0x3d68_2024_01_01,CUS_0x3d68,1,30dpd_6mob,2024-07-01
CUS_0x3e79_2024_01_01,CUS_0x3e79,1,30dpd_6mob,2024-07-01
CUS_0x3eeb_2024_01_01,CUS_0x3eeb,0,30dpd_6mob,2024-07-01
CUS_0x3f38_2024_01_01,CUS_0x3f38,0,30dpd_6mob,2024-07-01
CUS_0x3f71_2024_01_01,CUS_0x3f71,0,30dpd_6mob,2024-07-01
CUS_0x3f7d_2024_01_01,CUS_0x3f7d,0,30dpd_6mob,2024-07-01
CUS_0x3fb4_2024_01_01,CUS_0x3fb4,0,30dpd_6mob,2024-07-01
CUS_0x400a_2024_01_01,CUS_0x400a,0,30dpd_6mob,2024-07-01
CUS_0x4034_2024_01_01,CUS_0x4034,0,30dpd_6mob,2024-07-01
CUS_0x403d_2024_01_01,CUS_0x403d,0,30dpd_6mob,2024-07-01
CUS_0x405_2024_01_01,CUS_0x405,0,30dpd_6mob,2024-07-01
CUS_0x406_2024_01_01,CUS_0x406,0,30dpd_6mob,2024-07-01
CUS_0x40bd_2024_01_01,CUS_0x40bd,0,30dpd_6mob,2024-07-01
CUS_0x41dc_2024_01_01,CUS_0x41dc,1,30dpd_6mob,2024-07-01
CUS_0x41e8_2024_01_01,CUS_0x41e8,1,30dpd_6mob,2024-07-01
CUS_0x4223_2024_01_01,CUS_0x4223,1,30dpd_6mob,2024-07-01
CUS_0x436c_2024_01_01,CUS_0x436c,1,30dpd_6mob,2024-07-01
CUS_0x437e_2024_01_01,CUS_0x437e,0,30dpd_6mob,2024-07-01
CUS_0x440_2024_01_01,CUS_0x440,0,30dpd_6mob,2024-07-01
CUS_0x4437_2024_01_01,CUS_0x4437,1,30dpd_6mob,2024-07-01
CUS_0x4484_2024_01_01,CUS_0x4484,0,30dpd_6mob,2024-07-01
CUS_0x4496_2024_01_01,CUS_0x4496,1,30dpd_6mob,2024-07-01
CUS_0x4574_2024_01_01,CUS_0x4574,0,30dpd_6mob,2024-07-01
CUS_0x45d2_2024_01_01,CUS_0x45d2,0,30dpd_6mob,2024-07-01
CUS_0x4602_2024_01_01,CUS_0x4602,1,30dpd_6mob,2024-07-01
CUS_0x4655_2024_01_01,CUS_0x4655,0,30dpd_6mob,2024-07-01
CUS_0x4696_2024_01_01,CUS_0x4696,0,30dpd_6mob,2024-07-01
CUS_0x46b5_2024_01_01,CUS_0x46b5,1,30dpd_6mob,2024-07-01
CUS_0x46f7_2024_01_01,CUS_0x46f7,1,30dpd_6mob,2024-07-01
CUS_0x471f_2024_01_01,CUS_0x471f,0,30dpd_6mob,2024-07-01
CUS_0x477c_2024_01_01,CUS_0x477c,1,30dpd_6mob,2024-07-01
CUS_0x47db_2024_01_01,CUS_0x47db,1,30dpd_6mob,2024-07-01
CUS_0x47e_2024_01_01,CUS_0x47e,0,30dpd_6mob,2024-07-01
CUS_0x4862_2024_01_01,CUS_0x4862,0,30dpd_6mob,2024-07-01
CUS_0x4864_2024_01_01,CUS_0x4864,0,30dpd_6mob,2024-07-01
CUS_0x4874_2024_01_01,CUS_0x4874,0,30dpd_6mob,2024-07-01
CUS_0x48e_2024_01_01,CUS_0x48e,0,30dpd_6mob,2024-07-01
CUS_0x48f_2024_01_01,CUS_0x48f,1,30dpd_6mob,2024-07-01
CUS_0x4953_2024_01_01,CUS_0x4953,1,30dpd_6mob,2024-07-01
CUS_0x49c1_2024_01_01,CUS_0x49c1,0,30dpd_6mob,2024-07-01
CUS_0x4a0d_2024_01_01,CUS_0x4a0d,0,30dpd_6mob,2024-07-01
CUS_0x4a51_2024_01_01,CUS_0x4a51,1,30dpd_6mob,2024-07-01
CUS_0x4aaa_2024_01_01,CUS_0x4aaa,0,30dpd_6mob,2024-07-01
CUS_0x4ac2_2024_01_01,CUS_0x4ac2,0,30dpd_6mob,2024-07-01
CUS_0x4b17_2024_01_01,CUS_0x4b17,1,30dpd_6mob,2024-07-01
CUS_0x4b8b_2024_01_01,CUS_0x4b8b,0,30dpd_6mob,2024-07-01
CUS_0x4b91_2024_01_01,CUS_0x4b91,1,30dpd_6mob,2024-07-01
CUS_0x4d3_2024_01_01,CUS_0x4d3,1,30dpd_6mob,2024-07-01
CUS_0x4d40_2024_01_01,CUS_0x4d40,1,30dpd_6mob,2024-07-01
CUS_0x4d64_2024_01_01,CUS_0x4d64,0,30dpd_6mob,2024-07-01
CUS_0x4dde_2024_01_01,CUS_0x4dde,0,30dpd_6mob,2024-07-01
CUS_0x4e73_2024_01_01,CUS_0x4e73,1,30dpd_6mob,2024-07-01
CUS_0x4f01_2024_01_01,CUS_0x4f01,1,30dpd_6mob,2024-07-01
CUS_0x4fd8_2024_01_01,CUS_0x4fd8,1,30dpd_6mob,2024-07-01
CUS_0x5044_2024_01_01,CUS_0x5044,0,30dpd_6mob,2024-07-01
CUS_0x5082_2024_01_01,CUS_0x5082,0,30dpd_6mob,2024-07-01
CUS_0x5087_2024_01_01,CUS_0x5087,0,30dpd_6mob,2024-07-01
CUS_0x50e6_2024_01_01,CUS_0x50e6,0,30dpd_6mob,2024-07-01
CUS_0x50e9_2024_01_01,CUS_0x50e9,0,30dpd_6mob,2024-07-01
CUS_0x51db_2024_01_01,CUS_0x51db,0,30dpd_6mob,2024-07-01
CUS_0x5213_2024_01_01,CUS_0x5213,0,30dpd_6mob,2024-07-01
CUS_0x52c2_2024_01_01,CUS_0x52c2,0,30dpd_6mob,2024-07-01
CUS_0x5338_2024_01_01,CUS_0x5338,0,30dpd_6mob,2024-07-01
CUS_0x5391_2024_01_01,CUS_0x5391,0,30dpd_6mob,2024-07-01
CUS_0x542d_2024_01_01,CUS_0x542d,1,30dpd_6mob,2024-07-01
CUS_0x54a8_2024_01_01,CUS_0x54a8,1,30dpd_6mob,2024-07-01
CUS_0x54d7_2024_01_01,CUS_0x54d7,0,30dpd_6mob,2024-07-01
CUS_0x55c6_2024_01_01,CUS_0x55c6,0,30dpd_6mob,2024-07-01
CUS_0x55eb_2024_01_01,CUS_0x55eb,0,30dpd_6mob,2024-07-01
CUS_0x55f1_2024_01_01,CUS_0x55f1,1,30dpd_6mob,2024-07-01
CUS_0x55f5_2024_01_01,CUS_0x55f5,0,30dpd_6mob,2024-07-01
CUS_0x566f_2024_01_01,CUS_0x566f,0,30dpd_6mob,2024-07-01
CUS_0x56a9_2024_01_01,CUS_0x56a9,0,30dpd_6mob,2024-07-01
CUS_0x56b2_2024_01_01,CUS_0x56b2,0,30dpd_6mob,2024-07-01
CUS_0x575d_2024_01_01,CUS_0x575d,0,30dpd_6mob,2024-07-01
CUS_0x5775_2024_01_01,CUS_0x5775,0,30dpd_6mob,2024-07-01
CUS_0x57e5_2024_01_01,CUS_0x57e5,0,30dpd_6mob,2024-07-01
CUS_0x5825_2024_01_01,CUS_0x5825,1,30dpd_6mob,2024-07-01
CUS_0x585c_2024_01_01,CUS_0x585c,0,30dpd_6mob,2024-07-01
CUS_0x5862_2024_01_01,CUS_0x5862,1,30dpd_6mob,2024-07-01
CUS_0x5872_2024_01_01,CUS_0x5872,1,30dpd_6mob,2024-07-01
CUS_0x5899_2024_01_01,CUS_0x5899,1,30dpd_6mob,2024-07-01
CUS_0x58cd_2024_01_01,CUS_0x58cd,0,30dpd_6mob,2024-07-01
CUS_0x5984_2024_01_01,CUS_0x5984,1,30dpd_6mob,2024-07-01
CUS_0x59a9_2024_01_01,CUS_0x59a9,0,30dpd_6mob,2024-07-01
CUS_0x5a53_2024_01_01,CUS_0x5a53,0,30dpd_6mob,2024-07-01
CUS_0x5a6d_2024_01_01,CUS_0x5a6d,1,30dpd_6mob,2024-07-01
CUS_0x5ab_2024_01_01,CUS_0x5ab,0,30dpd_6mob,2024-07-01
CUS_0x5ac4_2024_01_01,CUS_0x5ac4,1,30dpd_6mob,2024-07-01
CUS_0x5b5_2024_01_01,CUS_0x5b5,1,30dpd_6mob,2024-07-01
CUS_0x5b88_2024_01_01,CUS_0x5b88,0,30dpd_6mob,2024-07-01
CUS_0x5bb7_2024_01_01,CUS_0x5bb7,0,30dpd_6mob,2024-07-01
CUS_0x5bb9_2024_01_01,CUS_0x5bb9,1,30dpd_6mob,2024-07-01
CUS_0x5bdb_2024_01_01,CUS_0x5bdb,0,30dpd_6mob,2024-07-01
CUS_0x5c2f_2024_01_01,CUS_0x5c2f,1,30dpd_6mob,2024-07-01
CUS_0x5c4f_2024_01_01,CUS_0x5c4f,0,30dpd_6mob,2024-07-01
CUS_0x5d0c_2024_01_01,CUS_0x5d0c,1,30dpd_6mob,2024-07-01
CUS_0x5d1a_2024_01_01,CUS_0x5d1a,0,30dpd_6mob,2024-07-01
CUS_0x5dfa_2024_01_01,CUS_0x5dfa,0,30dpd_6mob,2024-07-01
CUS_0x5e43_2024_01_01,CUS_0x5e43,0,30dpd_6mob,2024-07-01
CUS_0x5e61_2024_01_01,CUS_0x5e61,0,30dpd_6mob,2024-07-01
CUS_0x5f3f_2024_01_01,CUS_0x5f3f,1,30dpd_6mob,2024-07-01
CUS_0x5f81_2024_01_01,CUS_0x5f81,0,30dpd_6mob,2024-07-01
CUS_0x6058_2024_01_01,CUS_0x6058,1,30dpd_6mob,2024-07-01
CUS_0x6087_2024_01_01,CUS_0x6087,1,30dpd_6mob,2024-07-01
CUS_0x60aa_2024_01_01,CUS_0x60aa,1,30dpd_6mob,2024-07-01
CUS_0x60ca_2024_01_01,CUS_0x60ca,0,30dpd_6mob,2024-07-01
CUS_0x612b_2024_01_01,CUS_0x612b,0,30dpd_6mob,2024-07-01
CUS_0x6160_2024_01_01,CUS_0x6160,1,30dpd_6mob,2024-07-01
CUS_0x6184_2024_01_01,CUS_0x6184,0,30dpd_6mob,2024-07-01
CUS_0x61a4_2024_01_01,CUS_0x61a4,0,30dpd_6mob,2024-07-01
CUS_0x61a5_2024_01_01,CUS_0x61a5,1,30dpd_6mob,2024-07-01
CUS_0x62c3_2024_01_01,CUS_0x62c3,0,30dpd_6mob,2024-07-01
CUS_0x634d_2024_01_01,CUS_0x634d,0,30dpd_6mob,2024-07-01
CUS_0x635e_2024_01_01,CUS_0x635e,1,30dpd_6mob,2024-07-01
CUS_0x6574_2024_01_01,CUS_0x6574,1,30dpd_6mob,2024-07-01
CUS_0x66a7_2024_01_01,CUS_0x66a7,1,30dpd_6mob,2024-07-01
CUS_0x66ef_2024_01_01,CUS_0x66ef,0,30dpd_6mob,2024-07-01
CUS_0x6700_2024_01_01,CUS_0x6700,0,30dpd_6mob,2024-07-01
CUS_0x673c_2024_01_01,CUS_0x673c,0,30dpd_6mob,2024-07-01
CUS_0x6754_2024_01_01,CUS_0x6754,1,30dpd_6mob,2024-07-01
CUS_0x67c6_2024_01_01,CUS_0x67c6,1,30dpd_6mob,2024-07-01
CUS_0x67e_2024_01_01,CUS_0x67e,0,30dpd_6mob,2024-07-01
CUS_0x6826_2024_01_01,CUS_0x6826,0,30dpd_6mob,2024-07-01
CUS_0x68ef_2024_01_01,CUS_0x68ef,0,30dpd_6mob,2024-07-01
CUS_0x691b_2024_01_01,CUS_0x691b,0,30dpd_6mob,2024-07-01
CUS_0x6945_2024_01_01,CUS_0x6945,0,30dpd_6mob,2024-07-01
CUS_0x6950_2024_01_01,CUS_0x6950,0,30dpd_6mob,2024-07-01
CUS_0x69b4_2024_01_01,CUS_0x69b4,0,30dpd_6mob,2024-07-01
CUS_0x6aa4_2024_01_01,CUS_0x6aa4,1,30dpd_6mob,2024-07-01
CUS_0x6b15_2024_01_01,CUS_0x6b15,0,30dpd_6mob,2024-07-01
CUS_0x6b76_2024_01_01,CUS_0x6b76,0,30dpd_6mob,2024-07-01
CUS_0x6bc3_2024_01_01,CUS_0x6bc3,0,30dpd_6mob,2024-07-01
CUS_0x6be5_2024_01_01,CUS_0x6be5,0,30dpd_6mob,2024-07-01
CUS_0x6c17_2024_01_01,CUS_0x6c17,0,30dpd_6mob,2024-07-01
CUS_0x6ddb_2024_01_01,CUS_0x6ddb,1,30dpd_6mob,2024-07-01
CUS_0x6f64_2024_01_01,CUS_0x6f64,0,30dpd_6mob,2024-07-01
CUS_0x6fbe_2024_01_01,CUS_0x6fbe,0,30dpd_6mob,2024-07-01
CUS_0x7011_2024_01_01,CUS_0x7011,1,30dpd_6mob,2024-07-01
CUS_0x7015_2024_01_01,CUS_0x7015,1,30dpd_6mob,2024-07-01
CUS_0x709b_2024_01_01,CUS_0x709b,0,30dpd_6mob,2024-07-01
CUS_0x70ac_2024_01_01,CUS_0x70ac,0,30dpd_6mob,2024-07-01
CUS_0x70b3_2024_01_01,CUS_0x70b3,0,30dpd_6mob,2024-07-01
CUS_0x7165_2024_01_01,CUS_0x7165,0,30dpd_6mob,2024-07-01
CUS_0x719f_2024_01_01,CUS_0x719f,0,30dpd_6mob,2024-07-01
CUS_0x71c1_2024_01_01,CUS_0x71c1,0,30dpd_6mob,2024-07-01
CUS_0x71ca_2024_01_01,CUS_0x71ca,0,30dpd_6mob,2024-07-01
CUS_0x7258_2024_01_01,CUS_0x7258,1,30dpd_6mob,2024-07-01
CUS_0x7307_2024_01_01,CUS_0x7307,0,30dpd_6mob,2024-07-01
CUS_0x7330_2024_01_01,CUS_0x7330,0,30dpd_6mob,2024-07-01
CUS_0x738c_2024_01_01,CUS_0x738c,0,30dpd_6mob,2024-07-01
CUS_0x73a5_2024_01_01,CUS_0x73a5,1,30dpd_6mob,2024-07-01
CUS_0x745b_2024_01_01,CUS_0x745b,0,30dpd_6mob,2024-07-01
CUS_0x7480_2024_01_01,CUS_0x7480,0,30dpd_6mob,2024-07-01
CUS_0x7500_2024_01_01,CUS_0x7500,0,30dpd_6mob,2024-07-01
CUS_0x7622_2024_01_01,CUS_0x7622,0,30dpd_6mob,2024-07-01
CUS_0x76b_2024_01_01,CUS_0x76b,0,30dpd_6mob,2024-07-01
CUS_0x7755_2024_01_01,CUS_0x7755,1,30dpd_6mob,2024-07-01
CUS_0x7853_2024_01_01,CUS_0x7853,1,30dpd_6mob,2024-07-01
CUS_0x7878_2024_01_01,CUS_0x7878,0,30dpd_6mob,2024-07-01
CUS_0x79e4_2024_01_01,CUS_0x79e4,0,30dpd_6mob,2024-07-01
CUS_0x79f7_2024_01_01,CUS_0x79f7,0,30dpd_6mob,2024-07-01
CUS_0x7a12_2024_01_01,CUS_0x7a12,0,30dpd_6mob,2024-07-01
CUS_0x7a8_2024_01_01,CUS_0x7a8,0,30dpd_6mob,2024-07-01
CUS_0x7ad9_2024_01_01,CUS_0x7ad9,0,30dpd_6mob,2024-07-01
CUS_0x7b14_2024_01_01,CUS_0x7b14,0,30dpd_6mob,2024-07-01
CUS_0x7b47_2024_01_01,CUS_0x7b47,0,30dpd_6mob,2024-07-01
CUS_0x7bc5_2024_01_01,CUS_0x7bc5,1,30dpd_6mob,2024-07-01
CUS_0x7cce_2024_01_01,CUS_0x7cce,1,30dpd_6mob,2024-07-01
CUS_0x7d1e_2024_01_01,CUS_0x7d1e,1,30dpd_6mob,2024-07-01
CUS_0x7d45_2024_01_01,CUS_0x7d45,0,30dpd_6mob,2024-07-01
CUS_0x7d8e_2024_01_01,CUS_0x7d8e,0,30dpd_6mob,2024-07-01
CUS_0x7dac_2024_01_01,CUS_0x7dac,0,30dpd_6mob,2024-07-01
CUS_0x7eb0_2024_01_01,CUS_0x7eb0,0,30dpd_6mob,2024-07-01
CUS_0x7f63_2024_01_01,CUS_0x7f63,0,30dpd_6mob,2024-07-01
CUS_0x805b_2024_01_01,CUS_0x805b,0,30dpd_6mob,2024-07-01
CUS_0x80b3_2024_01_01,CUS_0x80b3,0,30dpd_6mob,2024-07-01
CUS_0x8125_2024_01_01,CUS_0x8125,0,30dpd_6mob,2024-07-01
CUS_0x8234_2024_01_01,CUS_0x8234,1,30dpd_6mob,2024-07-01
CUS_0x82c1_2024_01_01,CUS_0x82c1,0,30dpd_6mob,2024-07-01
CUS_0x837f_2024_01_01,CUS_0x837f,0,30dpd_6mob,2024-07-01
CUS_0x8449_2024_01_01,CUS_0x8449,0,30dpd_6mob,2024-07-01
CUS_0x84f3_2024_01_01,CUS_0x84f3,0,30dpd_6mob,2024-07-01
CUS_0x8506_2024_01_01,CUS_0x8506,0,30dpd_6mob,2024-07-01
CUS_0x8521_2024_01_01,CUS_0x8521,0,30dpd_6mob,2024-07-01
CUS_0x853d_2024_01_01,CUS_0x853d,0,30dpd_6mob,2024-07-01
CUS_0x8559_2024_01_01,CUS_0x8559,1,30dpd_6mob,2024-07-01
CUS_0x8627_2024_01_01,CUS_0x8627,0,30dpd_6mob,2024-07-01
CUS_0x8636_2024_01_01,CUS_0x8636,0,30dpd_6mob,2024-07-01
CUS_0x863b_2024_01_01,CUS_0x863b,1,30dpd_6mob,2024-07-01
CUS_0x8684_2024_01_01,CUS_0x8684,0,30dpd_6mob,2024-07-01
CUS_0x86e7_2024_01_01,CUS_0x86e7,1,30dpd_6mob,2024-07-01
CUS_0x879d_2024_01_01,CUS_0x879d,1,30dpd_6mob,2024-07-01
CUS_0x88c1_2024_01_01,CUS_0x88c1,0,30dpd_6mob,2024-07-01
CUS_0x88c7_2024_01_01,CUS_0x88c7,0,30dpd_6mob,2024-07-01
CUS_0x88fa_2024_01_01,CUS_0x88fa,0,30dpd_6mob,2024-07-01
CUS_0x8991_2024_01_01,CUS_0x8991,0,30dpd_6mob,2024-07-01
CUS_0x8a0d_2024_01_01,CUS_0x8a0d,0,30dpd_6mob,2024-07-01
CUS_0x8a29_2024_01_01,CUS_0x8a29,0,30dpd_6mob,2024-07-01
CUS_0x8a62_2024_01_01,CUS_0x8a62,0,30dpd_6mob,2024-07-01
CUS_0x8a68_2024_01_01,CUS_0x8a68,1,30dpd_6mob,2024-07-01
CUS_0x8acd_2024_01_01,CUS_0x8acd,0,30dpd_6mob,2024-07-01
CUS_0x8b09_2024_01_01,CUS_0x8b09,0,30dpd_6mob,2024-07-01
CUS_0x8b74_2024_01_01,CUS_0x8b74,0,30dpd_6mob,2024-07-01
CUS_0x8bbd_2024_01_01,CUS_0x8bbd,0,30dpd_6mob,2024-07-01
CUS_0x8c3_2024_01_01,CUS_0x8c3,1,30dpd_6mob,2024-07-01
CUS_0x8c69_2024_01_01,CUS_0x8c69,0,30dpd_6mob,2024-07-01
CUS_0x8c77_2024_01_01,CUS_0x8c77,0,30dpd_6mob,2024-07-01
CUS_0x8c88_2024_01_01,CUS_0x8c88,1,30dpd_6mob,2024-07-01
CUS_0x8cc5_2024_01_01,CUS_0x8cc5,0,30dpd_6mob,2024-07-01
CUS_0x8d16_2024_01_01,CUS_0x8d16,0,30dpd_6mob,2024-07-01
CUS_0x8da2_2024_01_01,CUS_0x8da2,0,30dpd_6mob,2024-07-01
CUS_0x8e38_2024_01_01,CUS_0x8e38,0,30dpd_6mob,2024-07-01
CUS_0x8e5f_2024_01_01,CUS_0x8e5f,0,30dpd_6mob,2024-07-01
CUS_0x8e65_2024_01_01,CUS_0x8e65,0,30dpd_6mob,2024-07-01
CUS_0x8f70_2024_01_01,CUS_0x8f70,0,30dpd_6mob,2024-07-01
CUS_0x8fe6_2024_01_01,CUS_0x8fe6,0,30dpd_6mob,2024-07-01
CUS_0x8ff4_2024_01_01,CUS_0x8ff4,1,30dpd_6mob,2024-07-01
CUS_0x905_2024_01_01,CUS_0x905,0,30dpd_6mob,2024-07-01
CUS_0x90f_2024_01_01,CUS_0x90f,0,30dpd_6mob,2024-07-01
CUS_0x9175_2024_01_01,CUS_0x9175,0,30dpd_6mob,2024-07-01
CUS_0x91da_2024_01_01,CUS_0x91da,0,30dpd_6mob,2024-07-01
CUS_0x925d_2024_01_01,CUS_0x925d,1,30dpd_6mob,2024-07-01
CUS_0x92b6_2024_01_01,CUS_0x92b6,1,30dpd_6mob,2024-07-01
CUS_0x92cf_2024_01_01,CUS_0x92cf,0,30dpd_6mob,2024-07-01
CUS_0x92ff_2024_01_01,CUS_0x92ff,0,30dpd_6mob,2024-07-01
CUS_0x9322_2024_01_01,CUS_0x9322,0,30dpd_6mob,2024-07-01
CUS_0x9340_2024_01_01,CUS_0x9340,0,30dpd_6mob,2024-07-01
CUS_0x9378_2024_01_01,CUS_0x9378,1,30dpd_6mob,2024-07-01
CUS_0x9382_2024_01_01,CUS_0x9382,1,30dpd_6mob,2024-07-01
CUS_0x938f_2024_01_01,CUS_0x938f,0,30dpd_6mob,2024-07-01
CUS_0x93ba_2024_01_01,CUS_0x93ba,0,30dpd_6mob,2024-07-01
CUS_0x9476_2024_01_01,CUS_0x9476,1,30dpd_6mob,2024-07-01
CUS_0x9493_2024_01_01,CUS_0x9493,0,30dpd_6mob,2024-07-01
CUS_0x9501_2024_01_01,CUS_0x9501,0,30dpd_6mob,2024-07-01
CUS_0x951b_2024_01_01,CUS_0x951b,0,30dpd_6mob,2024-07-01
CUS_0x9538_2024_01_01,CUS_0x9538,0,30dpd_6mob,2024-07-01
CUS_0x9550_2024_01_01,CUS_0x9550,0,30dpd_6mob,2024-07-01
CUS_0x9567_2024_01_01,CUS_0x9567,0,30dpd_6mob,2024-07-01
CUS_0x9593_2024_01_01,CUS_0x9593,0,30dpd_6mob,2024-07-01
CUS_0x95b6_2024_01_01,CUS_0x95b6,0,30dpd_6mob,2024-07-01
CUS_0x95d2_2024_01_01,CUS_0x95d2,0,30dpd_6mob,2024-07-01
CUS_0x9730_2024_01_01,CUS_0x9730,1,30dpd_6mob,2024-07-01
CUS_0x9769_2024_01_01,CUS_0x9769,0,30dpd_6mob,2024-07-01
CUS_0x9778_2024_01_01,CUS_0x9778,0,30dpd_6mob,2024-07-01
CUS_0x9886_2024_01_01,CUS_0x9886,0,30dpd_6mob,2024-07-01
CUS_0x98f6_2024_01_01,CUS_0x98f6,1,30dpd_6mob,2024-07-01
CUS_0x9906_2024_01_01,CUS_0x9906,0,30dpd_6mob,2024-07-01
CUS_0x991d_2024_01_01,CUS_0x991d,0,30dpd_6mob,2024-07-01
CUS_0x9942_2024_01_01,CUS_0x9942,0,30dpd_6mob,2024-07-01
CUS_0x994c_2024_01_01,CUS_0x994c,0,30dpd_6mob,2024-07-01
CUS_0x999f_2024_01_01,CUS_0x999f,1,30dpd_6mob,2024-07-01
CUS_0x9a0c_2024_01_01,CUS_0x9a0c,0,30dpd_6mob,2024-07-01
CUS_0x9a26_2024_01_01,CUS_0x9a26,0,30dpd_6mob,2024-07-01
CUS_0x9a7_2024_01_01,CUS_0x9a7,0,30dpd_6mob,2024-07-01
CUS_0x9a8d_2024_01_01,CUS_0x9a8d,0,30dpd_6mob,2024-07-01
CUS_0x9b1f_2024_01_01,CUS_0x9b1f,0,30dpd_6mob,2024-07-01
CUS_0x9b58_2024_01_01,CUS_0x9b58,1,30dpd_6mob,2024-07-01
CUS_0x9b5c_2024_01_01,CUS_0x9b5c,0,30dpd_6mob,2024-07-01
CUS_0x9c4b_2024_01_01,CUS_0x9c4b,1,30dpd_6mob,2024-07-01
CUS_0x9c63_2024_01_01,CUS_0x9c63,0,30dpd_6mob,2024-07-01
CUS_0x9caf_2024_01_01,CUS_0x9caf,0,30dpd_6mob,2024-07-01
CUS_0x9d04_2024_01_01,CUS_0x9d04,1,30dpd_6mob,2024-07-01
CUS_0x9d09_2024_01_01,CUS_0x9d09,0,30dpd_6mob,2024-07-01
CUS_0x9e04_2024_01_01,CUS_0x9e04,1,30dpd_6mob,2024-07-01
CUS_0x9e05_2024_01_01,CUS_0x9e05,0,30dpd_6mob,2024-07-01
CUS_0x9e11_2024_01_01,CUS_0x9e11,1,30dpd_6mob,2024-07-01
CUS_0x9e50_2024_01_01,CUS_0x9e50,1,30dpd_6mob,2024-07-01
CUS_0x9e51_2024_01_01,CUS_0x9e51,0,30dpd_6mob,2024-07-01
CUS_0x9e8f_2024_01_01,CUS_0x9e8f,0,30dpd_6mob,2024-07-01
CUS_0x9f5c_2024_01_01,CUS_0x9f5c,1,30dpd_6mob,2024-07-01
CUS_0x9fe6_2024_01_01,CUS_0x9fe6,0,30dpd_6mob,2024-07-01
CUS_0xa053_2024_01_01,CUS_0xa053,0,30dpd_6mob,2024-07-01
CUS_0xa123_2024_01_01,CUS_0xa123,0,30dpd_6mob,2024-07-01
CUS_0xa287_2024_01_01,CUS_0xa287,0,30dpd_6mob,2024-07-01
CUS_0xa2a3_2024_01_01,CUS_0xa2a3,0,30dpd_6mob,2024-07-01
CUS_0xa3db_2024_01_01,CUS_0xa3db,1,30dpd_6mob,2024-07-01
CUS_0xa478_2024_01_01,CUS_0xa478,0,30dpd_6mob,2024-07-01
CUS_0xa4a9_2024_01_01,CUS_0xa4a9,1,30dpd_6mob,2024-07-01
CUS_0xa4b7_2024_01_01,CUS_0xa4b7,0,30dpd_6mob,2024-07-01
CUS_0xa4db_2024_01_01,CUS_0xa4db,1,30dpd_6mob,2024-07-01
CUS_0xa5dd_2024_01_01,CUS_0xa5dd,0,30dpd_6mob,2024-07-01
CUS_0xa61a_2024_01_01,CUS_0xa61a,0,30dpd_6mob,2024-07-01
CUS_0xa6f1_2024_01_01,CUS_0xa6f1,0,30dpd_6mob,2024-07-01
CUS_0xa83c_2024_01_01,CUS_0xa83c,0,30dpd_6mob,2024-07-01
CUS_0xa8ab_2024_01_01,CUS_0xa8ab,1,30dpd_6mob,2024-07-01
CUS_0xa9ca_2024_01_01,CUS_0xa9ca,1,30dpd_6mob,2024-07-01
CUS_0xa9cc_2024_01_01,CUS_0xa9cc,0,30dpd_6mob,2024-07-01
CUS_0xaa83_2024_01_01,CUS_0xaa83,0,30dpd_6mob,2024-07-01
CUS_0xab1c_2024_01_01,CUS_0xab1c,0,30dpd_6mob,2024-07-01
CUS_0xab77_2024_01_01,CUS_0xab77,0,30dpd_6mob,2024-07-01
CUS_0xac93_2024_01_01,CUS_0xac93,1,30dpd_6mob,2024-07-01
CUS_0xad0b_2024_01_01,CUS_0xad0b,0,30dpd_6mob,2024-07-01
CUS_0xad12_2024_01_01,CUS_0xad12,1,30dpd_6mob,2024-07-01
CUS_0xad1e_2024_01_01,CUS_0xad1e,0,30dpd_6mob,2024-07-01
CUS_0xad50_2024_01_01,CUS_0xad50,1,30dpd_6mob,2024-07-01
CUS_0xae98_2024_01_01,CUS_0xae98,0,30dpd_6mob,2024-07-01
CUS_0xaf4c_2024_01_01,CUS_0xaf4c,0,30dpd_6mob,2024-07-01
CUS_0xaf5c_2024_01_01,CUS_0xaf5c,0,30dpd_6mob,2024-07-01
CUS_0xaf8d_2024_01_01,CUS_0xaf8d,0,30dpd_6mob,2024-07-01
CUS_0xb06d_2024_01_01,CUS_0xb06d,1,30dpd_6mob,2024-07-01
CUS_0xb123_2024_01_01,CUS_0xb123,0,30dpd_6mob,2024-07-01
CUS_0xb13d_2024_01_01,CUS_0xb13d,0,30dpd_6mob,2024-07-01
CUS_0xb152_2024_01_01,CUS_0xb152,0,30dpd_6mob,2024-07-01
CUS_0xb16_2024_01_01,CUS_0xb16,0,30dpd_6mob,2024-07-01
CUS_0xb171_2024_01_01,CUS_0xb171,0,30dpd_6mob,2024-07-01
CUS_0xb1e1_2024_01_01,CUS_0xb1e1,1,30dpd_6mob,2024-07-01
CUS_0xb218_2024_01_01,CUS_0xb218,1,30dpd_6mob,2024-07-01
CUS_0xb226_2024_01_01,CUS_0xb226,1,30dpd_6mob,2024-07-01
CUS_0xb227_2024_01_01,CUS_0xb227,0,30dpd_6mob,2024-07-01
CUS_0xb312_2024_01_01,CUS_0xb312,1,30dpd_6mob,2024-07-01
CUS_0xb3c2_2024_01_01,CUS_0xb3c2,0,30dpd_6mob,2024-07-01
CUS_0xb407_2024_01_01,CUS_0xb407,1,30dpd_6mob,2024-07-01
CUS_0xb48d_2024_01_01,CUS_0xb48d,0,30dpd_6mob,2024-07-01
CUS_0xb556_2024_01_01,CUS_0xb556,0,30dpd_6mob,2024-07-01
CUS_0xb6f8_2024_01_01,CUS_0xb6f8,0,30dpd_6mob,2024-07-01
CUS_0xb7a1_2024_01_01,CUS_0xb7a1,0,30dpd_6mob,2024-07-01
CUS_0xb7c7_2024_01_01,CUS_0xb7c7,1,30dpd_6mob,2024-07-01
CUS_0xb7d4_2024_01_01,CUS_0xb7d4,0,30dpd_6mob,2024-07-01
CUS_0xb7fb_2024_01_01,CUS_0xb7fb,1,30dpd_6mob,2024-07-01
CUS_0xb82b_2024_01_01,CUS_0xb82b,0,30dpd_6mob,2024-07-01
CUS_0xb8ea_2024_01_01,CUS_0xb8ea,0,30dpd_6mob,2024-07-01
CUS_0xb98f_2024_01_01,CUS_0xb98f,0,30dpd_6mob,2024-07-01
CUS_0xb99c_2024_01_01,CUS_0xb99c,0,30dpd_6mob,2024-07-01
CUS_0xbae9_2024_01_01,CUS_0xbae9,0,30dpd_6mob,2024-07-01
CUS_0xbc0b_2024_01_01,CUS_0xbc0b,1,30dpd_6mob,2024-07-01
CUS_0xbcd8_2024_01_01,CUS_0xbcd8,0,30dpd_6mob,2024-07-01
CUS_0xbd2d_2024_01_01,CUS_0xbd2d,0,30dpd_6mob,2024-07-01
CUS_0xbd57_2024_01_01,CUS_0xbd57,0,30dpd_6mob,2024-07-01
CUS_0xbda_2024_01_01,CUS_0xbda,1,30dpd_6mob,2024-07-01
CUS_0xbdb4_2024_01_01,CUS_0xbdb4,1,30dpd_6mob,2024-07-01
CUS_0xbdf9_2024_01_01,CUS_0xbdf9,1,30dpd_6mob,2024-07-01
CUS_0xbf64_2024_01_01,CUS_0xbf64,0,30dpd_6mob,2024-07-01
CUS_0xbf9c_2024_01_01,CUS_0xbf9c,0,30dpd_6mob,2024-07-01
CUS_0xc090_2024_01_01,CUS_0xc090,0,30dpd_6mob,2024-07-01
CUS_0xc09f_2024_01_01,CUS_0xc09f,0,30dpd_6mob,2024-07-01
CUS_0xc0cd_2024_01_01,CUS_0xc0cd,1,30dpd_6mob,2024-07-01
CUS_0xc131_2024_01_01,CUS_0xc131,1,30dpd_6mob,2024-07-01
CUS_0xc134_2024_01_01,CUS_0xc134,0,30dpd_6mob,2024-07-01
CUS_0xc1b9_2024_01_01,CUS_0xc1b9,0,30dpd_6mob,2024-07-01
CUS_0xc1ce_2024_01_01,CUS_0xc1ce,1,30dpd_6mob,2024-07-01
CUS_0xc208_2024_01_01,CUS_0xc208,0,30dpd_6mob,2024-07-01
CUS_0xc222_2024_01_01,CUS_0xc222,0,30dpd_6mob,2024-07-01
CUS_0xc24c_2024_01_01,CUS_0xc24c,0,30dpd_6mob,2024-07-01
CUS_0xc2dd_2024_01_01,CUS_0xc2dd,0,30dpd_6mob,2024-07-01
CUS_0xc346_2024_01_01,CUS_0xc346,1,30dpd_6mob,2024-07-01
CUS_0xc349_2024_01_01,CUS_0xc349,1,30dpd_6mob,2024-07-01
CUS_0xc393_2024_01_01,CUS_0xc393,0,30dpd_6mob,2024-07-01
CUS_0xc3d5_2024_01_01,CUS_0xc3d5,1,30dpd_6mob,2024-07-01
CUS_0xc3d6_2024_01_01,CUS_0xc3d6,1,30dpd_6mob,2024-07-01
CUS_0xc49c_2024_01_01,CUS_0xc49c,0,30dpd_6mob,2024-07-01
CUS_0xc4c9_2024_01_01,CUS_0xc4c9,0,30dpd_6mob,2024-07-01
CUS_0xc501_2024_01_01,CUS_0xc501,0,30dpd_6mob,2024-07-01
CUS_0xc50f_2024_01_01,CUS_0xc50f,0,30dpd_6mob,2024-07-01
CUS_0xc517_2024_01_01,CUS_0xc517,0,30dpd_6mob,2024-07-01
CUS_0xc53f_2024_01_01,CUS_0xc53f,1,30dpd_6mob,2024-07-01
CUS_0xc57e_2024_01_01,CUS_0xc57e,0,30dpd_6mob,2024-07-01
CUS_0xc5c9_2024_01_01,CUS_0xc5c9,0,30dpd_6mob,2024-07-01
CUS_0xc5cc_2024_01_01,CUS_0xc5cc,0,30dpd_6mob,2024-07-01
CUS_0xc5f4_2024_01_01,CUS_0xc5f4,0,30dpd_6mob,2024-07-01
CUS_0xc633_2024_01_01,CUS_0xc633,0,30dpd_6mob,2024-07-01
CUS_0xc68d_2024_01_01,CUS_0xc68d,0,30dpd_6mob,2024-07-01
CUS_0xc6d8_2024_01_01,CUS_0xc6d8,1,30dpd_6mob,2024-07-01
CUS_0xe8d_2024_01_01,CUS_0xe8d,1,30dpd_6mob,2024-07-01
CUS_0xf9e_2024_01_01,CUS_0xf9e,0,30dpd_6mob,2024-07-01
CUS_0xffc_2024_01_01,CUS_0xffc,1,30dpd_6mob,2024-07-01
CUS_0x1015_2023_08_01,CUS_0x1015,0,30dpd_6mob,2024-02-01
CUS_0x1032_2023_08_01,CUS_0x1032,0,30dpd_6mob,2024-02-01
CUS_0x106f_2023_08_01,CUS_0x106f,0,30dpd_6mob,2024-02-01
CUS_0x11c0_2023_08_01,CUS_0x11c0,0,30dpd_6mob,2024-02-01
CUS_0x1255_2023_08_01,CUS_0x1255,0,30dpd_6mob,2024-02-01
CUS_0x12ea_2023_08_01,CUS_0x12ea,0,30dpd_6mob,2024-02-01
CUS_0x1326_2023_08_01,CUS_0x1326,1,30dpd_6mob,2024-02-01
CUS_0x136c_2023_08_01,CUS_0x136c,1,30dpd_6mob,2024-02-01
CUS_0x138f_2023_08_01,CUS_0x138f,1,30dpd_6mob,2024-02-01
CUS_0x13e7_2023_08_01,CUS_0x13e7,1,30dpd_6mob,2024-02-01
CUS_0x143a_2023_08_01,CUS_0x143a,0,30dpd_6mob,2024-02-01
CUS_0x1453_2023_08_01,CUS_0x1453,0,30dpd_6mob,2024-02-01
CUS_0x1471_2023_08_01,CUS_0x1471,0,30dpd_6mob,2024-02-01
CUS_0x14cf_2023_08_01,CUS_0x14cf,0,30dpd_6mob,2024-02-01
CUS_0x15c4_2023_08_01,CUS_0x15c4,0,30dpd_6mob,2024-02-01
CUS_0x15f2_2023_08_01,CUS_0x15f2,1,30dpd_6mob,2024-02-01
CUS_0x1661_2023_08_01,CUS_0x1661,1,30dpd_6mob,2024-02-01
CUS_0x1676_2023_08_01,CUS_0x1676,0,30dpd_6mob,2024-02-01
CUS_0x1709_2023_08_01,CUS_0x1709,0,30dpd_6mob,2024-02-01
CUS_0x17c5_2023_08_01,CUS_0x17c5,0,30dpd_6mob,2024-02-01
CUS_0x181a_2023_08_01,CUS_0x181a,0,30dpd_6mob,2024-02-01
CUS_0x1848_2023_08_01,CUS_0x1848,1,30dpd_6mob,2024-02-01
CUS_0x1864_2023_08_01,CUS_0x1864,0,30dpd_6mob,2024-02-01
CUS_0x1869_2023_08_01,CUS_0x1869,0,30dpd_6mob,2024-02-01
CUS_0x18d4_2023_08_01,CUS_0x18d4,0,30dpd_6mob,2024-02-01
CUS_0x192d_2023_08_01,CUS_0x192d,1,30dpd_6mob,2024-02-01
CUS_0x1930_2023_08_01,CUS_0x1930,0,30dpd_6mob,2024-02-01
CUS_0x1941_2023_08_01,CUS_0x1941,1,30dpd_6mob,2024-02-01
CUS_0x1ab9_2023_08_01,CUS_0x1ab9,0,30dpd_6mob,2024-02-01
CUS_0x1b4d_2023_08_01,CUS_0x1b4d,0,30dpd_6mob,2024-02-01
CUS_0x1bc0_2023_08_01,CUS_0x1bc0,0,30dpd_6mob,2024-02-01
CUS_0x1bdf_2023_08_01,CUS_0x1bdf,1,30dpd_6mob,2024-02-01
CUS_0x1c83_2023_08_01,CUS_0x1c83,0,30dpd_6mob,2024-02-01
CUS_0x1d1c_2023_08_01,CUS_0x1d1c,0,30dpd_6mob,2024-02-01
CUS_0x1d21_2023_08_01,CUS_0x1d21,0,30dpd_6mob,2024-02-01
CUS_0x1dc1_2023_08_01,CUS_0x1dc1,1,30dpd_6mob,2024-02-01
CUS_0x1ec2_2023_08_01,CUS_0x1ec2,0,30dpd_6mob,2024-02-01
CUS_0x1f49_2023_08_01,CUS_0x1f49,0,30dpd_6mob,2024-02-01
CUS_0x1fbb_2023_08_01,CUS_0x1fbb,0,30dpd_6mob,2024-02-01
CUS_0x2037_2023_08_01,CUS_0x2037,0,30dpd_6mob,2024-02-01
CUS_0x2083_2023_08_01,CUS_0x2083,0,30dpd_6mob,2024-02-01
CUS_0x20ac_2023_08_01,CUS_0x20ac,0,30dpd_6mob,2024-02-01
CUS_0x2181_2023_08_01,CUS_0x2181,0,30dpd_6mob,2024-02-01
CUS_0x2238_2023_08_01,CUS_0x2238,0,30dpd_6mob,2024-02-01
CUS_0x22ea_2023_08_01,CUS_0x22ea,0,30dpd_6mob,2024-02-01
CUS_0x23c1_2023_08_01,CUS_0x23c1,0,30dpd_6mob,2024-02-01
CUS_0x2443_2023_08_01,CUS_0x2443,1,30dpd_6mob,2024-02-01
CUS_0x248f_2023_08_01,CUS_0x248f,0,30dpd_6mob,2024-02-01
CUS_0x2493_2023_08_01,CUS_0x2493,1,30dpd_6mob,2024-02-01
CUS_0x24bb_2023_08_01,CUS_0x24bb,0,30dpd_6mob,2024-02-01
CUS_0x25ce_2023_08_01,CUS_0x25ce,0,30dpd_6mob,2024-02-01
CUS_0x25f1_2023_08_01,CUS_0x25f1,0,30dpd_6mob,2024-02-01
CUS_0x2657_2023_08_01,CUS_0x2657,0,30dpd_6mob,2024-02-01
CUS_0x26be_2023_08_01,CUS_0x26be,0,30dpd_6mob,2024-02-01
CUS_0x26d4_2023_08_01,CUS_0x26d4,1,30dpd_6mob,2024-02-01
CUS_0x2761_2023_08_01,CUS_0x2761,0,30dpd_6mob,2024-02-01
CUS_0x27a9_2023_08_01,CUS_0x27a9,0,30dpd_6mob,2024-02-01
CUS_0x27fb_2023_08_01,CUS_0x27fb,0,30dpd_6mob,2024-02-01
CUS_0x288b_2023_08_01,CUS_0x288b,0,30dpd_6mob,2024-02-01
CUS_0x2890_2023_08_01,CUS_0x2890,1,30dpd_6mob,2024-02-01
CUS_0x28b4_2023_08_01,CUS_0x28b4,0,30dpd_6mob,2024-02-01
CUS_0x28ba_2023_08_01,CUS_0x28ba,0,30dpd_6mob,2024-02-01
CUS_0x28d2_2023_08_01,CUS_0x28d2,0,30dpd_6mob,2024-02-01
CUS_0x2907_2023_08_01,CUS_0x2907,0,30dpd_6mob,2024-02-01
CUS_0x2923_2023_08_01,CUS_0x2923,1,30dpd_6mob,2024-02-01
CUS_0x294b_2023_08_01,CUS_0x294b,0,30dpd_6mob,2024-02-01
CUS_0x29d8_2023_08_01,CUS_0x29d8,1,30dpd_6mob,2024-02-01
CUS_0x29ef_2023_08_01,CUS_0x29ef,0,30dpd_6mob,2024-02-01
CUS_0x29fa_2023_08_01,CUS_0x29fa,0,30dpd_6mob,2024-02-01
CUS_0x2a68_2023_08_01,CUS_0x2a68,0,30dpd_6mob,2024-02-01
CUS_0x2a69_2023_08_01,CUS_0x2a69,0,30dpd_6mob,2024-02-01
CUS_0x2aac_2023_08_01,CUS_0x2aac,1,30dpd_6mob,2024-02-01
CUS_0x2aff_2023_08_01,CUS_0x2aff,0,30dpd_6mob,2024-02-01
CUS_0x2b06_2023_08_01,CUS_0x2b06,0,30dpd_6mob,2024-02-01
CUS_0x2b58_2023_08_01,CUS_0x2b58,0,30dpd_6mob,2024-02-01
CUS_0x2b73_2023_08_01,CUS_0x2b73,0,30dpd_6mob,2024-02-01
CUS_0x2b8a_2023_08_01,CUS_0x2b8a,1,30dpd_6mob,2024-02-01
CUS_0x2ba8_2023_08_01,CUS_0x2ba8,0,30dpd_6mob,2024-02-01
CUS_0x2be8_2023_08_01,CUS_0x2be8,0,30dpd_6mob,2024-02-01
CUS_0x2c90_2023_08_01,CUS_0x2c90,1,30dpd_6mob,2024-02-01
CUS_0x2cf4_2023_08_01,CUS_0x2cf4,0,30dpd_6mob,2024-02-01
CUS_0x2e50_2023_08_01,CUS_0x2e50,1,30dpd_6mob,2024-02-01
CUS_0x2ea1_2023_08_01,CUS_0x2ea1,0,30dpd_6mob,2024-02-01
CUS_0x2ec3_2023_08_01,CUS_0x2ec3,0,30dpd_6mob,2024-02-01
CUS_0x2fec_2023_08_01,CUS_0x2fec,0,30dpd_6mob,2024-02-01
CUS_0x301b_2023_08_01,CUS_0x301b,0,30dpd_6mob,2024-02-01
CUS_0x301d_2023_08_01,CUS_0x301d,0,30dpd_6mob,2024-02-01
CUS_0x3065_2023_08_01,CUS_0x3065,0,30dpd_6mob,2024-02-01
CUS_0x30d0_2023_08_01,CUS_0x30d0,1,30dpd_6mob,2024-02-01
CUS_0x3183_2023_08_01,CUS_0x3183,0,30dpd_6mob,2024-02-01
CUS_0x3190_2023_08_01,CUS_0x3190,0,30dpd_6mob,2024-02-01
CUS_0x319c_2023_08_01,CUS_0x319c,0,30dpd_6mob,2024-02-01
CUS_0x3264_2023_08_01,CUS_0x3264,0,30dpd_6mob,2024-02-01
CUS_0x32ba_2023_08_01,CUS_0x32ba,0,30dpd_6mob,2024-02-01
CUS_0x3325_2023_08_01,CUS_0x3325,0,30dpd_6mob,2024-02-01
CUS_0x3359_2023_08_01,CUS_0x3359,0,30dpd_6mob,2024-02-01
CUS_0x34a9_2023_08_01,CUS_0x34a9,1,30dpd_6mob,2024-02-01
CUS_0x34ce_2023_08_01,CUS_0x34ce,1,30dpd_6mob,2024-02-01
CUS_0x35fe_2023_08_01,CUS_0x35fe,0,30dpd_6mob,2024-02-01
CUS_0x362a_2023_08_01,CUS_0x362a,0,30dpd_6mob,2024-02-01
CUS_0x365f_2023_08_01,CUS_0x365f,0,30dpd_6mob,2024-02-01
CUS_0x36b0_2023_08_01,CUS_0x36b0,0,30dpd_6mob,2024-02-01
CUS_0x36f3_2023_08_01,CUS_0x36f3,0,30dpd_6mob,2024-02-01
CUS_0x3787_2023_08_01,CUS_0x3787,0,30dpd_6mob,2024-02-01
CUS_0x37d5_2023_08_01,CUS_0x37d5,1,30dpd_6mob,2024-02-01
CUS_0x37ec_2023_08_01,CUS_0x37ec,1,30dpd_6mob,2024-02-01
CUS_0x38b8_2023_08_01,CUS_0x38b8,0,30dpd_6mob,2024-02-01
CUS_0x394a_2023_08_01,CUS_0x394a,0,30dpd_6mob,2024-02-01
CUS_0x3bd2_2023_08_01,CUS_0x3bd2,0,30dpd_6mob,2024-02-01
CUS_0x3bfd_2023_08_01,CUS_0x3bfd,0,30dpd_6mob,2024-02-01
CUS_0x3cd2_2023_08_01,CUS_0x3cd2,0,30dpd_6mob,2024-02-01
CUS_0x3d16_2023_08_01,CUS_0x3d16,0,30dpd_6mob,2024-02-01
CUS_0x3e34_2023_08_01,CUS_0x3e34,1,30dpd_6mob,2024-02-01
CUS_0x3e75_2023_08_01,CUS_0x3e75,0,30dpd_6mob,2024-02-01
CUS_0x3faa_2023_08_01,CUS_0x3faa,1,30dpd_6mob,2024-02-01
CUS_0x3fc2_2023_08_01,CUS_0x3fc2,0,30dpd_6mob,2024-02-01
CUS_0x3fcb_2023_08_01,CUS_0x3fcb,0,30dpd_6mob,2024-02-01
CUS_0x3fe8_2023_08_01,CUS_0x3fe8,1,30dpd_6mob,2024-02-01
CUS_0x404c_2023_08_01,CUS_0x404c,0,30dpd_6mob,2024-02-01
CUS_0x4052_2023_08_01,CUS_0x4052,0,30dpd_6mob,2024-02-01
CUS_0x407a_2023_08_01,CUS_0x407a,0,30dpd_6mob,2024-02-01
CUS_0x4127_2023_08_01,CUS_0x4127,1,30dpd_6mob,2024-02-01
CUS_0x4148_2023_08_01,CUS_0x4148,1,30dpd_6mob,2024-02-01
CUS_0x4200_2023_08_01,CUS_0x4200,0,30dpd_6mob,2024-02-01
CUS_0x425_2023_08_01,CUS_0x425,0,30dpd_6mob,2024-02-01
CUS_0x4274_2023_08_01,CUS_0x4274,0,30dpd_6mob,2024-02-01
CUS_0x4287_2023_08_01,CUS_0x4287,1,30dpd_6mob,2024-02-01
CUS_0x42db_2023_08_01,CUS_0x42db,0,30dpd_6mob,2024-02-01
CUS_0x437a_2023_08_01,CUS_0x437a,0,30dpd_6mob,2024-02-01
CUS_0x43cf_2023_08_01,CUS_0x43cf,0,30dpd_6mob,2024-02-01
CUS_0x443e_2023_08_01,CUS_0x443e,0,30dpd_6mob,2024-02-01
CUS_0x446_2023_08_01,CUS_0x446,1,30dpd_6mob,2024-02-01
CUS_0x4460_2023_08_01,CUS_0x4460,0,30dpd_6mob,2024-02-01
CUS_0x4482_2023_08_01,CUS_0x4482,0,30dpd_6mob,2024-02-01
CUS_0x44b9_2023_08_01,CUS_0x44b9,0,30dpd_6mob,2024-02-01
CUS_0x44d2_2023_08_01,CUS_0x44d2,0,30dpd_6mob,2024-02-01
CUS_0x4563_2023_08_01,CUS_0x4563,0,30dpd_6mob,2024-02-01
CUS_0x45b_2023_08_01,CUS_0x45b,1,30dpd_6mob,2024-02-01
CUS_0x45e5_2023_08_01,CUS_0x45e5,0,30dpd_6mob,2024-02-01
CUS_0x45f1_2023_08_01,CUS_0x45f1,0,30dpd_6mob,2024-02-01
CUS_0x4601_2023_08_01,CUS_0x4601,1,30dpd_6mob,2024-02-01
CUS_0x46bf_2023_08_01,CUS_0x46bf,0,30dpd_6mob,2024-02-01
CUS_0x46ea_2023_08_01,CUS_0x46ea,0,30dpd_6mob,2024-02-01
CUS_0x4844_2023_08_01,CUS_0x4844,1,30dpd_6mob,2024-02-01
CUS_0x48dc_2023_08_01,CUS_0x48dc,0,30dpd_6mob,2024-02-01
CUS_0x4967_2023_08_01,CUS_0x4967,1,30dpd_6mob,2024-02-01
CUS_0x4993_2023_08_01,CUS_0x4993,0,30dpd_6mob,2024-02-01
CUS_0x4999_2023_08_01,CUS_0x4999,0,30dpd_6mob,2024-02-01
CUS_0x49fa_2023_08_01,CUS_0x49fa,0,30dpd_6mob,2024-02-01
CUS_0x4ab4_2023_08_01,CUS_0x4ab4,0,30dpd_6mob,2024-02-01
CUS_0x4ad5_2023_08_01,CUS_0x4ad5,0,30dpd_6mob,2024-02-01
CUS_0x4aeb_2023_08_01,CUS_0x4aeb,1,30dpd_6mob,2024-02-01
CUS_0x4b44_2023_08_01,CUS_0x4b44,0,30dpd_6mob,2024-02-01
CUS_0x4b5d_2023_08_01,CUS_0x4b5d,0,30dpd_6mob,2024-02-01
CUS_0x4bc0_2023_08_01,CUS_0x4bc0,0,30dpd_6mob,2024-02-01
CUS_0x4cab_2023_08_01,CUS_0x4cab,0,30dpd_6mob,2024-02-01
CUS_0x4cf1_2023_08_01,CUS_0x4cf1,1,30dpd_6mob,2024-02-01
CUS_0x4d01_2023_08_01,CUS_0x4d01,0,30dpd_6mob,2024-02-01
CUS_0x4d1_2023_08_01,CUS_0x4d1,0,30dpd_6mob,2024-02-01
CUS_0x4d71_2023_08_01,CUS_0x4d71,1,30dpd_6mob,2024-02-01
CUS_0x4d8b_2023_08_01,CUS_0x4d8b,0,30dpd_6mob,2024-02-01
CUS_0x4e43_2023_08_01,CUS_0x4e43,1,30dpd_6mob,2024-02-01
CUS_0x4e71_2023_08_01,CUS_0x4e71,0,30dpd_6mob,2024-02-01
CUS_0x4ea9_2023_08_01,CUS_0x4ea9,1,30dpd_6mob,2024-02-01
CUS_0x4f0a_2023_08_01,CUS_0x4f0a,1,30dpd_6mob,2024-02-01
CUS_0x4f2f_2023_08_01,CUS_0x4f2f,0,30dpd_6mob,2024-02-01
CUS_0x4f31_2023_08_01,CUS_0x4f31,0,30dpd_6mob,2024-02-01
CUS_0x4f49_2023_08_01,CUS_0x4f49,0,30dpd_6mob,2024-02-01
CUS_0x4fac_2023_08_01,CUS_0x4fac,1,30dpd_6mob,2024-02-01
CUS_0x4fb1_2023_08_01,CUS_0x4fb1,1,30dpd_6mob,2024-02-01
CUS_0x4fee_2023_08_01,CUS_0x4fee,0,30dpd_6mob,2024-02-01
CUS_0x504e_2023_08_01,CUS_0x504e,0,30dpd_6mob,2024-02-01
CUS_0x5052_2023_08_01,CUS_0x5052,1,30dpd_6mob,2024-02-01
CUS_0x506c_2023_08_01,CUS_0x506c,0,30dpd_6mob,2024-02-01
CUS_0x509d_2023_08_01,CUS_0x509d,0,30dpd_6mob,2024-02-01
CUS_0x510b_2023_08_01,CUS_0x510b,0,30dpd_6mob,2024-02-01
CUS_0x5190_2023_08_01,CUS_0x5190,0,30dpd_6mob,2024-02-01
CUS_0x51fe_2023_08_01,CUS_0x51fe,0,30dpd_6mob,2024-02-01
CUS_0x5208_2023_08_01,CUS_0x5208,1,30dpd_6mob,2024-02-01
CUS_0x520a_2023_08_01,CUS_0x520a,1,30dpd_6mob,2024-02-01
CUS_0x52dd_2023_08_01,CUS_0x52dd,0,30dpd_6mob,2024-02-01
CUS_0x530e_2023_08_01,CUS_0x530e,0,30dpd_6mob,2024-02-01
CUS_0x5323_2023_08_01,CUS_0x5323,0,30dpd_6mob,2024-02-01
CUS_0x5385_2023_08_01,CUS_0x5385,0,30dpd_6mob,2024-02-01
CUS_0x5421_2023_08_01,CUS_0x5421,0,30dpd_6mob,2024-02-01
CUS_0x543_2023_08_01,CUS_0x543,0,30dpd_6mob,2024-02-01
CUS_0x54be_2023_08_01,CUS_0x54be,0,30dpd_6mob,2024-02-01
CUS_0x5537_2023_08_01,CUS_0x5537,0,30dpd_6mob,2024-02-01
CUS_0x5587_2023_08_01,CUS_0x5587,1,30dpd_6mob,2024-02-01
CUS_0x55da_2023_08_01,CUS_0x55da,0,30dpd_6mob,2024-02-01
CUS_0x5606_2023_08_01,CUS_0x5606,0,30dpd_6mob,2024-02-01
CUS_0x5628_2023_08_01,CUS_0x5628,0,30dpd_6mob,2024-02-01
CUS_0x5637_2023_08_01,CUS_0x5637,1,30dpd_6mob,2024-02-01
CUS_0x568f_2023_08_01,CUS_0x568f,0,30dpd_6mob,2024-02-01
CUS_0x56b9_2023_08_01,CUS_0x56b9,0,30dpd_6mob,2024-02-01
CUS_0x56f9_2023_08_01,CUS_0x56f9,0,30dpd_6mob,2024-02-01
CUS_0x570b_2023_08_01,CUS_0x570b,0,30dpd_6mob,2024-02-01
CUS_0x5746_2023_08_01,CUS_0x5746,0,30dpd_6mob,2024-02-01
CUS_0x5794_2023_08_01,CUS_0x5794,0,30dpd_6mob,2024-02-01
CUS_0x57f2_2023_08_01,CUS_0x57f2,0,30dpd_6mob,2024-02-01
CUS_0x57f3_2023_08_01,CUS_0x57f3,0,30dpd_6mob,2024-02-01
CUS_0x57f5_2023_08_01,CUS_0x57f5,0,30dpd_6mob,2024-02-01
CUS_0x5817_2023_08_01,CUS_0x5817,1,30dpd_6mob,2024-02-01
CUS_0x5959_2023_08_01,CUS_0x5959,1,30dpd_6mob,2024-02-01
CUS_0x59cf_2023_08_01,CUS_0x59cf,0,30dpd_6mob,2024-02-01
CUS_0x5a3f_2023_08_01,CUS_0x5a3f,0,30dpd_6mob,2024-02-01
CUS_0x5a9e_2023_08_01,CUS_0x5a9e,0,30dpd_6mob,2024-02-01
CUS_0x5b84_2023_08_01,CUS_0x5b84,1,30dpd_6mob,2024-02-01
CUS_0x5bba_2023_08_01,CUS_0x5bba,1,30dpd_6mob,2024-02-01
CUS_0x5c07_2023_08_01,CUS_0x5c07,0,30dpd_6mob,2024-02-01
CUS_0x5cac_2023_08_01,CUS_0x5cac,0,30dpd_6mob,2024-02-01
CUS_0x5de2_2023_08_01,CUS_0x5de2,0,30dpd_6mob,2024-02-01
CUS_0x5df5_2023_08_01,CUS_0x5df5,0,30dpd_6mob,2024-02-01
CUS_0x5e0e_2023_08_01,CUS_0x5e0e,0,30dpd_6mob,2024-02-01
CUS_0x5e78_2023_08_01,CUS_0x5e78,0,30dpd_6mob,2024-02-01
CUS_0x5efc_2023_08_01,CUS_0x5efc,1,30dpd_6mob,2024-02-01
CUS_0x5f5a_2023_08_01,CUS_0x5f5a,0,30dpd_6mob,2024-02-01
CUS_0x5fd2_2023_08_01,CUS_0x5fd2,0,30dpd_6mob,2024-02-01
CUS_0x5fd6_2023_08_01,CUS_0x5fd6,0,30dpd_6mob,2024-02-01
CUS_0x6080_2023_08_01,CUS_0x6080,0,30dpd_6mob,2024-02-01
CUS_0x6084_2023_08_01,CUS_0x6084,1,30dpd_6mob,2024-02-01
CUS_0x61d4_2023_08_01,CUS_0x61d4,1,30dpd_6mob,2024-02-01
CUS_0x622e_2023_08_01,CUS_0x622e,0,30dpd_6mob,2024-02-01
CUS_0x6240_2023_08_01,CUS_0x6240,0,30dpd_6mob,2024-02-01
CUS_0x6287_2023_08_01,CUS_0x6287,0,30dpd_6mob,2024-02-01
CUS_0x628b_2023_08_01,CUS_0x628b,1,30dpd_6mob,2024-02-01
CUS_0x6349_2023_08_01,CUS_0x6349,1,30dpd_6mob,2024-02-01
CUS_0x6400_2023_08_01,CUS_0x6400,0,30dpd_6mob,2024-02-01
CUS_0x643c_2023_08_01,CUS_0x643c,0,30dpd_6mob,2024-02-01
CUS_0x645f_2023_08_01,CUS_0x645f,0,30dpd_6mob,2024-02-01
CUS_0x649e_2023_08_01,CUS_0x649e,0,30dpd_6mob,2024-02-01
CUS_0x64d9_2023_08_01,CUS_0x64d9,0,30dpd_6mob,2024-02-01
CUS_0x64f1_2023_08_01,CUS_0x64f1,0,30dpd_6mob,2024-02-01
CUS_0x6543_2023_08_01,CUS_0x6543,0,30dpd_6mob,2024-02-01
CUS_0x65d7_2023_08_01,CUS_0x65d7,1,30dpd_6mob,2024-02-01
CUS_0x6664_2023_08_01,CUS_0x6664,0,30dpd_6mob,2024-02-01
CUS_0x66d1_2023_08_01,CUS_0x66d1,0,30dpd_6mob,2024-02-01
CUS_0x66df_2023_08_01,CUS_0x66df,0,30dpd_6mob,2024-02-01
CUS_0x67bc_2023_08_01,CUS_0x67bc,0,30dpd_6mob,2024-02-01
CUS_0x687f_2023_08_01,CUS_0x687f,1,30dpd_6mob,2024-02-01
CUS_0x6908_2023_08_01,CUS_0x6908,0,30dpd_6mob,2024-02-01
CUS_0x699f_2023_08_01,CUS_0x699f,0,30dpd_6mob,2024-02-01
CUS_0x69a6_2023_08_01,CUS_0x69a6,0,30dpd_6mob,2024-02-01
CUS_0x69aa_2023_08_01,CUS_0x69aa,0,30dpd_6mob,2024-02-01
CUS_0x6a6c_2023_08_01,CUS_0x6a6c,0,30dpd_6mob,2024-02-01
CUS_0x6a82_2023_08_01,CUS_0x6a82,1,30dpd_6mob,2024-02-01
CUS_0x6b0c_2023_08_01,CUS_0x6b0c,0,30dpd_6mob,2024-02-01
CUS_0x6b9d_2023_08_01,CUS_0x6b9d,1,30dpd_6mob,2024-02-01
CUS_0x6bff_2023_08_01,CUS_0x6bff,1,30dpd_6mob,2024-02-01
CUS_0x6cad_2023_08_01,CUS_0x6cad,0,30dpd_6mob,2024-02-01
CUS_0x6cae_2023_08_01,CUS_0x6cae,1,30dpd_6mob,2024-02-01
CUS_0x6ce_2023_08_01,CUS_0x6ce,0,30dpd_6mob,2024-02-01
CUS_0x6de6_2023_08_01,CUS_0x6de6,0,30dpd_6mob,2024-02-01
CUS_0x6df9_2023_08_01,CUS_0x6df9,0,30dpd_6mob,2024-02-01
CUS_0x6e3b_2023_08_01,CUS_0x6e3b,0,30dpd_6mob,2024-02-01
CUS_0x6fbc_2023_08_01,CUS_0x6fbc,1,30dpd_6mob,2024-02-01
CUS_0x6fbf_2023_08_01,CUS_0x6fbf,1,30dpd_6mob,2024-02-01
CUS_0x7044_2023_08_01,CUS_0x7044,0,30dpd_6mob,2024-02-01
CUS_0x705e_2023_08_01,CUS_0x705e,0,30dpd_6mob,2024-02-01
CUS_0x70f2_2023_08_01,CUS_0x70f2,1,30dpd_6mob,2024-02-01
CUS_0x7129_2023_08_01,CUS_0x7129,1,30dpd_6mob,2024-02-01
CUS_0x71a_2023_08_01,CUS_0x71a,1,30dpd_6mob,2024-02-01
CUS_0x720f_2023_08_01,CUS_0x720f,0,30dpd_6mob,2024-02-01
CUS_0x7245_2023_08_01,CUS_0x7245,0,30dpd_6mob,2024-02-01
CUS_0x725f_2023_08_01,CUS_0x725f,1,30dpd_6mob,2024-02-01
CUS_0x727f_2023_08_01,CUS_0x727f,0,30dpd_6mob,2024-02-01
CUS_0x729_2023_08_01,CUS_0x729,1,30dpd_6mob,2024-02-01
CUS_0x72d2_2023_08_01,CUS_0x72d2,1,30dpd_6mob,2024-02-01
CUS_0x7315_2023_08_01,CUS_0x7315,0,30dpd_6mob,2024-02-01
CUS_0x7334_2023_08_01,CUS_0x7334,0,30dpd_6mob,2024-02-01
CUS_0x7357_2023_08_01,CUS_0x7357,0,30dpd_6mob,2024-02-01
CUS_0x741b_2023_08_01,CUS_0x741b,0,30dpd_6mob,2024-02-01
CUS_0x7467_2023_08_01,CUS_0x7467,0,30dpd_6mob,2024-02-01
CUS_0x74b1_2023_08_01,CUS_0x74b1,1,30dpd_6mob,2024-02-01
CUS_0x74bf_2023_08_01,CUS_0x74bf,0,30dpd_6mob,2024-02-01
CUS_0x74f5_2023_08_01,CUS_0x74f5,0,30dpd_6mob,2024-02-01
CUS_0x7523_2023_08_01,CUS_0x7523,1,30dpd_6mob,2024-02-01
CUS_0x7541_2023_08_01,CUS_0x7541,0,30dpd_6mob,2024-02-01
CUS_0x75ba_2023_08_01,CUS_0x75ba,0,30dpd_6mob,2024-02-01
CUS_0x7677_2023_08_01,CUS_0x7677,0,30dpd_6mob,2024-02-01
CUS_0x7756_2023_08_01,CUS_0x7756,0,30dpd_6mob,2024-02-01
CUS_0x778b_2023_08_01,CUS_0x778b,0,30dpd_6mob,2024-02-01
CUS_0x77a2_2023_08_01,CUS_0x77a2,0,30dpd_6mob,2024-02-01
CUS_0x77da_2023_08_01,CUS_0x77da,1,30dpd_6mob,2024-02-01
CUS_0x787f_2023_08_01,CUS_0x787f,0,30dpd_6mob,2024-02-01
CUS_0x798f_2023_08_01,CUS_0x798f,1,30dpd_6mob,2024-02-01
CUS_0x79c8_2023_08_01,CUS_0x79c8,0,30dpd_6mob,2024-02-01
CUS_0x7a05_2023_08_01,CUS_0x7a05,0,30dpd_6mob,2024-02-01
CUS_0x7a4c_2023_08_01,CUS_0x7a4c,0,30dpd_6mob,2024-02-01
CUS_0x7a56_2023_08_01,CUS_0x7a56,1,30dpd_6mob,2024-02-01
CUS_0x7a68_2023_08_01,CUS_0x7a68,0,30dpd_6mob,2024-02-01
CUS_0x7ab6_2023_08_01,CUS_0x7ab6,0,30dpd_6mob,2024-02-01
CUS_0x7ac7_2023_08_01,CUS_0x7ac7,1,30dpd_6mob,2024-02-01
CUS_0x7bf0_2023_08_01,CUS_0x7bf0,1,30dpd_6mob,2024-02-01
CUS_0x7cf_2023_08_01,CUS_0x7cf,1,30dpd_6mob,2024-02-01
CUS_0x7d80_2023_08_01,CUS_0x7d80,0,30dpd_6mob,2024-02-01
CUS_0x7db4_2023_08_01,CUS_0x7db4,0,30dpd_6mob,2024-02-01
CUS_0x7e51_2023_08_01,CUS_0x7e51,0,30dpd_6mob,2024-02-01
CUS_0x7e86_2023_08_01,CUS_0x7e86,1,30dpd_6mob,2024-02-01
CUS_0x7ea8_2023_08_01,CUS_0x7ea8,1,30dpd_6mob,2024-02-01
CUS_0x7f10_2023_08_01,CUS_0x7f10,1,30dpd_6mob,2024-02-01
CUS_0x7fa0_2023_08_01,CUS_0x7fa0,0,30dpd_6mob,2024-02-01
CUS_0x7fe_2023_08_01,CUS_0x7fe,0,30dpd_6mob,2024-02-01
CUS_0x80b1_2023_08_01,CUS_0x80b1,0,30dpd_6mob,2024-02-01
CUS_0x80b7_2023_08_01,CUS_0x80b7,1,30dpd_6mob,2024-02-01
CUS_0x8112_2023_08_01,CUS_0x8112,1,30dpd_6mob,2024-02-01
CUS_0x8153_2023_08_01,CUS_0x8153,0,30dpd_6mob,2024-02-01
CUS_0x8197_2023_08_01,CUS_0x8197,0,30dpd_6mob,2024-02-01
CUS_0x81ac_2023_08_01,CUS_0x81ac,0,30dpd_6mob,2024-02-01
CUS_0x81bb_2023_08_01,CUS_0x81bb,0,30dpd_6mob,2024-02-01
CUS_0x8291_2023_08_01,CUS_0x8291,1,30dpd_6mob,2024-02-01
CUS_0x8340_2023_08_01,CUS_0x8340,1,30dpd_6mob,2024-02-01
CUS_0x837e_2023_08_01,CUS_0x837e,0,30dpd_6mob,2024-02-01
CUS_0x83bd_2023_08_01,CUS_0x83bd,1,30dpd_6mob,2024-02-01
CUS_0x84b_2023_08_01,CUS_0x84b,0,30dpd_6mob,2024-02-01
CUS_0x84d_2023_08_01,CUS_0x84d,0,30dpd_6mob,2024-02-01
CUS_0x853c_2023_08_01,CUS_0x853c,0,30dpd_6mob,2024-02-01
CUS_0x853f_2023_08_01,CUS_0x853f,0,30dpd_6mob,2024-02-01
CUS_0x854e_2023_08_01,CUS_0x854e,0,30dpd_6mob,2024-02-01
CUS_0x858a_2023_08_01,CUS_0x858a,1,30dpd_6mob,2024-02-01
CUS_0x8680_2023_08_01,CUS_0x8680,1,30dpd_6mob,2024-02-01
CUS_0x8681_2023_08_01,CUS_0x8681,0,30dpd_6mob,2024-02-01
CUS_0x872e_2023_08_01,CUS_0x872e,0,30dpd_6mob,2024-02-01
CUS_0x88c3_2023_08_01,CUS_0x88c3,0,30dpd_6mob,2024-02-01
CUS_0x89ba_2023_08_01,CUS_0x89ba,0,30dpd_6mob,2024-02-01
CUS_0x89be_2023_08_01,CUS_0x89be,1,30dpd_6mob,2024-02-01
CUS_0x89d2_2023_08_01,CUS_0x89d2,0,30dpd_6mob,2024-02-01
CUS_0x8b3_2023_08_01,CUS_0x8b3,0,30dpd_6mob,2024-02-01
CUS_0x8b44_2023_08_01,CUS_0x8b44,1,30dpd_6mob,2024-02-01
CUS_0x8b78_2023_08_01,CUS_0x8b78,0,30dpd_6mob,2024-02-01
CUS_0x8bb3_2023_08_01,CUS_0x8bb3,0,30dpd_6mob,2024-02-01
CUS_0x8bb9_2023_08_01,CUS_0x8bb9,0,30dpd_6mob,2024-02-01
CUS_0x8c8d_2023_08_01,CUS_0x8c8d,1,30dpd_6mob,2024-02-01
CUS_0x8ca_2023_08_01,CUS_0x8ca,0,30dpd_6mob,2024-02-01
CUS_0x8cd2_2023_08_01,CUS_0x8cd2,0,30dpd_6mob,2024-02-01
CUS_0x8cf6_2023_08_01,CUS_0x8cf6,0,30dpd_6mob,2024-02-01
CUS_0x8d0f_2023_08_01,CUS_0x8d0f,0,30dpd_6mob,2024-02-01
CUS_0x8ede_2023_08_01,CUS_0x8ede,1,30dpd_6mob,2024-02-01
CUS_0x8f23_2023_08_01,CUS_0x8f23,0,30dpd_6mob,2024-02-01
CUS_0x8f65_2023_08_01,CUS_0x8f65,0,30dpd_6mob,2024-02-01
CUS_0x9051_2023_08_01,CUS_0x9051,0,30dpd_6mob,2024-02-01
CUS_0x9066_2023_08_01,CUS_0x9066,0,30dpd_6mob,2024-02-01
CUS_0x907c_2023_08_01,CUS_0x907c,0,30dpd_6mob,2024-02-01
CUS_0x915_2023_08_01,CUS_0x915,0,30dpd_6mob,2024-02-01
CUS_0x925c_2023_08_01,CUS_0x925c,0,30dpd_6mob,2024-02-01
CUS_0x93c8_2023_08_01,CUS_0x93c8,1,30dpd_6mob,2024-02-01
CUS_0x9491_2023_08_01,CUS_0x9491,1,30dpd_6mob,2024-02-01
CUS_0x94a6_2023_08_01,CUS_0x94a6,1,30dpd_6mob,2024-02-01
CUS_0x956d_2023_08_01,CUS_0x956d,0,30dpd_6mob,2024-02-01
CUS_0x9570_2023_08_01,CUS_0x9570,0,30dpd_6mob,2024-02-01
CUS_0x9586_2023_08_01,CUS_0x9586,0,30dpd_6mob,2024-02-01
CUS_0x9694_2023_08_01,CUS_0x9694,0,30dpd_6mob,2024-02-01
CUS_0x96b4_2023_08_01,CUS_0x96b4,1,30dpd_6mob,2024-02-01
CUS_0x96cd_2023_08_01,CUS_0x96cd,1,30dpd_6mob,2024-02-01
CUS_0x971a_2023_08_01,CUS_0x971a,1,30dpd_6mob,2024-02-01
CUS_0x971f_2023_08_01,CUS_0x971f,1,30dpd_6mob,2024-02-01
CUS_0x9803_2023_08_01,CUS_0x9803,1,30dpd_6mob,2024-02-01
CUS_0x987a_2023_08_01,CUS_0x987a,0,30dpd_6mob,2024-02-01
CUS_0x9934_2023_08_01,CUS_0x9934,0,30dpd_6mob,2024-02-01
CUS_0x9a06_2023_08_01,CUS_0x9a06,0,30dpd_6mob,2024-02-01
CUS_0x9a4b_2023_08_01,CUS_0x9a4b,0,30dpd_6mob,2024-02-01
CUS_0x9a7a_2023_08_01,CUS_0x9a7a,0,30dpd_6mob,2024-02-01
CUS_0x9a9_2023_08_01,CUS_0x9a9,0,30dpd_6mob,2024-02-01
CUS_0x9ab9_2023_08_01,CUS_0x9ab9,0,30dpd_6mob,2024-02-01
CUS_0x9b63_2023_08_01,CUS_0x9b63,1,30dpd_6mob,2024-02-01
CUS_0x9b80_2023_08_01,CUS_0x9b80,0,30dpd_6mob,2024-02-01
CUS_0x9bb1_2023_08_01,CUS_0x9bb1,0,30dpd_6mob,2024-02-01
CUS_0x9c5b_2023_08_01,CUS_0x9c5b,1,30dpd_6mob,2024-02-01
CUS_0x9ce4_2023_08_01,CUS_0x9ce4,1,30dpd_6mob,2024-02-01
CUS_0x9d87_2023_08_01,CUS_0x9d87,1,30dpd_6mob,2024-02-01
CUS_0x9e13_2023_08_01,CUS_0x9e13,0,30dpd_6mob,2024-02-01
CUS_0x9e5f_2023_08_01,CUS_0x9e5f,1,30dpd_6mob,2024-02-01
CUS_0x9e82_2023_08_01,CUS_0x9e82,0,30dpd_6mob,2024-02-01
CUS_0x9f04_2023_08_01,CUS_0x9f04,0,30dpd_6mob,2024-02-01
CUS_0x9f52_2023_08_01,CUS_0x9f52,1,30dpd_6mob,2024-02-01
CUS_0x9fca_2023_08_01,CUS_0x9fca,0,30dpd_6mob,2024-02-01
CUS_0xa041_2023_08_01,CUS_0xa041,0,30dpd_6mob,2024-02-01
CUS_0xa061_2023_08_01,CUS_0xa061,0,30dpd_6mob,2024-02-01
CUS_0xa1be_2023_08_01,CUS_0xa1be,1,30dpd_6mob,2024-02-01
CUS_0xa1c1_2023_08_01,CUS_0xa1c1,1,30dpd_6mob,2024-02-01
CUS_0xa1cb_2023_08_01,CUS_0xa1cb,1,30dpd_6mob,2024-02-01
CUS_0xa1fc_2023_08_01,CUS_0xa1fc,1,30dpd_6mob,2024-02-01
CUS_0xa223_2023_08_01,CUS_0xa223,0,30dpd_6mob,2024-02-01
CUS_0xa293_2023_08_01,CUS_0xa293,0,30dpd_6mob,2024-02-01
CUS_0xa2a2_2023_08_01,CUS_0xa2a2,0,30dpd_6mob,2024-02-01
CUS_0xa329_2023_08_01,CUS_0xa329,0,30dpd_6mob,2024-02-01
CUS_0xa40b_2023_08_01,CUS_0xa40b,0,30dpd_6mob,2024-02-01
CUS_0xa424_2023_08_01,CUS_0xa424,0,30dpd_6mob,2024-02-01
CUS_0xa42a_2023_08_01,CUS_0xa42a,1,30dpd_6mob,2024-02-01
CUS_0xa47c_2023_08_01,CUS_0xa47c,1,30dpd_6mob,2024-02-01
CUS_0xa4bd_2023_08_01,CUS_0xa4bd,0,30dpd_6mob,2024-02-01
CUS_0xa4c6_2023_08_01,CUS_0xa4c6,0,30dpd_6mob,2024-02-01
CUS_0xa505_2023_08_01,CUS_0xa505,0,30dpd_6mob,2024-02-01
CUS_0xa514_2023_08_01,CUS_0xa514,1,30dpd_6mob,2024-02-01
CUS_0xa56a_2023_08_01,CUS_0xa56a,0,30dpd_6mob,2024-02-01
CUS_0xa6e8_2023_08_01,CUS_0xa6e8,0,30dpd_6mob,2024-02-01
CUS_0xa7aa_2023_08_01,CUS_0xa7aa,0,30dpd_6mob,2024-02-01
CUS_0xa822_2023_08_01,CUS_0xa822,0,30dpd_6mob,2024-02-01
CUS_0xa83a_2023_08_01,CUS_0xa83a,1,30dpd_6mob,2024-02-01
CUS_0xa897_2023_08_01,CUS_0xa897,1,30dpd_6mob,2024-02-01
CUS_0xa8d1_2023_08_01,CUS_0xa8d1,0,30dpd_6mob,2024-02-01
CUS_0xa8d8_2023_08_01,CUS_0xa8d8,1,30dpd_6mob,2024-02-01
CUS_0xa95a_2023_08_01,CUS_0xa95a,0,30dpd_6mob,2024-02-01
CUS_0xa96d_2023_08_01,CUS_0xa96d,1,30dpd_6mob,2024-02-01
CUS_0xa972_2023_08_01,CUS_0xa972,0,30dpd_6mob,2024-02-01
CUS_0xa990_2023_08_01,CUS_0xa990,1,30dpd_6mob,2024-02-01
CUS_0xa995_2023_08_01,CUS_0xa995,0,30dpd_6mob,2024-02-01
CUS_0xa99a_2023_08_01,CUS_0xa99a,0,30dpd_6mob,2024-02-01
CUS_0xa9d6_2023_08_01,CUS_0xa9d6,1,30dpd_6mob,2024-02-01
CUS_0xa9e3_2023_08_01,CUS_0xa9e3,1,30dpd_6mob,2024-02-01
CUS_0xa9e7_2023_08_01,CUS_0xa9e7,0,30dpd_6mob,2024-02-01
CUS_0xaa87_2023_08_01,CUS_0xaa87,0,30dpd_6mob,2024-02-01
CUS_0xaaf8_2023_08_01,CUS_0xaaf8,0,30dpd_6mob,2024-02-01
CUS_0xacc6_2023_08_01,CUS_0xacc6,0,30dpd_6mob,2024-02-01
CUS_0xad30_2023_08_01,CUS_0xad30,1,30dpd_6mob,2024-02-01
CUS_0xada1_2023_08_01,CUS_0xada1,0,30dpd_6mob,2024-02-01
CUS_0xade3_2023_08_01,CUS_0xade3,0,30dpd_6mob,2024-02-01
CUS_0xae61_2023_08_01,CUS_0xae61,0,30dpd_6mob,2024-02-01
CUS_0xae62_2023_08_01,CUS_0xae62,0,30dpd_6mob,2024-02-01
CUS_0xaf4a_2023_08_01,CUS_0xaf4a,0,30dpd_6mob,2024-02-01
CUS_0xaf95_2023_08_01,CUS_0xaf95,0,30dpd_6mob,2024-02-01
CUS_0xaf96_2023_08_01,CUS_0xaf96,0,30dpd_6mob,2024-02-01
CUS_0xb005_2023_08_01,CUS_0xb005,0,30dpd_6mob,2024-02-01
CUS_0xb042_2023_08_01,CUS_0xb042,1,30dpd_6mob,2024-02-01
CUS_0xb0e5_2023_08_01,CUS_0xb0e5,0,30dpd_6mob,2024-02-01
CUS_0xb101_2023_08_01,CUS_0xb101,0,30dpd_6mob,2024-02-01
CUS_0xb229_2023_08_01,CUS_0xb229,0,30dpd_6mob,2024-02-01
CUS_0xb2a3_2023_08_01,CUS_0xb2a3,1,30dpd_6mob,2024-02-01
CUS_0xb3cb_2023_08_01,CUS_0xb3cb,0,30dpd_6mob,2024-02-01
CUS_0xb4c4_2023_08_01,CUS_0xb4c4,0,30dpd_6mob,2024-02-01
CUS_0xb512_2023_08_01,CUS_0xb512,0,30dpd_6mob,2024-02-01
CUS_0xb551_2023_08_01,CUS_0xb551,0,30dpd_6mob,2024-02-01
CUS_0xb593_2023_08_01,CUS_0xb593,1,30dpd_6mob,2024-02-01
CUS_0xb5ae_2023_08_01,CUS_0xb5ae,0,30dpd_6mob,2024-02-01
CUS_0xb5c0_2023_08_01,CUS_0xb5c0,0,30dpd_6mob,2024-02-01
CUS_0xb5d4_2023_08_01,CUS_0xb5d4,0,30dpd_6mob,2024-02-01
CUS_0xb5dd_2023_08_01,CUS_0xb5dd,0,30dpd_6mob,2024-02-01
CUS_0xb68f_2023_08_01,CUS_0xb68f,1,30dpd_6mob,2024-02-01
CUS_0xb6be_2023_08_01,CUS_0xb6be,1,30dpd_6mob,2024-02-01
CUS_0xb76e_2023_08_01,CUS_0xb76e,0,30dpd_6mob,2024-02-01
CUS_0xb87d_2023_08_01,CUS_0xb87d,0,30dpd_6mob,2024-02-01
CUS_0xb948_2023_08_01,CUS_0xb948,0,30dpd_6mob,2024-02-01
CUS_0xb949_2023_08_01,CUS_0xb949,0,30dpd_6mob,2024-02-01
CUS_0xb96c_2023_08_01,CUS_0xb96c,0,30dpd_6mob,2024-02-01
CUS_0xb971_2023_08_01,CUS_0xb971,0,30dpd_6mob,2024-02-01
CUS_0xb9e6_2023_08_01,CUS_0xb9e6,0,30dpd_6mob,2024-02-01
CUS_0xba1d_2023_08_01,CUS_0xba1d,1,30dpd_6mob,2024-02-01
CUS_0xba6_2023_08_01,CUS_0xba6,0,30dpd_6mob,2024-02-01
CUS_0xbb02_2023_08_01,CUS_0xbb02,1,30dpd_6mob,2024-02-01
CUS_0xbb4e_2023_08_01,CUS_0xbb4e,0,30dpd_6mob,2024-02-01
CUS_0xbbaa_2023_08_01,CUS_0xbbaa,0,30dpd_6mob,2024-02-01
CUS_0xbc6a_2023_08_01,CUS_0xbc6a,0,30dpd_6mob,2024-02-01
CUS_0xbcda_2023_08_01,CUS_0xbcda,0,30dpd_6mob,2024-02-01
CUS_0xbce2_2023_08_01,CUS_0xbce2,0,30dpd_6mob,2024-02-01
CUS_0xbd85_2023_08_01,CUS_0xbd85,0,30dpd_6mob,2024-02-01
CUS_0xbe14_2023_08_01,CUS_0xbe14,0,30dpd_6mob,2024-02-01
CUS_0xbe54_2023_08_01,CUS_0xbe54,0,30dpd_6mob,2024-02-01
CUS_0xbeb0_2023_08_01,CUS_0xbeb0,1,30dpd_6mob,2024-02-01
CUS_0xbecb_2023_08_01,CUS_0xbecb,1,30dpd_6mob,2024-02-01
CUS_0xbeec_2023_08_01,CUS_0xbeec,0,30dpd_6mob,2024-02-01
CUS_0xbef7_2023_08_01,CUS_0xbef7,1,30dpd_6mob,2024-02-01
CUS_0xbfd5_2023_08_01,CUS_0xbfd5,0,30dpd_6mob,2024-02-01
CUS_0xc17f_2023_08_01,CUS_0xc17f,0,30dpd_6mob,2024-02-01
CUS_0xc1a6_2023_08_01,CUS_0xc1a6,0,30dpd_6mob,2024-02-01
CUS_0xc22f_2023_08_01,CUS_0xc22f,0,30dpd_6mob,2024-02-01
CUS_0xc271_2023_08_01,CUS_0xc271,0,30dpd_6mob,2024-02-01
CUS_0xc272_2023_08_01,CUS_0xc272,1,30dpd_6mob,2024-02-01
CUS_0xc420_2023_08_01,CUS_0xc420,0,30dpd_6mob,2024-02-01
CUS_0xc44a_2023_08_01,CUS_0xc44a,0,30dpd_6mob,2024-02-01
CUS_0xc45d_2023_08_01,CUS_0xc45d,0,30dpd_6mob,2024-02-01
CUS_0xc4b2_2023_08_01,CUS_0xc4b2,0,30dpd_6mob,2024-02-01
CUS_0xc55a_2023_08_01,CUS_0xc55a,0,30dpd_6mob,2024-02-01
CUS_0xc5d6_2023_08_01,CUS_0xc5d6,1,30dpd_6mob,2024-02-01
CUS_0xc5f8_2023_08_01,CUS_0xc5f8,0,30dpd_6mob,2024-02-01
CUS_0xc61e_2023_08_01,CUS_0xc61e,0,30dpd_6mob,2024-02-01
CUS_0xc6cb_2023_08_01,CUS_0xc6cb,0,30dpd_6mob,2024-02-01
CUS_0xd0c_2023_08_01,CUS_0xd0c,1,30dpd_6mob,2024-02-01
CUS_0xd7d_2023_08_01,CUS_0xd7d,1,30dpd_6mob,2024-02-01
CUS_0xe75_2023_08_01,CUS_0xe75,0,30dpd_6mob,2024-02-01
CUS_0xeb6_2023_08_01,CUS_0xeb6,1,30dpd_6mob,2024-02-01
CUS_0xf79_2023_08_01,CUS_0xf79,0,30dpd_6mob,2024-02-01
CUS_0x1130_2023_07_01,CUS_0x1130,0,30dpd_6mob,2024-01-01
CUS_0x11d1_2023_07_01,CUS_0x11d1,0,30dpd_6mob,2024-01-01
CUS_0x11eb_2023_07_01,CUS_0x11eb,0,30dpd_6mob,2024-01-01
CUS_0x120c_2023_07_01,CUS_0x120c,1,30dpd_6mob,2024-01-01
CUS_0x124a_2023_07_01,CUS_0x124a,0,30dpd_6mob,2024-01-01
CUS_0x12ce_2023_07_01,CUS_0x12ce,1,30dpd_6mob,2024-01-01
CUS_0x13b0_2023_07_01,CUS_0x13b0,0,30dpd_6mob,2024-01-01
CUS_0x13d6_2023_07_01,CUS_0x13d6,1,30dpd_6mob,2024-01-01
CUS_0x13de_2023_07_01,CUS_0x13de,0,30dpd_6mob,2024-01-01
CUS_0x13ec_2023_07_01,CUS_0x13ec,0,30dpd_6mob,2024-01-01
CUS_0x13f6_2023_07_01,CUS_0x13f6,0,30dpd_6mob,2024-01-01
CUS_0x14a3_2023_07_01,CUS_0x14a3,0,30dpd_6mob,2024-01-01
CUS_0x14b3_2023_07_01,CUS_0x14b3,0,30dpd_6mob,2024-01-01
CUS_0x14b9_2023_07_01,CUS_0x14b9,0,30dpd_6mob,2024-01-01
CUS_0x150c_2023_07_01,CUS_0x150c,0,30dpd_6mob,2024-01-01
CUS_0x15e7_2023_07_01,CUS_0x15e7,0,30dpd_6mob,2024-01-01
CUS_0x1647_2023_07_01,CUS_0x1647,0,30dpd_6mob,2024-01-01
CUS_0x165e_2023_07_01,CUS_0x165e,0,30dpd_6mob,2024-01-01
CUS_0x17e8_2023_07_01,CUS_0x17e8,0,30dpd_6mob,2024-01-01
CUS_0x17f0_2023_07_01,CUS_0x17f0,0,30dpd_6mob,2024-01-01
CUS_0x182d_2023_07_01,CUS_0x182d,0,30dpd_6mob,2024-01-01
CUS_0x184c_2023_07_01,CUS_0x184c,1,30dpd_6mob,2024-01-01
CUS_0x1863_2023_07_01,CUS_0x1863,0,30dpd_6mob,2024-01-01
CUS_0x193b_2023_07_01,CUS_0x193b,0,30dpd_6mob,2024-01-01
CUS_0x1986_2023_07_01,CUS_0x1986,0,30dpd_6mob,2024-01-01
CUS_0x1a16_2023_07_01,CUS_0x1a16,0,30dpd_6mob,2024-01-01
CUS_0x1a44_2023_07_01,CUS_0x1a44,0,30dpd_6mob,2024-01-01
CUS_0x1aeb_2023_07_01,CUS_0x1aeb,0,30dpd_6mob,2024-01-01
CUS_0x1b71_2023_07_01,CUS_0x1b71,0,30dpd_6mob,2024-01-01
CUS_0x1c79_2023_07_01,CUS_0x1c79,1,30dpd_6mob,2024-01-01
CUS_0x1d7b_2023_07_01,CUS_0x1d7b,0,30dpd_6mob,2024-01-01
CUS_0x1dad_2023_07_01,CUS_0x1dad,0,30dpd_6mob,2024-01-01
CUS_0x1e51_2023_07_01,CUS_0x1e51,0,30dpd_6mob,2024-01-01
CUS_0x1ec5_2023_07_01,CUS_0x1ec5,0,30dpd_6mob,2024-01-01
CUS_0x1f04_2023_07_01,CUS_0x1f04,0,30dpd_6mob,2024-01-01
CUS_0x2038_2023_07_01,CUS_0x2038,0,30dpd_6mob,2024-01-01
CUS_0x2064_2023_07_01,CUS_0x2064,0,30dpd_6mob,2024-01-01
CUS_0x2112_2023_07_01,CUS_0x2112,0,30dpd_6mob,2024-01-01
CUS_0x2184_2023_07_01,CUS_0x2184,0,30dpd_6mob,2024-01-01
CUS_0x21e4_2023_07_01,CUS_0x21e4,0,30dpd_6mob,2024-01-01
CUS_0x2243_2023_07_01,CUS_0x2243,0,30dpd_6mob,2024-01-01
CUS_0x2283_2023_07_01,CUS_0x2283,0,30dpd_6mob,2024-01-01
CUS_0x24af_2023_07_01,CUS_0x24af,1,30dpd_6mob,2024-01-01
CUS_0x24cc_2023_07_01,CUS_0x24cc,1,30dpd_6mob,2024-01-01
CUS_0x24e8_2023_07_01,CUS_0x24e8,1,30dpd_6mob,2024-01-01
CUS_0x24e9_2023_07_01,CUS_0x24e9,0,30dpd_6mob,2024-01-01
CUS_0x24f8_2023_07_01,CUS_0x24f8,0,30dpd_6mob,2024-01-01
CUS_0x2517_2023_07_01,CUS_0x2517,1,30dpd_6mob,2024-01-01
CUS_0x2590_2023_07_01,CUS_0x2590,0,30dpd_6mob,2024-01-01
CUS_0x2662_2023_07_01,CUS_0x2662,0,30dpd_6mob,2024-01-01
CUS_0x26a9_2023_07_01,CUS_0x26a9,0,30dpd_6mob,2024-01-01
CUS_0x2784_2023_07_01,CUS_0x2784,1,30dpd_6mob,2024-01-01
CUS_0x282b_2023_07_01,CUS_0x282b,0,30dpd_6mob,2024-01-01
CUS_0x28a7_2023_07_01,CUS_0x28a7,0,30dpd_6mob,2024-01-01
CUS_0x28d8_2023_07_01,CUS_0x28d8,0,30dpd_6mob,2024-01-01
CUS_0x2910_2023_07_01,CUS_0x2910,0,30dpd_6mob,2024-01-01
CUS_0x2bf4_2023_07_01,CUS_0x2bf4,0,30dpd_6mob,2024-01-01
CUS_0x2c5b_2023_07_01,CUS_0x2c5b,0,30dpd_6mob,2024-01-01
CUS_0x2ce1_2023_07_01,CUS_0x2ce1,1,30dpd_6mob,2024-01-01
CUS_0x2d05_2023_07_01,CUS_0x2d05,0,30dpd_6mob,2024-01-01
CUS_0x2d78_2023_07_01,CUS_0x2d78,1,30dpd_6mob,2024-01-01
CUS_0x2d98_2023_07_01,CUS_0x2d98,0,30dpd_6mob,2024-01-01
CUS_0x2df8_2023_07_01,CUS_0x2df8,1,30dpd_6mob,2024-01-01
CUS_0x2ed0_2023_07_01,CUS_0x2ed0,0,30dpd_6mob,2024-01-01
CUS_0x2f59_2023_07_01,CUS_0x2f59,0,30dpd_6mob,2024-01-01
CUS_0x2f7b_2023_07_01,CUS_0x2f7b,0,30dpd_6mob,2024-01-01
CUS_0x2fe4_2023_07_01,CUS_0x2fe4,0,30dpd_6mob,2024-01-01
CUS_0x30eb_2023_07_01,CUS_0x30eb,0,30dpd_6mob,2024-01-01
CUS_0x310f_2023_07_01,CUS_0x310f,0,30dpd_6mob,2024-01-01
CUS_0x317e_2023_07_01,CUS_0x317e,1,30dpd_6mob,2024-01-01
CUS_0x318d_2023_07_01,CUS_0x318d,0,30dpd_6mob,2024-01-01
CUS_0x31b2_2023_07_01,CUS_0x31b2,0,30dpd_6mob,2024-01-01
CUS_0x31bd_2023_07_01,CUS_0x31bd,0,30dpd_6mob,2024-01-01
CUS_0x3221_2023_07_01,CUS_0x3221,0,30dpd_6mob,2024-01-01
CUS_0x3237_2023_07_01,CUS_0x3237,1,30dpd_6mob,2024-01-01
CUS_0x327d_2023_07_01,CUS_0x327d,0,30dpd_6mob,2024-01-01
CUS_0x32a7_2023_07_01,CUS_0x32a7,0,30dpd_6mob,2024-01-01
CUS_0x334d_2023_07_01,CUS_0x334d,0,30dpd_6mob,2024-01-01
CUS_0x33ce_2023_07_01,CUS_0x33ce,0,30dpd_6mob,2024-01-01
CUS_0x33da_2023_07_01,CUS_0x33da,0,30dpd_6mob,2024-01-01
CUS_0x3420_2023_07_01,CUS_0x3420,0,30dpd_6mob,2024-01-01
CUS_0x3442_2023_07_01,CUS_0x3442,0,30dpd_6mob,2024-01-01
CUS_0x3475_2023_07_01,CUS_0x3475,1,30dpd_6mob,2024-01-01
CUS_0x35ac_2023_07_01,CUS_0x35ac,0,30dpd_6mob,2024-01-01
CUS_0x35c3_2023_07_01,CUS_0x35c3,1,30dpd_6mob,2024-01-01
CUS_0x366b_2023_07_01,CUS_0x366b,0,30dpd_6mob,2024-01-01
CUS_0x3672_2023_07_01,CUS_0x3672,0,30dpd_6mob,2024-01-01
CUS_0x36bb_2023_07_01,CUS_0x36bb,0,30dpd_6mob,2024-01-01
CUS_0x374a_2023_07_01,CUS_0x374a,0,30dpd_6mob,2024-01-01
CUS_0x3868_2023_07_01,CUS_0x3868,1,30dpd_6mob,2024-01-01
CUS_0x386e_2023_07_01,CUS_0x386e,1,30dpd_6mob,2024-01-01
CUS_0x38d8_2023_07_01,CUS_0x38d8,0,30dpd_6mob,2024-01-01
CUS_0x3992_2023_07_01,CUS_0x3992,1,30dpd_6mob,2024-01-01
CUS_0x3a1b_2023_07_01,CUS_0x3a1b,0,30dpd_6mob,2024-01-01
CUS_0x3a4d_2023_07_01,CUS_0x3a4d,0,30dpd_6mob,2024-01-01
CUS_0x3aa8_2023_07_01,CUS_0x3aa8,1,30dpd_6mob,2024-01-01
CUS_0x3adb_2023_07_01,CUS_0x3adb,1,30dpd_6mob,2024-01-01
CUS_0x3b66_2023_07_01,CUS_0x3b66,0,30dpd_6mob,2024-01-01
CUS_0x3bc7_2023_07_01,CUS_0x3bc7,0,30dpd_6mob,2024-01-01
CUS_0x3bdb_2023_07_01,CUS_0x3bdb,0,30dpd_6mob,2024-01-01
CUS_0x3c21_2023_07_01,CUS_0x3c21,0,30dpd_6mob,2024-01-01
CUS_0x3c51_2023_07_01,CUS_0x3c51,1,30dpd_6mob,2024-01-01
CUS_0x3cc3_2023_07_01,CUS_0x3cc3,0,30dpd_6mob,2024-01-01
CUS_0x3d3d_2023_07_01,CUS_0x3d3d,0,30dpd_6mob,2024-01-01
CUS_0x3d53_2023_07_01,CUS_0x3d53,0,30dpd_6mob,2024-01-01
CUS_0x3d64_2023_07_01,CUS_0x3d64,1,30dpd_6mob,2024-01-01
CUS_0x3da0_2023_07_01,CUS_0x3da0,0,30dpd_6mob,2024-01-01
CUS_0x3ddc_2023_07_01,CUS_0x3ddc,0,30dpd_6mob,2024-01-01
CUS_0x3e1a_2023_07_01,CUS_0x3e1a,0,30dpd_6mob,2024-01-01
CUS_0x3e5d_2023_07_01,CUS_0x3e5d,0,30dpd_6mob,2024-01-01
CUS_0x3ea1_2023_07_01,CUS_0x3ea1,0,30dpd_6mob,2024-01-01
CUS_0x3f0_2023_07_01,CUS_0x3f0,0,30dpd_6mob,2024-01-01
CUS_0x3f51_2023_07_01,CUS_0x3f51,0,30dpd_6mob,2024-01-01
CUS_0x3f68_2023_07_01,CUS_0x3f68,0,30dpd_6mob,2024-01-01
CUS_0x3f97_2023_07_01,CUS_0x3f97,0,30dpd_6mob,2024-01-01
CUS_0x4017_2023_07_01,CUS_0x4017,1,30dpd_6mob,2024-01-01
CUS_0x4079_2023_07_01,CUS_0x4079,1,30dpd_6mob,2024-01-01
CUS_0x40ad_2023_07_01,CUS_0x40ad,1,30dpd_6mob,2024-01-01
CUS_0x415_2023_07_01,CUS_0x415,0,30dpd_6mob,2024-01-01
CUS_0x4154_2023_07_01,CUS_0x4154,0,30dpd_6mob,2024-01-01
CUS_0x41d5_2023_07_01,CUS_0x41d5,0,30dpd_6mob,2024-01-01
CUS_0x41ee_2023_07_01,CUS_0x41ee,0,30dpd_6mob,2024-01-01
CUS_0x41fc_2023_07_01,CUS_0x41fc,0,30dpd_6mob,2024-01-01
CUS_0x4256_2023_07_01,CUS_0x4256,0,30dpd_6mob,2024-01-01
CUS_0x4269_2023_07_01,CUS_0x4269,0,30dpd_6mob,2024-01-01
CUS_0x4280_2023_07_01,CUS_0x4280,0,30dpd_6mob,2024-01-01
CUS_0x4313_2023_07_01,CUS_0x4313,1,30dpd_6mob,2024-01-01
CUS_0x4372_2023_07_01,CUS_0x4372,0,30dpd_6mob,2024-01-01
CUS_0x4430_2023_07_01,CUS_0x4430,1,30dpd_6mob,2024-01-01
CUS_0x4469_2023_07_01,CUS_0x4469,0,30dpd_6mob,2024-01-01
CUS_0x4519_2023_07_01,CUS_0x4519,0,30dpd_6mob,2024-01-01
CUS_0x4549_2023_07_01,CUS_0x4549,0,30dpd_6mob,2024-01-01
CUS_0x45bd_2023_07_01,CUS_0x45bd,0,30dpd_6mob,2024-01-01
CUS_0x4681_2023_07_01,CUS_0x4681,0,30dpd_6mob,2024-01-01
CUS_0x46e6_2023_07_01,CUS_0x46e6,1,30dpd_6mob,2024-01-01
CUS_0x4791_2023_07_01,CUS_0x4791,1,30dpd_6mob,2024-01-01
CUS_0x47d5_2023_07_01,CUS_0x47d5,1,30dpd_6mob,2024-01-01
CUS_0x47e3_2023_07_01,CUS_0x47e3,1,30dpd_6mob,2024-01-01
CUS_0x4842_2023_07_01,CUS_0x4842,0,30dpd_6mob,2024-01-01
CUS_0x495f_2023_07_01,CUS_0x495f,1,30dpd_6mob,2024-01-01
CUS_0x4976_2023_07_01,CUS_0x4976,0,30dpd_6mob,2024-01-01
CUS_0x49b5_2023_07_01,CUS_0x49b5,0,30dpd_6mob,2024-01-01
CUS_0x49e3_2023_07_01,CUS_0x49e3,0,30dpd_6mob,2024-01-01
CUS_0x4a77_2023_07_01,CUS_0x4a77,0,30dpd_6mob,2024-01-01
CUS_0x4b12_2023_07_01,CUS_0x4b12,0,30dpd_6mob,2024-01-01
CUS_0x4b23_2023_07_01,CUS_0x4b23,1,30dpd_6mob,2024-01-01
CUS_0x4c2b_2023_07_01,CUS_0x4c2b,1,30dpd_6mob,2024-01-01
CUS_0x4c4f_2023_07_01,CUS_0x4c4f,0,30dpd_6mob,2024-01-01
CUS_0x4c96_2023_07_01,CUS_0x4c96,0,30dpd_6mob,2024-01-01
CUS_0x4cfd_2023_07_01,CUS_0x4cfd,0,30dpd_6mob,2024-01-01
CUS_0x4dd1_2023_07_01,CUS_0x4dd1,0,30dpd_6mob,2024-01-01
CUS_0x4dd5_2023_07_01,CUS_0x4dd5,1,30dpd_6mob,2024-01-01
CUS_0x4e0e_2023_07_01,CUS_0x4e0e,0,30dpd_6mob,2024-01-01
CUS_0x4f16_2023_07_01,CUS_0x4f16,0,30dpd_6mob,2024-01-01
CUS_0x4f1a_2023_07_01,CUS_0x4f1a,1,30dpd_6mob,2024-01-01
CUS_0x4f41_2023_07_01,CUS_0x4f41,1,30dpd_6mob,2024-01-01
CUS_0x5046_2023_07_01,CUS_0x5046,1,30dpd_6mob,2024-01-01
CUS_0x505c_2023_07_01,CUS_0x505c,1,30dpd_6mob,2024-01-01
CUS_0x50e2_2023_07_01,CUS_0x50e2,1,30dpd_6mob,2024-01-01
CUS_0x51d4_2023_07_01,CUS_0x51d4,0,30dpd_6mob,2024-01-01
CUS_0x51eb_2023_07_01,CUS_0x51eb,0,30dpd_6mob,2024-01-01
CUS_0x5396_2023_07_01,CUS_0x5396,0,30dpd_6mob,2024-01-01
CUS_0x541_2023_07_01,CUS_0x541,0,30dpd_6mob,2024-01-01
CUS_0x543f_2023_07_01,CUS_0x543f,0,30dpd_6mob,2024-01-01
CUS_0x5451_2023_07_01,CUS_0x5451,0,30dpd_6mob,2024-01-01
CUS_0x5488_2023_07_01,CUS_0x5488,0,30dpd_6mob,2024-01-01
CUS_0x55d9_2023_07_01,CUS_0x55d9,1,30dpd_6mob,2024-01-01
CUS_0x564e_2023_07_01,CUS_0x564e,1,30dpd_6mob,2024-01-01
CUS_0x56c5_2023_07_01,CUS_0x56c5,0,30dpd_6mob,2024-01-01
CUS_0x56c8_2023_07_01,CUS_0x56c8,0,30dpd_6mob,2024-01-01
CUS_0x5734_2023_07_01,CUS_0x5734,0,30dpd_6mob,2024-01-01
CUS_0x57a_2023_07_01,CUS_0x57a,0,30dpd_6mob,2024-01-01
CUS_0x582f_2023_07_01,CUS_0x582f,0,30dpd_6mob,2024-01-01
CUS_0x5848_2023_07_01,CUS_0x5848,0,30dpd_6mob,2024-01-01
CUS_0x584b_2023_07_01,CUS_0x584b,0,30dpd_6mob,2024-01-01
CUS_0x59d8_2023_07_01,CUS_0x59d8,1,30dpd_6mob,2024-01-01
CUS_0x5a82_2023_07_01,CUS_0x5a82,0,30dpd_6mob,2024-01-01
CUS_0x5aaa_2023_07_01,CUS_0x5aaa,0,30dpd_6mob,2024-01-01
CUS_0x5c66_2023_07_01,CUS_0x5c66,0,30dpd_6mob,2024-01-01
CUS_0x5c7f_2023_07_01,CUS_0x5c7f,0,30dpd_6mob,2024-01-01
CUS_0x5cc5_2023_07_01,CUS_0x5cc5,0,30dpd_6mob,2024-01-01
CUS_0x5dd6_2023_07_01,CUS_0x5dd6,0,30dpd_6mob,2024-01-01
CUS_0x5e2d_2023_07_01,CUS_0x5e2d,0,30dpd_6mob,2024-01-01
CUS_0x5f0f_2023_07_01,CUS_0x5f0f,0,30dpd_6mob,2024-01-01
CUS_0x5f5d_2023_07_01,CUS_0x5f5d,0,30dpd_6mob,2024-01-01
CUS_0x5f83_2023_07_01,CUS_0x5f83,0,30dpd_6mob,2024-01-01
CUS_0x5fbf_2023_07_01,CUS_0x5fbf,1,30dpd_6mob,2024-01-01
CUS_0x5ff6_2023_07_01,CUS_0x5ff6,1,30dpd_6mob,2024-01-01
CUS_0x6010_2023_07_01,CUS_0x6010,0,30dpd_6mob,2024-01-01
CUS_0x6054_2023_07_01,CUS_0x6054,0,30dpd_6mob,2024-01-01
CUS_0x6092_2023_07_01,CUS_0x6092,1,30dpd_6mob,2024-01-01
CUS_0x6102_2023_07_01,CUS_0x6102,0,30dpd_6mob,2024-01-01
CUS_0x612e_2023_07_01,CUS_0x612e,0,30dpd_6mob,2024-01-01
CUS_0x6148_2023_07_01,CUS_0x6148,1,30dpd_6mob,2024-01-01
CUS_0x61c2_2023_07_01,CUS_0x61c2,0,30dpd_6mob,2024-01-01
CUS_0x6200_2023_07_01,CUS_0x6200,1,30dpd_6mob,2024-01-01
CUS_0x628e_2023_07_01,CUS_0x628e,0,30dpd_6mob,2024-01-01
CUS_0x62cf_2023_07_01,CUS_0x62cf,1,30dpd_6mob,2024-01-01
CUS_0x6322_2023_07_01,CUS_0x6322,0,30dpd_6mob,2024-01-01
CUS_0x643b_2023_07_01,CUS_0x643b,0,30dpd_6mob,2024-01-01
CUS_0x6478_2023_07_01,CUS_0x6478,0,30dpd_6mob,2024-01-01
CUS_0x64a1_2023_07_01,CUS_0x64a1,0,30dpd_6mob,2024-01-01
CUS_0x64a3_2023_07_01,CUS_0x64a3,0,30dpd_6mob,2024-01-01
CUS_0x64a4_2023_07_01,CUS_0x64a4,0,30dpd_6mob,2024-01-01
CUS_0x65d3_2023_07_01,CUS_0x65d3,0,30dpd_6mob,2024-01-01
CUS_0x661d_2023_07_01,CUS_0x661d,1,30dpd_6mob,2024-01-01
CUS_0x6669_2023_07_01,CUS_0x6669,1,30dpd_6mob,2024-01-01
CUS_0x666a_2023_07_01,CUS_0x666a,0,30dpd_6mob,2024-01-01
CUS_0x6672_2023_07_01,CUS_0x6672,0,30dpd_6mob,2024-01-01
CUS_0x6673_2023_07_01,CUS_0x6673,0,30dpd_6mob,2024-01-01
CUS_0x66d4_2023_07_01,CUS_0x66d4,1,30dpd_6mob,2024-01-01
CUS_0x6728_2023_07_01,CUS_0x6728,0,30dpd_6mob,2024-01-01
CUS_0x67a9_2023_07_01,CUS_0x67a9,0,30dpd_6mob,2024-01-01
CUS_0x68f8_2023_07_01,CUS_0x68f8,0,30dpd_6mob,2024-01-01
CUS_0x6928_2023_07_01,CUS_0x6928,1,30dpd_6mob,2024-01-01
CUS_0x69e5_2023_07_01,CUS_0x69e5,0,30dpd_6mob,2024-01-01
CUS_0x6a1a_2023_07_01,CUS_0x6a1a,0,30dpd_6mob,2024-01-01
CUS_0x6a8f_2023_07_01,CUS_0x6a8f,0,30dpd_6mob,2024-01-01
CUS_0x6ab5_2023_07_01,CUS_0x6ab5,0,30dpd_6mob,2024-01-01
CUS_0x6ada_2023_07_01,CUS_0x6ada,0,30dpd_6mob,2024-01-01
CUS_0x6b59_2023_07_01,CUS_0x6b59,1,30dpd_6mob,2024-01-01
CUS_0x6bad_2023_07_01,CUS_0x6bad,0,30dpd_6mob,2024-01-01
CUS_0x6c00_2023_07_01,CUS_0x6c00,1,30dpd_6mob,2024-01-01
CUS_0x6c52_2023_07_01,CUS_0x6c52,1,30dpd_6mob,2024-01-01
CUS_0x6c53_2023_07_01,CUS_0x6c53,0,30dpd_6mob,2024-01-01
CUS_0x6c90_2023_07_01,CUS_0x6c90,1,30dpd_6mob,2024-01-01
CUS_0x6cb4_2023_07_01,CUS_0x6cb4,1,30dpd_6mob,2024-01-01
CUS_0x6cc6_2023_07_01,CUS_0x6cc6,0,30dpd_6mob,2024-01-01
CUS_0x6d3c_2023_07_01,CUS_0x6d3c,0,30dpd_6mob,2024-01-01
CUS_0x6da3_2023_07_01,CUS_0x6da3,0,30dpd_6mob,2024-01-01
CUS_0x6f04_2023_07_01,CUS_0x6f04,1,30dpd_6mob,2024-01-01
CUS_0x6f69_2023_07_01,CUS_0x6f69,1,30dpd_6mob,2024-01-01
CUS_0x6f78_2023_07_01,CUS_0x6f78,0,30dpd_6mob,2024-01-01
CUS_0x6f84_2023_07_01,CUS_0x6f84,0,30dpd_6mob,2024-01-01
CUS_0x6fb1_2023_07_01,CUS_0x6fb1,0,30dpd_6mob,2024-01-01
CUS_0x6fb2_2023_07_01,CUS_0x6fb2,1,30dpd_6mob,2024-01-01
CUS_0x703c_2023_07_01,CUS_0x703c,0,30dpd_6mob,2024-01-01
CUS_0x7080_2023_07_01,CUS_0x7080,1,30dpd_6mob,2024-01-01
CUS_0x70b2_2023_07_01,CUS_0x70b2,0,30dpd_6mob,2024-01-01
CUS_0x7154_2023_07_01,CUS_0x7154,0,30dpd_6mob,2024-01-01
CUS_0x7198_2023_07_01,CUS_0x7198,0,30dpd_6mob,2024-01-01
CUS_0x7283_2023_07_01,CUS_0x7283,0,30dpd_6mob,2024-01-01
CUS_0x73bb_2023_07_01,CUS_0x73bb,0,30dpd_6mob,2024-01-01
CUS_0x73cf_2023_07_01,CUS_0x73cf,1,30dpd_6mob,2024-01-01
CUS_0x73ee_2023_07_01,CUS_0x73ee,0,30dpd_6mob,2024-01-01
CUS_0x7429_2023_07_01,CUS_0x7429,0,30dpd_6mob,2024-01-01
CUS_0x7494_2023_07_01,CUS_0x7494,0,30dpd_6mob,2024-01-01
CUS_0x74fc_2023_07_01,CUS_0x74fc,0,30dpd_6mob,2024-01-01
CUS_0x7551_2023_07_01,CUS_0x7551,0,30dpd_6mob,2024-01-01
CUS_0x75f_2023_07_01,CUS_0x75f,0,30dpd_6mob,2024-01-01
CUS_0x764f_2023_07_01,CUS_0x764f,0,30dpd_6mob,2024-01-01
CUS_0x76fc_2023_07_01,CUS_0x76fc,0,30dpd_6mob,2024-01-01
CUS_0x778e_2023_07_01,CUS_0x778e,0,30dpd_6mob,2024-01-01
CUS_0x7837_2023_07_01,CUS_0x7837,1,30dpd_6mob,2024-01-01
CUS_0x7893_2023_07_01,CUS_0x7893,0,30dpd_6mob,2024-01-01
CUS_0x7960_2023_07_01,CUS_0x7960,1,30dpd_6mob,2024-01-01
CUS_0x79a9_2023_07_01,CUS_0x79a9,1,30dpd_6mob,2024-01-01
CUS_0x7a0b_2023_07_01,CUS_0x7a0b,0,30dpd_6mob,2024-01-01
CUS_0x7a39_2023_07_01,CUS_0x7a39,1,30dpd_6mob,2024-01-01
CUS_0x7ba5_2023_07_01,CUS_0x7ba5,1,30dpd_6mob,2024-01-01
CUS_0x7baf_2023_07_01,CUS_0x7baf,0,30dpd_6mob,2024-01-01
CUS_0x7bf_2023_07_01,CUS_0x7bf,0,30dpd_6mob,2024-01-01
CUS_0x7c2_2023_07_01,CUS_0x7c2,0,30dpd_6mob,2024-01-01
CUS_0x7c4a_2023_07_01,CUS_0x7c4a,1,30dpd_6mob,2024-01-01
CUS_0x7c6_2023_07_01,CUS_0x7c6,0,30dpd_6mob,2024-01-01
CUS_0x7cfb_2023_07_01,CUS_0x7cfb,0,30dpd_6mob,2024-01-01
CUS_0x7da5_2023_07_01,CUS_0x7da5,1,30dpd_6mob,2024-01-01
CUS_0x7dd7_2023_07_01,CUS_0x7dd7,1,30dpd_6mob,2024-01-01
CUS_0x7de0_2023_07_01,CUS_0x7de0,0,30dpd_6mob,2024-01-01
CUS_0x7e0b_2023_07_01,CUS_0x7e0b,1,30dpd_6mob,2024-01-01
CUS_0x7f50_2023_07_01,CUS_0x7f50,0,30dpd_6mob,2024-01-01
CUS_0x7f9c_2023_07_01,CUS_0x7f9c,0,30dpd_6mob,2024-01-01
CUS_0x8072_2023_07_01,CUS_0x8072,0,30dpd_6mob,2024-01-01
CUS_0x809c_2023_07_01,CUS_0x809c,0,30dpd_6mob,2024-01-01
CUS_0x80df_2023_07_01,CUS_0x80df,0,30dpd_6mob,2024-01-01
CUS_0x80f8_2023_07_01,CUS_0x80f8,0,30dpd_6mob,2024-01-01
CUS_0x8110_2023_07_01,CUS_0x8110,0,30dpd_6mob,2024-01-01
CUS_0x81c5_2023_07_01,CUS_0x81c5,0,30dpd_6mob,2024-01-01
CUS_0x81e9_2023_07_01,CUS_0x81e9,0,30dpd_6mob,2024-01-01
CUS_0x83a4_2023_07_01,CUS_0x83a4,1,30dpd_6mob,2024-01-01
CUS_0x83c5_2023_07_01,CUS_0x83c5,1,30dpd_6mob,2024-01-01
CUS_0x83d7_2023_07_01,CUS_0x83d7,0,30dpd_6mob,2024-01-01
CUS_0x83ef_2023_07_01,CUS_0x83ef,0,30dpd_6mob,2024-01-01
CUS_0x84b8_2023_07_01,CUS_0x84b8,1,30dpd_6mob,2024-01-01
CUS_0x84c3_2023_07_01,CUS_0x84c3,1,30dpd_6mob,2024-01-01
CUS_0x857f_2023_07_01,CUS_0x857f,0,30dpd_6mob,2024-01-01
CUS_0x85b_2023_07_01,CUS_0x85b,1,30dpd_6mob,2024-01-01
CUS_0x85cb_2023_07_01,CUS_0x85cb,0,30dpd_6mob,2024-01-01
CUS_0x8600_2023_07_01,CUS_0x8600,0,30dpd_6mob,2024-01-01
CUS_0x870d_2023_07_01,CUS_0x870d,1,30dpd_6mob,2024-01-01
CUS_0x870e_2023_07_01,CUS_0x870e,1,30dpd_6mob,2024-01-01
CUS_0x8783_2023_07_01,CUS_0x8783,0,30dpd_6mob,2024-01-01
CUS_0x87b6_2023_07_01,CUS_0x87b6,0,30dpd_6mob,2024-01-01
CUS_0x8841_2023_07_01,CUS_0x8841,0,30dpd_6mob,2024-01-01
CUS_0x8852_2023_07_01,CUS_0x8852,0,30dpd_6mob,2024-01-01
CUS_0x88e2_2023_07_01,CUS_0x88e2,1,30dpd_6mob,2024-01-01
CUS_0x8a78_2023_07_01,CUS_0x8a78,0,30dpd_6mob,2024-01-01
CUS_0x8ad9_2023_07_01,CUS_0x8ad9,1,30dpd_6mob,2024-01-01
CUS_0x8b29_2023_07_01,CUS_0x8b29,0,30dpd_6mob,2024-01-01
CUS_0x8b5f_2023_07_01,CUS_0x8b5f,0,30dpd_6mob,2024-01-01
CUS_0x8bd6_2023_07_01,CUS_0x8bd6,1,30dpd_6mob,2024-01-01
CUS_0x8c5a_2023_07_01,CUS_0x8c5a,1,30dpd_6mob,2024-01-01
CUS_0x8ce_2023_07_01,CUS_0x8ce,0,30dpd_6mob,2024-01-01
CUS_0x8ed4_2023_07_01,CUS_0x8ed4,0,30dpd_6mob,2024-01-01
CUS_0x8f25_2023_07_01,CUS_0x8f25,1,30dpd_6mob,2024-01-01
CUS_0x8f45_2023_07_01,CUS_0x8f45,0,30dpd_6mob,2024-01-01
CUS_0x8fa_2023_07_01,CUS_0x8fa,0,30dpd_6mob,2024-01-01
CUS_0x8fdd_2023_07_01,CUS_0x8fdd,0,30dpd_6mob,2024-01-01
CUS_0x908_2023_07_01,CUS_0x908,1,30dpd_6mob,2024-01-01
CUS_0x90be_2023_07_01,CUS_0x90be,0,30dpd_6mob,2024-01-01
CUS_0x90cf_2023_07_01,CUS_0x90cf,0,30dpd_6mob,2024-01-01
CUS_0x9138_2023_07_01,CUS_0x9138,0,30dpd_6mob,2024-01-01
CUS_0x9176_2023_07_01,CUS_0x9176,0,30dpd_6mob,2024-01-01
CUS_0x917d_2023_07_01,CUS_0x917d,0,30dpd_6mob,2024-01-01
CUS_0x9319_2023_07_01,CUS_0x9319,0,30dpd_6mob,2024-01-01
CUS_0x93f4_2023_07_01,CUS_0x93f4,1,30dpd_6mob,2024-01-01
CUS_0x942a_2023_07_01,CUS_0x942a,0,30dpd_6mob,2024-01-01
CUS_0x945f_2023_07_01,CUS_0x945f,0,30dpd_6mob,2024-01-01
CUS_0x946d_2023_07_01,CUS_0x946d,1,30dpd_6mob,2024-01-01
CUS_0x9495_2023_07_01,CUS_0x9495,1,30dpd_6mob,2024-01-01
CUS_0x94e8_2023_07_01,CUS_0x94e8,0,30dpd_6mob,2024-01-01
CUS_0x94f6_2023_07_01,CUS_0x94f6,0,30dpd_6mob,2024-01-01
CUS_0x960e_2023_07_01,CUS_0x960e,1,30dpd_6mob,2024-01-01
CUS_0x9619_2023_07_01,CUS_0x9619,0,30dpd_6mob,2024-01-01
CUS_0x9708_2023_07_01,CUS_0x9708,0,30dpd_6mob,2024-01-01
CUS_0x981_2023_07_01,CUS_0x981,0,30dpd_6mob,2024-01-01
CUS_0x98a_2023_07_01,CUS_0x98a,1,30dpd_6mob,2024-01-01
CUS_0x997a_2023_07_01,CUS_0x997a,0,30dpd_6mob,2024-01-01
CUS_0x99d9_2023_07_01,CUS_0x99d9,0,30dpd_6mob,2024-01-01
CUS_0x9a0f_2023_07_01,CUS_0x9a0f,1,30dpd_6mob,2024-01-01
CUS_0x9b7d_2023_07_01,CUS_0x9b7d,0,30dpd_6mob,2024-01-01
CUS_0x9b94_2023_07_01,CUS_0x9b94,0,30dpd_6mob,2024-01-01
CUS_0x9bb7_2023_07_01,CUS_0x9bb7,0,30dpd_6mob,2024-01-01
CUS_0x9bc4_2023_07_01,CUS_0x9bc4,1,30dpd_6mob,2024-01-01
CUS_0x9c14_2023_07_01,CUS_0x9c14,0,30dpd_6mob,2024-01-01
CUS_0x9c82_2023_07_01,CUS_0x9c82,0,30dpd_6mob,2024-01-01
CUS_0x9d36_2023_07_01,CUS_0x9d36,0,30dpd_6mob,2024-01-01
CUS_0x9d72_2023_07_01,CUS_0x9d72,0,30dpd_6mob,2024-01-01
CUS_0x9d7d_2023_07_01,CUS_0x9d7d,1,30dpd_6mob,2024-01-01
CUS_0x9d9a_2023_07_01,CUS_0x9d9a,0,30dpd_6mob,2024-01-01
CUS_0x9da2_2023_07_01,CUS_0x9da2,1,30dpd_6mob,2024-01-01
CUS_0x9dbe_2023_07_01,CUS_0x9dbe,0,30dpd_6mob,2024-01-01
CUS_0x9ddd_2023_07_01,CUS_0x9ddd,0,30dpd_6mob,2024-01-01
CUS_0x9e24_2023_07_01,CUS_0x9e24,0,30dpd_6mob,2024-01-01
CUS_0x9e5e_2023_07_01,CUS_0x9e5e,1,30dpd_6mob,2024-01-01
CUS_0x9ebf_2023_07_01,CUS_0x9ebf,1,30dpd_6mob,2024-01-01
CUS_0x9ecd_2023_07_01,CUS_0x9ecd,0,30dpd_6mob,2024-01-01
CUS_0x9f1f_2023_07_01,CUS_0x9f1f,0,30dpd_6mob,2024-01-01
CUS_0x9f2f_2023_07_01,CUS_0x9f2f,1,30dpd_6mob,2024-01-01
CUS_0x9fce_2023_07_01,CUS_0x9fce,1,30dpd_6mob,2024-01-01
CUS_0x9ff5_2023_07_01,CUS_0x9ff5,0,30dpd_6mob,2024-01-01
CUS_0xa008_2023_07_01,CUS_0xa008,0,30dpd_6mob,2024-01-01
CUS_0xa049_2023_07_01,CUS_0xa049,0,30dpd_6mob,2024-01-01
CUS_0xa05a_2023_07_01,CUS_0xa05a,1,30dpd_6mob,2024-01-01
CUS_0xa05f_2023_07_01,CUS_0xa05f,1,30dpd_6mob,2024-01-01
CUS_0xa08c_2023_07_01,CUS_0xa08c,0,30dpd_6mob,2024-01-01
CUS_0xa0f3_2023_07_01,CUS_0xa0f3,0,30dpd_6mob,2024-01-01
CUS_0xa153_2023_07_01,CUS_0xa153,0,30dpd_6mob,2024-01-01
CUS_0xa163_2023_07_01,CUS_0xa163,0,30dpd_6mob,2024-01-01
CUS_0xa235_2023_07_01,CUS_0xa235,1,30dpd_6mob,2024-01-01
CUS_0xa25a_2023_07_01,CUS_0xa25a,1,30dpd_6mob,2024-01-01
CUS_0xa2d2_2023_07_01,CUS_0xa2d2,0,30dpd_6mob,2024-01-01
CUS_0xa347_2023_07_01,CUS_0xa347,1,30dpd_6mob,2024-01-01
CUS_0xa396_2023_07_01,CUS_0xa396,0,30dpd_6mob,2024-01-01
CUS_0xa39c_2023_07_01,CUS_0xa39c,1,30dpd_6mob,2024-01-01
CUS_0xa3e4_2023_07_01,CUS_0xa3e4,0,30dpd_6mob,2024-01-01
CUS_0xa50e_2023_07_01,CUS_0xa50e,1,30dpd_6mob,2024-01-01
CUS_0xa5d1_2023_07_01,CUS_0xa5d1,0,30dpd_6mob,2024-01-01
CUS_0xa5f_2023_07_01,CUS_0xa5f,0,30dpd_6mob,2024-01-01
CUS_0xa60e_2023_07_01,CUS_0xa60e,0,30dpd_6mob,2024-01-01
CUS_0xa878_2023_07_01,CUS_0xa878,1,30dpd_6mob,2024-01-01
CUS_0xa9d9_2023_07_01,CUS_0xa9d9,1,30dpd_6mob,2024-01-01
CUS_0xab76_2023_07_01,CUS_0xab76,0,30dpd_6mob,2024-01-01
CUS_0xabc1_2023_07_01,CUS_0xabc1,0,30dpd_6mob,2024-01-01
CUS_0xabef_2023_07_01,CUS_0xabef,0,30dpd_6mob,2024-01-01
CUS_0xac16_2023_07_01,CUS_0xac16,0,30dpd_6mob,2024-01-01
CUS_0xac67_2023_07_01,CUS_0xac67,1,30dpd_6mob,2024-01-01
CUS_0xacd_2023_07_01,CUS_0xacd,1,30dpd_6mob,2024-01-01
CUS_0xacd6_2023_07_01,CUS_0xacd6,0,30dpd_6mob,2024-01-01
CUS_0xacd7_2023_07_01,CUS_0xacd7,1,30dpd_6mob,2024-01-01
CUS_0xacfc_2023_07_01,CUS_0xacfc,0,30dpd_6mob,2024-01-01
CUS_0xadee_2023_07_01,CUS_0xadee,0,30dpd_6mob,2024-01-01
CUS_0xae6c_2023_07_01,CUS_0xae6c,0,30dpd_6mob,2024-01-01
CUS_0xae82_2023_07_01,CUS_0xae82,0,30dpd_6mob,2024-01-01
CUS_0xaf0a_2023_07_01,CUS_0xaf0a,0,30dpd_6mob,2024-01-01
CUS_0xaf3a_2023_07_01,CUS_0xaf3a,1,30dpd_6mob,2024-01-01
CUS_0xafc0_2023_07_01,CUS_0xafc0,0,30dpd_6mob,2024-01-01
CUS_0xafed_2023_07_01,CUS_0xafed,0,30dpd_6mob,2024-01-01
CUS_0xaff7_2023_07_01,CUS_0xaff7,0,30dpd_6mob,2024-01-01
CUS_0xb018_2023_07_01,CUS_0xb018,0,30dpd_6mob,2024-01-01
CUS_0xb04b_2023_07_01,CUS_0xb04b,1,30dpd_6mob,2024-01-01
CUS_0xb183_2023_07_01,CUS_0xb183,0,30dpd_6mob,2024-01-01
CUS_0xb239_2023_07_01,CUS_0xb239,0,30dpd_6mob,2024-01-01
CUS_0xb2b5_2023_07_01,CUS_0xb2b5,0,30dpd_6mob,2024-01-01
CUS_0xb300_2023_07_01,CUS_0xb300,0,30dpd_6mob,2024-01-01
CUS_0xb380_2023_07_01,CUS_0xb380,1,30dpd_6mob,2024-01-01
CUS_0xb473_2023_07_01,CUS_0xb473,0,30dpd_6mob,2024-01-01
CUS_0xb483_2023_07_01,CUS_0xb483,0,30dpd_6mob,2024-01-01
CUS_0xb517_2023_07_01,CUS_0xb517,0,30dpd_6mob,2024-01-01
CUS_0xb51a_2023_07_01,CUS_0xb51a,0,30dpd_6mob,2024-01-01
CUS_0xb521_2023_07_01,CUS_0xb521,1,30dpd_6mob,2024-01-01
CUS_0xb586_2023_07_01,CUS_0xb586,0,30dpd_6mob,2024-01-01
CUS_0xb631_2023_07_01,CUS_0xb631,0,30dpd_6mob,2024-01-01
CUS_0xb650_2023_07_01,CUS_0xb650,1,30dpd_6mob,2024-01-01
CUS_0xb67f_2023_07_01,CUS_0xb67f,0,30dpd_6mob,2024-01-01
CUS_0xb6bc_2023_07_01,CUS_0xb6bc,1,30dpd_6mob,2024-01-01
CUS_0xb6d2_2023_07_01,CUS_0xb6d2,1,30dpd_6mob,2024-01-01
CUS_0xb7c_2023_07_01,CUS_0xb7c,1,30dpd_6mob,2024-01-01
CUS_0xb801_2023_07_01,CUS_0xb801,0,30dpd_6mob,2024-01-01
CUS_0xb83e_2023_07_01,CUS_0xb83e,0,30dpd_6mob,2024-01-01
CUS_0xb843_2023_07_01,CUS_0xb843,0,30dpd_6mob,2024-01-01
CUS_0xb903_2023_07_01,CUS_0xb903,0,30dpd_6mob,2024-01-01
CUS_0xb9a2_2023_07_01,CUS_0xb9a2,0,30dpd_6mob,2024-01-01
CUS_0xb9e0_2023_07_01,CUS_0xb9e0,1,30dpd_6mob,2024-01-01
CUS_0xba20_2023_07_01,CUS_0xba20,1,30dpd_6mob,2024-01-01
CUS_0xba94_2023_07_01,CUS_0xba94,0,30dpd_6mob,2024-01-01
CUS_0xbabe_2023_07_01,CUS_0xbabe,1,30dpd_6mob,2024-01-01
CUS_0xbace_2023_07_01,CUS_0xbace,0,30dpd_6mob,2024-01-01
CUS_0xbaf6_2023_07_01,CUS_0xbaf6,0,30dpd_6mob,2024-01-01
CUS_0xbafb_2023_07_01,CUS_0xbafb,0,30dpd_6mob,2024-01-01
CUS_0xbb18_2023_07_01,CUS_0xbb18,0,30dpd_6mob,2024-01-01
CUS_0xbb55_2023_07_01,CUS_0xbb55,1,30dpd_6mob,2024-01-01
CUS_0xbba_2023_07_01,CUS_0xbba,0,30dpd_6mob,2024-01-01
CUS_0xbba9_2023_07_01,CUS_0xbba9,1,30dpd_6mob,2024-01-01
CUS_0xbc14_2023_07_01,CUS_0xbc14,1,30dpd_6mob,2024-01-01
CUS_0xbca1_2023_07_01,CUS_0xbca1,0,30dpd_6mob,2024-01-01
CUS_0xbd75_2023_07_01,CUS_0xbd75,0,30dpd_6mob,2024-01-01
CUS_0xbdcd_2023_07_01,CUS_0xbdcd,0,30dpd_6mob,2024-01-01
CUS_0xbe2_2023_07_01,CUS_0xbe2,0,30dpd_6mob,2024-01-01
CUS_0xbe22_2023_07_01,CUS_0xbe22,0,30dpd_6mob,2024-01-01
CUS_0xbe25_2023_07_01,CUS_0xbe25,0,30dpd_6mob,2024-01-01
CUS_0xbe3_2023_07_01,CUS_0xbe3,0,30dpd_6mob,2024-01-01
CUS_0xbe4b_2023_07_01,CUS_0xbe4b,0,30dpd_6mob,2024-01-01
CUS_0xbf8_2023_07_01,CUS_0xbf8,0,30dpd_6mob,2024-01-01
CUS_0xc007_2023_07_01,CUS_0xc007,0,30dpd_6mob,2024-01-01
CUS_0xc00a_2023_07_01,CUS_0xc00a,0,30dpd_6mob,2024-01-01
CUS_0xc044_2023_07_01,CUS_0xc044,0,30dpd_6mob,2024-01-01
CUS_0xc1b8_2023_07_01,CUS_0xc1b8,1,30dpd_6mob,2024-01-01
CUS_0xc1cc_2023_07_01,CUS_0xc1cc,0,30dpd_6mob,2024-01-01
CUS_0xc2ba_2023_07_01,CUS_0xc2ba,0,30dpd_6mob,2024-01-01
CUS_0xc345_2023_07_01,CUS_0xc345,0,30dpd_6mob,2024-01-01
CUS_0xc362_2023_07_01,CUS_0xc362,1,30dpd_6mob,2024-01-01
CUS_0xc39e_2023_07_01,CUS_0xc39e,0,30dpd_6mob,2024-01-01
CUS_0xc3b7_2023_07_01,CUS_0xc3b7,1,30dpd_6mob,2024-01-01
CUS_0xc40f_2023_07_01,CUS_0xc40f,1,30dpd_6mob,2024-01-01
CUS_0xc47b_2023_07_01,CUS_0xc47b,1,30dpd_6mob,2024-01-01
CUS_0xc48a_2023_07_01,CUS_0xc48a,0,30dpd_6mob,2024-01-01
CUS_0xc4b0_2023_07_01,CUS_0xc4b0,0,30dpd_6mob,2024-01-01
CUS_0xc516_2023_07_01,CUS_0xc516,0,30dpd_6mob,2024-01-01
CUS_0xc55b_2023_07_01,CUS_0xc55b,1,30dpd_6mob,2024-01-01
CUS_0xc5a4_2023_07_01,CUS_0xc5a4,1,30dpd_6mob,2024-01-01
CUS_0xc62c_2023_07_01,CUS_0xc62c,0,30dpd_6mob,2024-01-01
CUS_0xc651_2023_07_01,CUS_0xc651,0,30dpd_6mob,2024-01-01
CUS_0xc692_2023_07_01,CUS_0xc692,1,30dpd_6mob,2024-01-01
CUS_0xc6f2_2023_07_01,CUS_0xc6f2,0,30dpd_6mob,2024-01-01
CUS_0xc715_2023_07_01,CUS_0xc715,1,30dpd_6mob,2024-01-01
CUS_0xcb3_2023_07_01,CUS_0xcb3,0,30dpd_6mob,2024-01-01
CUS_0xccf_2023_07_01,CUS_0xccf,1,30dpd_6mob,2024-01-01
CUS_0xd25_2023_07_01,CUS_0xd25,0,30dpd_6mob,2024-01-01
CUS_0xd39_2023_07_01,CUS_0xd39,0,30dpd_6mob,2024-01-01
CUS_0xe05_2023_07_01,CUS_0xe05,1,30dpd_6mob,2024-01-01
CUS_0xe2a_2023_07_01,CUS_0xe2a,0,30dpd_6mob,2024-01-01
CUS_0xe34_2023_07_01,CUS_0xe34,0,30dpd_6mob,2024-01-01
CUS_0xe60_2023_07_01,CUS_0xe60,0,30dpd_6mob,2024-01-01
CUS_0xeb0_2023_07_01,CUS_0xeb0,0,30dpd_6mob,2024-01-01
CUS_0xebd_2023_07_01,CUS_0xebd,1,30dpd_6mob,2024-01-01
CUS_0xf2e_2023_07_01,CUS_0xf2e,0,30dpd_6mob,2024-01-01
CUS_0xf5d_2023_07_01,CUS_0xf5d,1,30dpd_6mob,2024-01-01
CUS_0xf8f_2023_07_01,CUS_0xf8f,1,30dpd_6mob,2024-01-01
CUS_0xfaa_2023_07_01,CUS_0xfaa,0,30dpd_6mob,2024-01-01
CUS_0xfb8_2023_07_01,CUS_0xfb8,0,30dpd_6mob,2024-01-01
CUS_0x1057_2023_09_01,CUS_0x1057,0,30dpd_6mob,2024-03-01
CUS_0x1169_2023_09_01,CUS_0x1169,0,30dpd_6mob,2024-03-01
CUS_0x117d_2023_09_01,CUS_0x117d,0,30dpd_6mob,2024-03-01
CUS_0x1182_2023_09_01,CUS_0x1182,0,30dpd_6mob,2024-03-01
CUS_0x11c6_2023_09_01,CUS_0x11c6,0,30dpd_6mob,2024-03-01
CUS_0x1246_2023_09_01,CUS_0x1246,1,30dpd_6mob,2024-03-01
CUS_0x12bf_2023_09_01,CUS_0x12bf,0,30dpd_6mob,2024-03-01
CUS_0x12ec_2023_09_01,CUS_0x12ec,1,30dpd_6mob,2024-03-01
CUS_0x1330_2023_09_01,CUS_0x1330,1,30dpd_6mob,2024-03-01
CUS_0x141c_2023_09_01,CUS_0x141c,0,30dpd_6mob,2024-03-01
CUS_0x1430_2023_09_01,CUS_0x1430,0,30dpd_6mob,2024-03-01
CUS_0x14d1_2023_09_01,CUS_0x14d1,1,30dpd_6mob,2024-03-01
CUS_0x14de_2023_09_01,CUS_0x14de,0,30dpd_6mob,2024-03-01
CUS_0x14e5_2023_09_01,CUS_0x14e5,1,30dpd_6mob,2024-03-01
CUS_0x1619_2023_09_01,CUS_0x1619,1,30dpd_6mob,2024-03-01
CUS_0x1666_2023_09_01,CUS_0x1666,0,30dpd_6mob,2024-03-01
CUS_0x16f8_2023_09_01,CUS_0x16f8,0,30dpd_6mob,2024-03-01
CUS_0x180a_2023_09_01,CUS_0x180a,0,30dpd_6mob,2024-03-01
CUS_0x18e2_2023_09_01,CUS_0x18e2,0,30dpd_6mob,2024-03-01
CUS_0x1938_2023_09_01,CUS_0x1938,0,30dpd_6mob,2024-03-01
CUS_0x1abc_2023_09_01,CUS_0x1abc,0,30dpd_6mob,2024-03-01
CUS_0x1be2_2023_09_01,CUS_0x1be2,0,30dpd_6mob,2024-03-01
CUS_0x1c70_2023_09_01,CUS_0x1c70,0,30dpd_6mob,2024-03-01
CUS_0x1c89_2023_09_01,CUS_0x1c89,0,30dpd_6mob,2024-03-01
CUS_0x1ccf_2023_09_01,CUS_0x1ccf,1,30dpd_6mob,2024-03-01
CUS_0x1d56_2023_09_01,CUS_0x1d56,1,30dpd_6mob,2024-03-01
CUS_0x1d64_2023_09_01,CUS_0x1d64,0,30dpd_6mob,2024-03-01
CUS_0x1d86_2023_09_01,CUS_0x1d86,0,30dpd_6mob,2024-03-01
CUS_0x1e46_2023_09_01,CUS_0x1e46,1,30dpd_6mob,2024-03-01
CUS_0x1f2c_2023_09_01,CUS_0x1f2c,0,30dpd_6mob,2024-03-01
CUS_0x1f60_2023_09_01,CUS_0x1f60,1,30dpd_6mob,2024-03-01
CUS_0x1fa0_2023_09_01,CUS_0x1fa0,0,30dpd_6mob,2024-03-01
CUS_0x2002_2023_09_01,CUS_0x2002,0,30dpd_6mob,2024-03-01
CUS_0x206b_2023_09_01,CUS_0x206b,1,30dpd_6mob,2024-03-01
CUS_0x210d_2023_09_01,CUS_0x210d,0,30dpd_6mob,2024-03-01
CUS_0x215d_2023_09_01,CUS_0x215d,0,30dpd_6mob,2024-03-01
CUS_0x219c_2023_09_01,CUS_0x219c,1,30dpd_6mob,2024-03-01
CUS_0x21cd_2023_09_01,CUS_0x21cd,0,30dpd_6mob,2024-03-01
CUS_0x21f7_2023_09_01,CUS_0x21f7,0,30dpd_6mob,2024-03-01
CUS_0x2217_2023_09_01,CUS_0x2217,0,30dpd_6mob,2024-03-01
CUS_0x23bf_2023_09_01,CUS_0x23bf,0,30dpd_6mob,2024-03-01
CUS_0x2441_2023_09_01,CUS_0x2441,1,30dpd_6mob,2024-03-01
CUS_0x2488_2023_09_01,CUS_0x2488,0,30dpd_6mob,2024-03-01
CUS_0x2491_2023_09_01,CUS_0x2491,1,30dpd_6mob,2024-03-01
CUS_0x24bf_2023_09_01,CUS_0x24bf,0,30dpd_6mob,2024-03-01
CUS_0x24f1_2023_09_01,CUS_0x24f1,0,30dpd_6mob,2024-03-01
CUS_0x251a_2023_09_01,CUS_0x251a,0,30dpd_6mob,2024-03-01
CUS_0x2584_2023_09_01,CUS_0x2584,0,30dpd_6mob,2024-03-01
CUS_0x2637_2023_09_01,CUS_0x2637,0,30dpd_6mob,2024-03-01
CUS_0x271b_2023_09_01,CUS_0x271b,0,30dpd_6mob,2024-03-01
CUS_0x2746_2023_09_01,CUS_0x2746,0,30dpd_6mob,2024-03-01
CUS_0x27a3_2023_09_01,CUS_0x27a3,0,30dpd_6mob,2024-03-01
CUS_0x2913_2023_09_01,CUS_0x2913,0,30dpd_6mob,2024-03-01
CUS_0x297f_2023_09_01,CUS_0x297f,1,30dpd_6mob,2024-03-01
CUS_0x29b4_2023_09_01,CUS_0x29b4,0,30dpd_6mob,2024-03-01
CUS_0x29e1_2023_09_01,CUS_0x29e1,1,30dpd_6mob,2024-03-01
CUS_0x29f9_2023_09_01,CUS_0x29f9,0,30dpd_6mob,2024-03-01
CUS_0x2a25_2023_09_01,CUS_0x2a25,0,30dpd_6mob,2024-03-01
CUS_0x2a61_2023_09_01,CUS_0x2a61,1,30dpd_6mob,2024-03-01
CUS_0x2ac8_2023_09_01,CUS_0x2ac8,0,30dpd_6mob,2024-03-01
CUS_0x2aed_2023_09_01,CUS_0x2aed,0,30dpd_6mob,2024-03-01
CUS_0x2b29_2023_09_01,CUS_0x2b29,1,30dpd_6mob,2024-03-01
CUS_0x2b60_2023_09_01,CUS_0x2b60,1,30dpd_6mob,2024-03-01
CUS_0x2b77_2023_09_01,CUS_0x2b77,0,30dpd_6mob,2024-03-01
CUS_0x2bc0_2023_09_01,CUS_0x2bc0,0,30dpd_6mob,2024-03-01
CUS_0x2bf1_2023_09_01,CUS_0x2bf1,0,30dpd_6mob,2024-03-01
CUS_0x2c14_2023_09_01,CUS_0x2c14,1,30dpd_6mob,2024-03-01
CUS_0x2c81_2023_09_01,CUS_0x2c81,0,30dpd_6mob,2024-03-01
CUS_0x2c9f_2023_09_01,CUS_0x2c9f,0,30dpd_6mob,2024-03-01
CUS_0x2ca3_2023_09_01,CUS_0x2ca3,1,30dpd_6mob,2024-03-01
CUS_0x2d50_2023_09_01,CUS_0x2d50,0,30dpd_6mob,2024-03-01
CUS_0x2d76_2023_09_01,CUS_0x2d76,0,30dpd_6mob,2024-03-01
CUS_0x2ee6_2023_09_01,CUS_0x2ee6,0,30dpd_6mob,2024-03-01
CUS_0x2f39_2023_09_01,CUS_0x2f39,1,30dpd_6mob,2024-03-01
CUS_0x2fb7_2023_09_01,CUS_0x2fb7,0,30dpd_6mob,2024-03-01
CUS_0x2fbe_2023_09_01,CUS_0x2fbe,0,30dpd_6mob,2024-03-01
CUS_0x302d_2023_09_01,CUS_0x302d,1,30dpd_6mob,2024-03-01
CUS_0x30a3_2023_09_01,CUS_0x30a3,0,30dpd_6mob,2024-03-01
CUS_0x3141_2023_09_01,CUS_0x3141,0,30dpd_6mob,2024-03-01
CUS_0x318e_2023_09_01,CUS_0x318e,0,30dpd_6mob,2024-03-01
CUS_0x3263_2023_09_01,CUS_0x3263,0,30dpd_6mob,2024-03-01
CUS_0x329f_2023_09_01,CUS_0x329f,0,30dpd_6mob,2024-03-01
CUS_0x32a1_2023_09_01,CUS_0x32a1,0,30dpd_6mob,2024-03-01
CUS_0x32f5_2023_09_01,CUS_0x32f5,0,30dpd_6mob,2024-03-01
CUS_0x3377_2023_09_01,CUS_0x3377,0,30dpd_6mob,2024-03-01
CUS_0x346e_2023_09_01,CUS_0x346e,0,30dpd_6mob,2024-03-01
CUS_0x34a3_2023_09_01,CUS_0x34a3,0,30dpd_6mob,2024-03-01
CUS_0x3561_2023_09_01,CUS_0x3561,1,30dpd_6mob,2024-03-01
CUS_0x35f3_2023_09_01,CUS_0x35f3,0,30dpd_6mob,2024-03-01
CUS_0x3663_2023_09_01,CUS_0x3663,0,30dpd_6mob,2024-03-01
CUS_0x36fb_2023_09_01,CUS_0x36fb,1,30dpd_6mob,2024-03-01
CUS_0x37a4_2023_09_01,CUS_0x37a4,1,30dpd_6mob,2024-03-01
CUS_0x37dd_2023_09_01,CUS_0x37dd,0,30dpd_6mob,2024-03-01
CUS_0x37f4_2023_09_01,CUS_0x37f4,1,30dpd_6mob,2024-03-01
CUS_0x380f_2023_09_01,CUS_0x380f,1,30dpd_6mob,2024-03-01
CUS_0x3813_2023_09_01,CUS_0x3813,0,30dpd_6mob,2024-03-01
CUS_0x385a_2023_09_01,CUS_0x385a,0,30dpd_6mob,2024-03-01
CUS_0x3881_2023_09_01,CUS_0x3881,0,30dpd_6mob,2024-03-01
CUS_0x3911_2023_09_01,CUS_0x3911,0,30dpd_6mob,2024-03-01
CUS_0x3943_2023_09_01,CUS_0x3943,0,30dpd_6mob,2024-03-01
CUS_0x396d_2023_09_01,CUS_0x396d,0,30dpd_6mob,2024-03-01
CUS_0x39f8_2023_09_01,CUS_0x39f8,0,30dpd_6mob,2024-03-01
CUS_0x3acd_2023_09_01,CUS_0x3acd,1,30dpd_6mob,2024-03-01
CUS_0x3ad4_2023_09_01,CUS_0x3ad4,0,30dpd_6mob,2024-03-01
CUS_0x3b32_2023_09_01,CUS_0x3b32,0,30dpd_6mob,2024-03-01
CUS_0x3b59_2023_09_01,CUS_0x3b59,0,30dpd_6mob,2024-03-01
CUS_0x3b72_2023_09_01,CUS_0x3b72,0,30dpd_6mob,2024-03-01
CUS_0x3c63_2023_09_01,CUS_0x3c63,0,30dpd_6mob,2024-03-01
CUS_0x3d22_2023_09_01,CUS_0x3d22,1,30dpd_6mob,2024-03-01
CUS_0x3e03_2023_09_01,CUS_0x3e03,0,30dpd_6mob,2024-03-01
CUS_0x3e37_2023_09_01,CUS_0x3e37,0,30dpd_6mob,2024-03-01
CUS_0x3e4b_2023_09_01,CUS_0x3e4b,0,30dpd_6mob,2024-03-01
CUS_0x3fb_2023_09_01,CUS_0x3fb,0,30dpd_6mob,2024-03-01
CUS_0x4083_2023_09_01,CUS_0x4083,0,30dpd_6mob,2024-03-01
CUS_0x40d9_2023_09_01,CUS_0x40d9,0,30dpd_6mob,2024-03-01
CUS_0x4241_2023_09_01,CUS_0x4241,0,30dpd_6mob,2024-03-01
CUS_0x4285_2023_09_01,CUS_0x4285,0,30dpd_6mob,2024-03-01
CUS_0x42eb_2023_09_01,CUS_0x42eb,1,30dpd_6mob,2024-03-01
CUS_0x4328_2023_09_01,CUS_0x4328,0,30dpd_6mob,2024-03-01
CUS_0x4498_2023_09_01,CUS_0x4498,0,30dpd_6mob,2024-03-01
CUS_0x44b8_2023_09_01,CUS_0x44b8,0,30dpd_6mob,2024-03-01
CUS_0x450_2023_09_01,CUS_0x450,0,30dpd_6mob,2024-03-01
CUS_0x4534_2023_09_01,CUS_0x4534,0,30dpd_6mob,2024-03-01
CUS_0x45c0_2023_09_01,CUS_0x45c0,0,30dpd_6mob,2024-03-01
CUS_0x4711_2023_09_01,CUS_0x4711,0,30dpd_6mob,2024-03-01
CUS_0x473a_2023_09_01,CUS_0x473a,1,30dpd_6mob,2024-03-01
CUS_0x473f_2023_09_01,CUS_0x473f,0,30dpd_6mob,2024-03-01
CUS_0x4767_2023_09_01,CUS_0x4767,0,30dpd_6mob,2024-03-01
CUS_0x4771_2023_09_01,CUS_0x4771,1,30dpd_6mob,2024-03-01
CUS_0x47ed_2023_09_01,CUS_0x47ed,0,30dpd_6mob,2024-03-01
CUS_0x48ca_2023_09_01,CUS_0x48ca,0,30dpd_6mob,2024-03-01
CUS_0x499d_2023_09_01,CUS_0x499d,0,30dpd_6mob,2024-03-01
CUS_0x4a79_2023_09_01,CUS_0x4a79,0,30dpd_6mob,2024-03-01
CUS_0x4a88_2023_09_01,CUS_0x4a88,0,30dpd_6mob,2024-03-01
CUS_0x4a91_2023_09_01,CUS_0x4a91,1,30dpd_6mob,2024-03-01
CUS_0x4ad9_2023_09_01,CUS_0x4ad9,1,30dpd_6mob,2024-03-01
CUS_0x4b2e_2023_09_01,CUS_0x4b2e,0,30dpd_6mob,2024-03-01
CUS_0x4ba7_2023_09_01,CUS_0x4ba7,0,30dpd_6mob,2024-03-01
CUS_0x4c56_2023_09_01,CUS_0x4c56,0,30dpd_6mob,2024-03-01
CUS_0x4c6b_2023_09_01,CUS_0x4c6b,0,30dpd_6mob,2024-03-01
CUS_0x4cad_2023_09_01,CUS_0x4cad,1,30dpd_6mob,2024-03-01
CUS_0x4cb4_2023_09_01,CUS_0x4cb4,0,30dpd_6mob,2024-03-01
CUS_0x4d7e_2023_09_01,CUS_0x4d7e,0,30dpd_6mob,2024-03-01
CUS_0x4dff_2023_09_01,CUS_0x4dff,0,30dpd_6mob,2024-03-01
CUS_0x4e0d_2023_09_01,CUS_0x4e0d,1,30dpd_6mob,2024-03-01
CUS_0x4e5_2023_09_01,CUS_0x4e5,0,30dpd_6mob,2024-03-01
CUS_0x4e60_2023_09_01,CUS_0x4e60,1,30dpd_6mob,2024-03-01
CUS_0x4ebb_2023_09_01,CUS_0x4ebb,1,30dpd_6mob,2024-03-01
CUS_0x4f65_2023_09_01,CUS_0x4f65,0,30dpd_6mob,2024-03-01
CUS_0x4f7d_2023_09_01,CUS_0x4f7d,0,30dpd_6mob,2024-03-01
CUS_0x4fd2_2023_09_01,CUS_0x4fd2,0,30dpd_6mob,2024-03-01
CUS_0x5097_2023_09_01,CUS_0x5097,0,30dpd_6mob,2024-03-01
CUS_0x50a2_2023_09_01,CUS_0x50a2,0,30dpd_6mob,2024-03-01
CUS_0x50b5_2023_09_01,CUS_0x50b5,1,30dpd_6mob,2024-03-01
CUS_0x50b9_2023_09_01,CUS_0x50b9,0,30dpd_6mob,2024-03-01
CUS_0x5117_2023_09_01,CUS_0x5117,1,30dpd_6mob,2024-03-01
CUS_0x511c_2023_09_01,CUS_0x511c,1,30dpd_6mob,2024-03-01
CUS_0x5198_2023_09_01,CUS_0x5198,1,30dpd_6mob,2024-03-01
CUS_0x51b4_2023_09_01,CUS_0x51b4,1,30dpd_6mob,2024-03-01
CUS_0x5292_2023_09_01,CUS_0x5292,0,30dpd_6mob,2024-03-01
CUS_0x534a_2023_09_01,CUS_0x534a,0,30dpd_6mob,2024-03-01
CUS_0x5360_2023_09_01,CUS_0x5360,1,30dpd_6mob,2024-03-01
CUS_0x544a_2023_09_01,CUS_0x544a,0,30dpd_6mob,2024-03-01
CUS_0x545e_2023_09_01,CUS_0x545e,0,30dpd_6mob,2024-03-01
CUS_0x54c0_2023_09_01,CUS_0x54c0,0,30dpd_6mob,2024-03-01
CUS_0x54fd_2023_09_01,CUS_0x54fd,0,30dpd_6mob,2024-03-01
CUS_0x5502_2023_09_01,CUS_0x5502,0,30dpd_6mob,2024-03-01
CUS_0x5578_2023_09_01,CUS_0x5578,0,30dpd_6mob,2024-03-01
CUS_0x5602_2023_09_01,CUS_0x5602,1,30dpd_6mob,2024-03-01
CUS_0x5604_2023_09_01,CUS_0x5604,0,30dpd_6mob,2024-03-01
CUS_0x5607_2023_09_01,CUS_0x5607,1,30dpd_6mob,2024-03-01
CUS_0x5632_2023_09_01,CUS_0x5632,0,30dpd_6mob,2024-03-01
CUS_0x5647_2023_09_01,CUS_0x5647,0,30dpd_6mob,2024-03-01
CUS_0x56b4_2023_09_01,CUS_0x56b4,0,30dpd_6mob,2024-03-01
CUS_0x56bd_2023_09_01,CUS_0x56bd,0,30dpd_6mob,2024-03-01
CUS_0x56d1_2023_09_01,CUS_0x56d1,0,30dpd_6mob,2024-03-01
CUS_0x56d3_2023_09_01,CUS_0x56d3,1,30dpd_6mob,2024-03-01
CUS_0x5704_2023_09_01,CUS_0x5704,0,30dpd_6mob,2024-03-01
CUS_0x572_2023_09_01,CUS_0x572,0,30dpd_6mob,2024-03-01
CUS_0x576d_2023_09_01,CUS_0x576d,1,30dpd_6mob,2024-03-01
CUS_0x589a_2023_09_01,CUS_0x589a,0,30dpd_6mob,2024-03-01
CUS_0x58ea_2023_09_01,CUS_0x58ea,0,30dpd_6mob,2024-03-01
CUS_0x5952_2023_09_01,CUS_0x5952,1,30dpd_6mob,2024-03-01
CUS_0x599e_2023_09_01,CUS_0x599e,0,30dpd_6mob,2024-03-01
CUS_0x5ae3_2023_09_01,CUS_0x5ae3,0,30dpd_6mob,2024-03-01
CUS_0x5af5_2023_09_01,CUS_0x5af5,1,30dpd_6mob,2024-03-01
CUS_0x5b04_2023_09_01,CUS_0x5b04,0,30dpd_6mob,2024-03-01
CUS_0x5b25_2023_09_01,CUS_0x5b25,1,30dpd_6mob,2024-03-01
CUS_0x5cfd_2023_09_01,CUS_0x5cfd,0,30dpd_6mob,2024-03-01
CUS_0x5dc2_2023_09_01,CUS_0x5dc2,0,30dpd_6mob,2024-03-01
CUS_0x5e73_2023_09_01,CUS_0x5e73,0,30dpd_6mob,2024-03-01
CUS_0x5f89_2023_09_01,CUS_0x5f89,0,30dpd_6mob,2024-03-01
CUS_0x5fec_2023_09_01,CUS_0x5fec,0,30dpd_6mob,2024-03-01
CUS_0x6048_2023_09_01,CUS_0x6048,1,30dpd_6mob,2024-03-01
CUS_0x60c8_2023_09_01,CUS_0x60c8,0,30dpd_6mob,2024-03-01
CUS_0x6112_2023_09_01,CUS_0x6112,0,30dpd_6mob,2024-03-01
CUS_0x617c_2023_09_01,CUS_0x617c,1,30dpd_6mob,2024-03-01
CUS_0x6207_2023_09_01,CUS_0x6207,0,30dpd_6mob,2024-03-01
CUS_0x6277_2023_09_01,CUS_0x6277,1,30dpd_6mob,2024-03-01
CUS_0x62a6_2023_09_01,CUS_0x62a6,0,30dpd_6mob,2024-03-01
CUS_0x6347_2023_09_01,CUS_0x6347,0,30dpd_6mob,2024-03-01
CUS_0x639_2023_09_01,CUS_0x639,0,30dpd_6mob,2024-03-01
CUS_0x63c3_2023_09_01,CUS_0x63c3,0,30dpd_6mob,2024-03-01
CUS_0x6427_2023_09_01,CUS_0x6427,0,30dpd_6mob,2024-03-01
CUS_0x6468_2023_09_01,CUS_0x6468,0,30dpd_6mob,2024-03-01
CUS_0x64d4_2023_09_01,CUS_0x64d4,0,30dpd_6mob,2024-03-01
CUS_0x652f_2023_09_01,CUS_0x652f,0,30dpd_6mob,2024-03-01
CUS_0x6569_2023_09_01,CUS_0x6569,0,30dpd_6mob,2024-03-01
CUS_0x65b1_2023_09_01,CUS_0x65b1,1,30dpd_6mob,2024-03-01
CUS_0x65bd_2023_09_01,CUS_0x65bd,1,30dpd_6mob,2024-03-01
CUS_0x661b_2023_09_01,CUS_0x661b,0,30dpd_6mob,2024-03-01
CUS_0x666b_2023_09_01,CUS_0x666b,0,30dpd_6mob,2024-03-01
CUS_0x6683_2023_09_01,CUS_0x6683,0,30dpd_6mob,2024-03-01
CUS_0x67dc_2023_09_01,CUS_0x67dc,0,30dpd_6mob,2024-03-01
CUS_0x682b_2023_09_01,CUS_0x682b,0,30dpd_6mob,2024-03-01
CUS_0x684a_2023_09_01,CUS_0x684a,0,30dpd_6mob,2024-03-01
CUS_0x68e1_2023_09_01,CUS_0x68e1,0,30dpd_6mob,2024-03-01
CUS_0x6c58_2023_09_01,CUS_0x6c58,0,30dpd_6mob,2024-03-01
CUS_0x6c8e_2023_09_01,CUS_0x6c8e,0,30dpd_6mob,2024-03-01
CUS_0x6cf6_2023_09_01,CUS_0x6cf6,0,30dpd_6mob,2024-03-01
CUS_0x6e35_2023_09_01,CUS_0x6e35,1,30dpd_6mob,2024-03-01
CUS_0x6e43_2023_09_01,CUS_0x6e43,0,30dpd_6mob,2024-03-01
CUS_0x6e6c_2023_09_01,CUS_0x6e6c,0,30dpd_6mob,2024-03-01
CUS_0x6eb3_2023_09_01,CUS_0x6eb3,0,30dpd_6mob,2024-03-01
CUS_0x6f0b_2023_09_01,CUS_0x6f0b,0,30dpd_6mob,2024-03-01
CUS_0x6f7b_2023_09_01,CUS_0x6f7b,0,30dpd_6mob,2024-03-01
CUS_0x6f88_2023_09_01,CUS_0x6f88,1,30dpd_6mob,2024-03-01
CUS_0x6fb4_2023_09_01,CUS_0x6fb4,0,30dpd_6mob,2024-03-01
CUS_0x6fbb_2023_09_01,CUS_0x6fbb,0,30dpd_6mob,2024-03-01
CUS_0x7029_2023_09_01,CUS_0x7029,0,30dpd_6mob,2024-03-01
CUS_0x7148_2023_09_01,CUS_0x7148,0,30dpd_6mob,2024-03-01
CUS_0x71e0_2023_09_01,CUS_0x71e0,0,30dpd_6mob,2024-03-01
CUS_0x7278_2023_09_01,CUS_0x7278,1,30dpd_6mob,2024-03-01
CUS_0x72a0_2023_09_01,CUS_0x72a0,0,30dpd_6mob,2024-03-01
CUS_0x73b3_2023_09_01,CUS_0x73b3,1,30dpd_6mob,2024-03-01
CUS_0x741_2023_09_01,CUS_0x741,0,30dpd_6mob,2024-03-01
CUS_0x7459_2023_09_01,CUS_0x7459,0,30dpd_6mob,2024-03-01
CUS_0x74a6_2023_09_01,CUS_0x74a6,0,30dpd_6mob,2024-03-01
CUS_0x74c_2023_09_01,CUS_0x74c,0,30dpd_6mob,2024-03-01
CUS_0x7547_2023_09_01,CUS_0x7547,1,30dpd_6mob,2024-03-01
CUS_0x7558_2023_09_01,CUS_0x7558,0,30dpd_6mob,2024-03-01
CUS_0x75a0_2023_09_01,CUS_0x75a0,0,30dpd_6mob,2024-03-01
CUS_0x75d3_2023_09_01,CUS_0x75d3,0,30dpd_6mob,2024-03-01
CUS_0x75fb_2023_09_01,CUS_0x75fb,1,30dpd_6mob,2024-03-01
CUS_0x765b_2023_09_01,CUS_0x765b,0,30dpd_6mob,2024-03-01
CUS_0x7694_2023_09_01,CUS_0x7694,1,30dpd_6mob,2024-03-01
CUS_0x77ac_2023_09_01,CUS_0x77ac,1,30dpd_6mob,2024-03-01
CUS_0x77f6_2023_09_01,CUS_0x77f6,0,30dpd_6mob,2024-03-01
CUS_0x7801_2023_09_01,CUS_0x7801,0,30dpd_6mob,2024-03-01
CUS_0x781a_2023_09_01,CUS_0x781a,0,30dpd_6mob,2024-03-01
CUS_0x789f_2023_09_01,CUS_0x789f,1,30dpd_6mob,2024-03-01
CUS_0x78bf_2023_09_01,CUS_0x78bf,1,30dpd_6mob,2024-03-01
CUS_0x797_2023_09_01,CUS_0x797,0,30dpd_6mob,2024-03-01
CUS_0x79b8_2023_09_01,CUS_0x79b8,1,30dpd_6mob,2024-03-01
CUS_0x7ad8_2023_09_01,CUS_0x7ad8,1,30dpd_6mob,2024-03-01
CUS_0x7b2f_2023_09_01,CUS_0x7b2f,0,30dpd_6mob,2024-03-01
CUS_0x7bee_2023_09_01,CUS_0x7bee,0,30dpd_6mob,2024-03-01
CUS_0x7c68_2023_09_01,CUS_0x7c68,0,30dpd_6mob,2024-03-01
CUS_0x7d3b_2023_09_01,CUS_0x7d3b,0,30dpd_6mob,2024-03-01
CUS_0x7d48_2023_09_01,CUS_0x7d48,1,30dpd_6mob,2024-03-01
CUS_0x7d8a_2023_09_01,CUS_0x7d8a,1,30dpd_6mob,2024-03-01
CUS_0x7dee_2023_09_01,CUS_0x7dee,0,30dpd_6mob,2024-03-01
CUS_0x7e0f_2023_09_01,CUS_0x7e0f,0,30dpd_6mob,2024-03-01
CUS_0x7e3f_2023_09_01,CUS_0x7e3f,0,30dpd_6mob,2024-03-01
CUS_0x7e67_2023_09_01,CUS_0x7e67,0,30dpd_6mob,2024-03-01
CUS_0x7e6f_2023_09_01,CUS_0x7e6f,0,30dpd_6mob,2024-03-01
CUS_0x7f07_2023_09_01,CUS_0x7f07,0,30dpd_6mob,2024-03-01
CUS_0x80c0_2023_09_01,CUS_0x80c0,0,30dpd_6mob,2024-03-01
CUS_0x8167_2023_09_01,CUS_0x8167,0,30dpd_6mob,2024-03-01
CUS_0x81d4_2023_09_01,CUS_0x81d4,0,30dpd_6mob,2024-03-01
CUS_0x82cb_2023_09_01,CUS_0x82cb,1,30dpd_6mob,2024-03-01
CUS_0x8459_2023_09_01,CUS_0x8459,0,30dpd_6mob,2024-03-01
CUS_0x8558_2023_09_01,CUS_0x8558,0,30dpd_6mob,2024-03-01
CUS_0x8568_2023_09_01,CUS_0x8568,0,30dpd_6mob,2024-03-01
CUS_0x856c_2023_09_01,CUS_0x856c,1,30dpd_6mob,2024-03-01
CUS_0x8593_2023_09_01,CUS_0x8593,0,30dpd_6mob,2024-03-01
CUS_0x867e_2023_09_01,CUS_0x867e,1,30dpd_6mob,2024-03-01
CUS_0x869_2023_09_01,CUS_0x869,0,30dpd_6mob,2024-03-01
CUS_0x86aa_2023_09_01,CUS_0x86aa,0,30dpd_6mob,2024-03-01
CUS_0x87b8_2023_09_01,CUS_0x87b8,0,30dpd_6mob,2024-03-01
CUS_0x87f0_2023_09_01,CUS_0x87f0,0,30dpd_6mob,2024-03-01
CUS_0x8816_2023_09_01,CUS_0x8816,0,30dpd_6mob,2024-03-01
CUS_0x884a_2023_09_01,CUS_0x884a,0,30dpd_6mob,2024-03-01
CUS_0x8880_2023_09_01,CUS_0x8880,0,30dpd_6mob,2024-03-01
CUS_0x8888_2023_09_01,CUS_0x8888,0,30dpd_6mob,2024-03-01
CUS_0x88a0_2023_09_01,CUS_0x88a0,0,30dpd_6mob,2024-03-01
CUS_0x88e5_2023_09_01,CUS_0x88e5,0,30dpd_6mob,2024-03-01
CUS_0x8957_2023_09_01,CUS_0x8957,0,30dpd_6mob,2024-03-01
CUS_0x8ac8_2023_09_01,CUS_0x8ac8,0,30dpd_6mob,2024-03-01
CUS_0x8b1f_2023_09_01,CUS_0x8b1f,0,30dpd_6mob,2024-03-01
CUS_0x8b26_2023_09_01,CUS_0x8b26,1,30dpd_6mob,2024-03-01
CUS_0x8b4_2023_09_01,CUS_0x8b4,0,30dpd_6mob,2024-03-01
CUS_0x8b7c_2023_09_01,CUS_0x8b7c,0,30dpd_6mob,2024-03-01
CUS_0x8b90_2023_09_01,CUS_0x8b90,0,30dpd_6mob,2024-03-01
CUS_0x8bc6_2023_09_01,CUS_0x8bc6,1,30dpd_6mob,2024-03-01
CUS_0x8bf2_2023_09_01,CUS_0x8bf2,1,30dpd_6mob,2024-03-01
CUS_0x8c8a_2023_09_01,CUS_0x8c8a,1,30dpd_6mob,2024-03-01
CUS_0x8c90_2023_09_01,CUS_0x8c90,0,30dpd_6mob,2024-03-01
CUS_0x8cc9_2023_09_01,CUS_0x8cc9,0,30dpd_6mob,2024-03-01
CUS_0x8cdf_2023_09_01,CUS_0x8cdf,0,30dpd_6mob,2024-03-01
CUS_0x8ce4_2023_09_01,CUS_0x8ce4,1,30dpd_6mob,2024-03-01
CUS_0x8d04_2023_09_01,CUS_0x8d04,0,30dpd_6mob,2024-03-01
CUS_0x8d17_2023_09_01,CUS_0x8d17,0,30dpd_6mob,2024-03-01
CUS_0x8d2b_2023_09_01,CUS_0x8d2b,1,30dpd_6mob,2024-03-01
CUS_0x8d38_2023_09_01,CUS_0x8d38,0,30dpd_6mob,2024-03-01
CUS_0x8d60_2023_09_01,CUS_0x8d60,1,30dpd_6mob,2024-03-01
CUS_0x8d74_2023_09_01,CUS_0x8d74,0,30dpd_6mob,2024-03-01
CUS_0x8da9_2023_09_01,CUS_0x8da9,0,30dpd_6mob,2024-03-01
CUS_0x8e53_2023_09_01,CUS_0x8e53,1,30dpd_6mob,2024-03-01
CUS_0x8e7f_2023_09_01,CUS_0x8e7f,0,30dpd_6mob,2024-03-01
CUS_0x8eaa_2023_09_01,CUS_0x8eaa,1,30dpd_6mob,2024-03-01
CUS_0x8f59_2023_09_01,CUS_0x8f59,1,30dpd_6mob,2024-03-01
CUS_0x8f9a_2023_09_01,CUS_0x8f9a,0,30dpd_6mob,2024-03-01
CUS_0x8fa7_2023_09_01,CUS_0x8fa7,0,30dpd_6mob,2024-03-01
CUS_0x8fac_2023_09_01,CUS_0x8fac,0,30dpd_6mob,2024-03-01
CUS_0x902d_2023_09_01,CUS_0x902d,0,30dpd_6mob,2024-03-01
CUS_0x904_2023_09_01,CUS_0x904,1,30dpd_6mob,2024-03-01
CUS_0x906a_2023_09_01,CUS_0x906a,0,30dpd_6mob,2024-03-01
CUS_0x90d7_2023_09_01,CUS_0x90d7,0,30dpd_6mob,2024-03-01
CUS_0x910a_2023_09_01,CUS_0x910a,0,30dpd_6mob,2024-03-01
CUS_0x9185_2023_09_01,CUS_0x9185,0,30dpd_6mob,2024-03-01
CUS_0x91c8_2023_09_01,CUS_0x91c8,0,30dpd_6mob,2024-03-01
CUS_0x9228_2023_09_01,CUS_0x9228,0,30dpd_6mob,2024-03-01
CUS_0x92d2_2023_09_01,CUS_0x92d2,0,30dpd_6mob,2024-03-01
CUS_0x92d5_2023_09_01,CUS_0x92d5,0,30dpd_6mob,2024-03-01
CUS_0x9414_2023_09_01,CUS_0x9414,1,30dpd_6mob,2024-03-01
CUS_0x9449_2023_09_01,CUS_0x9449,1,30dpd_6mob,2024-03-01
CUS_0x9506_2023_09_01,CUS_0x9506,0,30dpd_6mob,2024-03-01
CUS_0x9650_2023_09_01,CUS_0x9650,0,30dpd_6mob,2024-03-01
CUS_0x978_2023_09_01,CUS_0x978,0,30dpd_6mob,2024-03-01
CUS_0x9884_2023_09_01,CUS_0x9884,0,30dpd_6mob,2024-03-01
CUS_0x98e4_2023_09_01,CUS_0x98e4,1,30dpd_6mob,2024-03-01
CUS_0x9967_2023_09_01,CUS_0x9967,0,30dpd_6mob,2024-03-01
CUS_0x998f_2023_09_01,CUS_0x998f,0,30dpd_6mob,2024-03-01
CUS_0x9a58_2023_09_01,CUS_0x9a58,0,30dpd_6mob,2024-03-01
CUS_0x9abb_2023_09_01,CUS_0x9abb,1,30dpd_6mob,2024-03-01
CUS_0x9b3c_2023_09_01,CUS_0x9b3c,0,30dpd_6mob,2024-03-01
CUS_0x9b4b_2023_09_01,CUS_0x9b4b,0,30dpd_6mob,2024-03-01
CUS_0x9bb0_2023_09_01,CUS_0x9bb0,0,30dpd_6mob,2024-03-01
CUS_0x9c08_2023_09_01,CUS_0x9c08,0,30dpd_6mob,2024-03-01
CUS_0x9c3a_2023_09_01,CUS_0x9c3a,0,30dpd_6mob,2024-03-01
CUS_0x9c85_2023_09_01,CUS_0x9c85,0,30dpd_6mob,2024-03-01
CUS_0x9cc_2023_09_01,CUS_0x9cc,1,30dpd_6mob,2024-03-01
CUS_0x9cd7_2023_09_01,CUS_0x9cd7,1,30dpd_6mob,2024-03-01
CUS_0x9ce2_2023_09_01,CUS_0x9ce2,0,30dpd_6mob,2024-03-01
CUS_0x9d91_2023_09_01,CUS_0x9d91,0,30dpd_6mob,2024-03-01
CUS_0x9dec_2023_09_01,CUS_0x9dec,0,30dpd_6mob,2024-03-01
CUS_0x9df7_2023_09_01,CUS_0x9df7,0,30dpd_6mob,2024-03-01
CUS_0x9df8_2023_09_01,CUS_0x9df8,0,30dpd_6mob,2024-03-01
CUS_0x9e1a_2023_09_01,CUS_0x9e1a,0,30dpd_6mob,2024-03-01
CUS_0x9e76_2023_09_01,CUS_0x9e76,0,30dpd_6mob,2024-03-01
CUS_0x9e8c_2023_09_01,CUS_0x9e8c,1,30dpd_6mob,2024-03-01
CUS_0x9eb2_2023_09_01,CUS_0x9eb2,0,30dpd_6mob,2024-03-01
CUS_0x9ec2_2023_09_01,CUS_0x9ec2,0,30dpd_6mob,2024-03-01
CUS_0x9ee4_2023_09_01,CUS_0x9ee4,0,30dpd_6mob,2024-03-01
CUS_0x9f8d_2023_09_01,CUS_0x9f8d,0,30dpd_6mob,2024-03-01
CUS_0xa011_2023_09_01,CUS_0xa011,1,30dpd_6mob,2024-03-01
CUS_0xa12e_2023_09_01,CUS_0xa12e,0,30dpd_6mob,2024-03-01
CUS_0xa17a_2023_09_01,CUS_0xa17a,0,30dpd_6mob,2024-03-01
CUS_0xa1df_2023_09_01,CUS_0xa1df,0,30dpd_6mob,2024-03-01
CUS_0xa1ea_2023_09_01,CUS_0xa1ea,0,30dpd_6mob,2024-03-01
CUS_0xa1f4_2023_09_01,CUS_0xa1f4,0,30dpd_6mob,2024-03-01
CUS_0xa213_2023_09_01,CUS_0xa213,1,30dpd_6mob,2024-03-01
CUS_0xa255_2023_09_01,CUS_0xa255,0,30dpd_6mob,2024-03-01
CUS_0xa362_2023_09_01,CUS_0xa362,0,30dpd_6mob,2024-03-01
CUS_0xa3a1_2023_09_01,CUS_0xa3a1,0,30dpd_6mob,2024-03-01
CUS_0xa3ff_2023_09_01,CUS_0xa3ff,0,30dpd_6mob,2024-03-01
CUS_0xa4ae_2023_09_01,CUS_0xa4ae,0,30dpd_6mob,2024-03-01
CUS_0xa5e7_2023_09_01,CUS_0xa5e7,0,30dpd_6mob,2024-03-01
CUS_0xa66d_2023_09_01,CUS_0xa66d,0,30dpd_6mob,2024-03-01
CUS_0xa778_2023_09_01,CUS_0xa778,1,30dpd_6mob,2024-03-01
CUS_0xa79d_2023_09_01,CUS_0xa79d,1,30dpd_6mob,2024-03-01
CUS_0xa7b5_2023_09_01,CUS_0xa7b5,1,30dpd_6mob,2024-03-01
CUS_0xa80_2023_09_01,CUS_0xa80,0,30dpd_6mob,2024-03-01
CUS_0xa877_2023_09_01,CUS_0xa877,0,30dpd_6mob,2024-03-01
CUS_0xa934_2023_09_01,CUS_0xa934,0,30dpd_6mob,2024-03-01
CUS_0xaa0a_2023_09_01,CUS_0xaa0a,0,30dpd_6mob,2024-03-01
CUS_0xaa3b_2023_09_01,CUS_0xaa3b,0,30dpd_6mob,2024-03-01
CUS_0xaa74_2023_09_01,CUS_0xaa74,1,30dpd_6mob,2024-03-01
CUS_0xaa7c_2023_09_01,CUS_0xaa7c,1,30dpd_6mob,2024-03-01
CUS_0xab61_2023_09_01,CUS_0xab61,0,30dpd_6mob,2024-03-01
CUS_0xac08_2023_09_01,CUS_0xac08,1,30dpd_6mob,2024-03-01
CUS_0xad94_2023_09_01,CUS_0xad94,1,30dpd_6mob,2024-03-01
CUS_0xadc8_2023_09_01,CUS_0xadc8,0,30dpd_6mob,2024-03-01
CUS_0xadef_2023_09_01,CUS_0xadef,0,30dpd_6mob,2024-03-01
CUS_0xae25_2023_09_01,CUS_0xae25,0,30dpd_6mob,2024-03-01
CUS_0xaeb8_2023_09_01,CUS_0xaeb8,0,30dpd_6mob,2024-03-01
CUS_0xaeec_2023_09_01,CUS_0xaeec,1,30dpd_6mob,2024-03-01
CUS_0xaff6_2023_09_01,CUS_0xaff6,0,30dpd_6mob,2024-03-01
CUS_0xb213_2023_09_01,CUS_0xb213,1,30dpd_6mob,2024-03-01
CUS_0xb24d_2023_09_01,CUS_0xb24d,0,30dpd_6mob,2024-03-01
CUS_0xb322_2023_09_01,CUS_0xb322,0,30dpd_6mob,2024-03-01
CUS_0xb446_2023_09_01,CUS_0xb446,1,30dpd_6mob,2024-03-01
CUS_0xb49d_2023_09_01,CUS_0xb49d,0,30dpd_6mob,2024-03-01
CUS_0xb529_2023_09_01,CUS_0xb529,1,30dpd_6mob,2024-03-01
CUS_0xb638_2023_09_01,CUS_0xb638,0,30dpd_6mob,2024-03-01
CUS_0xb6b7_2023_09_01,CUS_0xb6b7,0,30dpd_6mob,2024-03-01
CUS_0xb6cd_2023_09_01,CUS_0xb6cd,0,30dpd_6mob,2024-03-01
CUS_0xb747_2023_09_01,CUS_0xb747,0,30dpd_6mob,2024-03-01
CUS_0xb788_2023_09_01,CUS_0xb788,0,30dpd_6mob,2024-03-01
CUS_0xb7a7_2023_09_01,CUS_0xb7a7,0,30dpd_6mob,2024-03-01
CUS_0xb7cf_2023_09_01,CUS_0xb7cf,0,30dpd_6mob,2024-03-01
CUS_0xb7de_2023_09_01,CUS_0xb7de,0,30dpd_6mob,2024-03-01
CUS_0xb80c_2023_09_01,CUS_0xb80c,0,30dpd_6mob,2024-03-01
CUS_0xb80d_2023_09_01,CUS_0xb80d,1,30dpd_6mob,2024-03-01
CUS_0xb90d_2023_09_01,CUS_0xb90d,0,30dpd_6mob,2024-03-01
CUS_0xb912_2023_09_01,CUS_0xb912,0,30dpd_6mob,2024-03-01
CUS_0xb966_2023_09_01,CUS_0xb966,1,30dpd_6mob,2024-03-01
CUS_0xb9bb_2023_09_01,CUS_0xb9bb,1,30dpd_6mob,2024-03-01
CUS_0xba52_2023_09_01,CUS_0xba52,1,30dpd_6mob,2024-03-01
CUS_0xbae6_2023_09_01,CUS_0xbae6,0,30dpd_6mob,2024-03-01
CUS_0xbb0c_2023_09_01,CUS_0xbb0c,0,30dpd_6mob,2024-03-01
CUS_0xbb2_2023_09_01,CUS_0xbb2,1,30dpd_6mob,2024-03-01
CUS_0xbc57_2023_09_01,CUS_0xbc57,0,30dpd_6mob,2024-03-01
CUS_0xbca3_2023_09_01,CUS_0xbca3,0,30dpd_6mob,2024-03-01
CUS_0xbcbc_2023_09_01,CUS_0xbcbc,0,30dpd_6mob,2024-03-01
CUS_0xbce_2023_09_01,CUS_0xbce,1,30dpd_6mob,2024-03-01
CUS_0xbd98_2023_09_01,CUS_0xbd98,0,30dpd_6mob,2024-03-01
CUS_0xbe3b_2023_09_01,CUS_0xbe3b,1,30dpd_6mob,2024-03-01
CUS_0xbe82_2023_09_01,CUS_0xbe82,0,30dpd_6mob,2024-03-01
CUS_0xbf07_2023_09_01,CUS_0xbf07,0,30dpd_6mob,2024-03-01
CUS_0xbfb4_2023_09_01,CUS_0xbfb4,0,30dpd_6mob,2024-03-01
CUS_0xbfb6_2023_09_01,CUS_0xbfb6,0,30dpd_6mob,2024-03-01
CUS_0xbfe0_2023_09_01,CUS_0xbfe0,1,30dpd_6mob,2024-03-01
CUS_0xbfea_2023_09_01,CUS_0xbfea,0,30dpd_6mob,2024-03-01
CUS_0xc049_2023_09_01,CUS_0xc049,0,30dpd_6mob,2024-03-01
CUS_0xc05d_2023_09_01,CUS_0xc05d,1,30dpd_6mob,2024-03-01
CUS_0xc075_2023_09_01,CUS_0xc075,1,30dpd_6mob,2024-03-01
CUS_0xc0c7_2023_09_01,CUS_0xc0c7,0,30dpd_6mob,2024-03-01
CUS_0xc0e2_2023_09_01,CUS_0xc0e2,0,30dpd_6mob,2024-03-01
CUS_0xc122_2023_09_01,CUS_0xc122,1,30dpd_6mob,2024-03-01
CUS_0xc1ec_2023_09_01,CUS_0xc1ec,0,30dpd_6mob,2024-03-01
CUS_0xc1fe_2023_09_01,CUS_0xc1fe,1,30dpd_6mob,2024-03-01
CUS_0xc242_2023_09_01,CUS_0xc242,0,30dpd_6mob,2024-03-01
CUS_0xc26e_2023_09_01,CUS_0xc26e,0,30dpd_6mob,2024-03-01
CUS_0xc2a6_2023_09_01,CUS_0xc2a6,0,30dpd_6mob,2024-03-01
CUS_0xc2b7_2023_09_01,CUS_0xc2b7,1,30dpd_6mob,2024-03-01
CUS_0xc2cb_2023_09_01,CUS_0xc2cb,0,30dpd_6mob,2024-03-01
CUS_0xc2dc_2023_09_01,CUS_0xc2dc,0,30dpd_6mob,2024-03-01
CUS_0xc3b9_2023_09_01,CUS_0xc3b9,0,30dpd_6mob,2024-03-01
CUS_0xc41_2023_09_01,CUS_0xc41,0,30dpd_6mob,2024-03-01
CUS_0xc4dd_2023_09_01,CUS_0xc4dd,0,30dpd_6mob,2024-03-01
CUS_0xc5da_2023_09_01,CUS_0xc5da,0,30dpd_6mob,2024-03-01
CUS_0xc610_2023_09_01,CUS_0xc610,1,30dpd_6mob,2024-03-01
CUS_0xc6ac_2023_09_01,CUS_0xc6ac,0,30dpd_6mob,2024-03-01
CUS_0xc6c7_2023_09_01,CUS_0xc6c7,0,30dpd_6mob,2024-03-01
CUS_0xd19_2023_09_01,CUS_0xd19,0,30dpd_6mob,2024-03-01
CUS_0xd70_2023_09_01,CUS_0xd70,0,30dpd_6mob,2024-03-01
CUS_0xd91_2023_09_01,CUS_0xd91,0,30dpd_6mob,2024-03-01
CUS_0xdf6_2023_09_01,CUS_0xdf6,0,30dpd_6mob,2024-03-01
CUS_0xe23_2023_09_01,CUS_0xe23,0,30dpd_6mob,2024-03-01
CUS_0xe4e_2023_09_01,CUS_0xe4e,0,30dpd_6mob,2024-03-01
CUS_0xedd_2023_09_01,CUS_0xedd,0,30dpd_6mob,2024-03-01
CUS_0xfe4_2023_09_01,CUS_0xfe4,0,30dpd_6mob,2024-03-01
